,inlines,xlines,samples,volume,inlines_x_xlines,inlines_x_samples,xlines_x_samples,diagonal_length,surface_area,log_inlines,log_xlines,log_samples,log_volume,inline_to_xlines_ratio,inlines_to_samples_ratio,xlines_to_samples_ratio,inlines_to_total_ratio,xlines_to_total_ratio,samples_to_total_ratio,mean_inlines_xlines,std_inlines_xlines,quadratic_interaction,log_volume_x_log_diagonal
961,600,100,100,6000000,60000,60000,10000,616.4414002968977,260000,9.228818690495881,6.643856189774724,6.643856189774724,22.516531070045332,6.0,6.0,1.0,0.75,0.125,0.125,350.0,229.13936293319264,36000000000000,144.6818655100489
988,600,200,200,24000000,120000,120000,40000,663.32495807108,560000,9.228818690495881,7.643856189774724,7.643856189774724,24.516531070045332,3.0,3.0,1.0,0.6,0.2,0.2,400.0,229.13936293319264,576000000000000,159.32733154458433
520,300,600,600,108000000,180000,180000,360000,900.0,1440000,8.228818690495881,9.228818690495881,9.228818690495881,26.686456071487644,0.5,0.5,1.0,0.2,0.4,0.4,450.0,229.13936293319264,11664000000000000,181.56144418930012
817,500,300,100,15000000,150000,50000,30000,591.6079783099616,460000,8.965784284662087,8.228818690495881,6.643856189774724,23.838459164932694,1.6666666666666667,5.0,3.0,0.5555555555555556,0.3333333333333333,0.1111111111111111,400.0,229.13936293319264,225000000000000,152.19743155047576
1458,800,600,400,192000000,480000,320000,240000,1077.0329614269008,2080000,9.643856189774725,9.228818690495881,8.643856189774725,27.516531070045332,1.3333333333333333,2.0,1.5,0.4444444444444444,0.3333333333333333,0.2222222222222222,700.0,229.13936293319264,36864000000000000,192.1450012039835
547,300,700,700,147000000,210000,210000,490000,1034.40804327886,1820000,8.228818690495881,9.451211111832329,9.451211111832329,27.13124091416054,0.42857142857142855,0.42857142857142855,1.0,0.17647058823529413,0.4117647058823529,0.4117647058823529,500.0,229.13936293319264,21609000000000000,188.36002028656327
805,500,200,500,50000000,100000,250000,100000,734.8469228349534,900000,8.965784284662087,7.643856189774724,8.965784284662087,25.575424759098897,2.5,1.0,0.4,0.4166666666666667,0.16666666666666666,0.4166666666666667,350.0,229.13936293319264,2500000000000000,168.82394435395813
1054,600,400,800,192000000,240000,480000,320000,1077.0329614269008,2080000,9.228818690495881,8.643856189774725,9.643856189774725,27.516531070045332,1.5,0.75,0.5,0.3333333333333333,0.2222222222222222,0.4444444444444444,500.0,229.13936293319264,36864000000000000,192.1450012039835
352,200,700,600,84000000,140000,120000,420000,943.3981132056604,1360000,7.643856189774724,9.451211111832329,9.228818690495881,26.323885992102934,0.2857142857142857,0.3333333333333333,1.1666666666666667,0.13333333333333333,0.4666666666666667,0.4,450.0,229.13936293319264,7056000000000000,180.33303946368733
1173,700,100,800,56000000,70000,560000,80000,1067.707825203131,1420000,9.451211111832329,6.643856189774724,9.643856189774725,25.73892349138178,7.0,0.875,0.125,0.4375,0.0625,0.5,400.0,229.13936293319264,3136000000000000,179.5085432621431
997,600,200,500,60000000,120000,300000,100000,806.2257748298549,1040000,9.228818690495881,7.643856189774724,8.965784284662087,25.838459164932694,3.0,1.2,0.4,0.46153846153846156,0.15384615384615385,0.38461538461538464,400.0,229.13936293319264,3600000000000000,172.9523981090547
1344,800,100,600,48000000,80000,480000,60000,1004.987562112089,1240000,9.643856189774725,6.643856189774724,9.228818690495881,25.516531070045332,8.0,1.3333333333333333,0.16666666666666666,0.5333333333333333,0.06666666666666667,0.4,450.0,229.13936293319264,2304000000000000,176.41427843741042
1311,700,800,300,168000000,560000,210000,240000,1104.536101718726,2020000,9.451211111832329,9.643856189774725,8.228818690495881,27.323885992102934,0.875,2.3333333333333335,2.6666666666666665,0.3888888888888889,0.4444444444444444,0.16666666666666666,750.0,229.13936293319264,28224000000000000,191.48813349361868
1066,600,500,400,120000000,300000,240000,200000,877.4964387392122,1480000,9.228818690495881,8.965784284662087,8.643856189774725,26.838459164932694,1.2,1.5,1.25,0.4,0.3333333333333333,0.26666666666666666,550.0,229.13936293319264,14400000000000000,181.916762050059
259,200,300,700,42000000,60000,140000,210000,787.4007874011811,820000,7.643856189774724,8.228818690495881,9.451211111832329,25.323885992102934,0.6666666666666666,0.2857142857142857,0.42857142857142855,0.16666666666666666,0.25,0.5833333333333334,250.0,229.13936293319264,1764000000000000,168.910486046836
1294,700,700,500,245000000,490000,350000,350000,1109.0536506409417,2380000,9.451211111832329,9.451211111832329,8.965784284662087,27.868206508326743,1.0,1.4,1.4,0.3684210526315789,0.3684210526315789,0.2631578947368421,700.0,229.13936293319264,60025000000000000,195.41642402878156
226,200,200,400,16000000,40000,80000,80000,489.89794855663564,400000,7.643856189774724,7.643856189774724,8.643856189774725,23.931568569324174,1.0,0.5,0.5,0.25,0.25,0.5,200.0,229.13936293319264,256000000000000,148.28565297846086
1332,800,100,200,16000000,80000,160000,20000,830.6623862918075,520000,9.643856189774725,6.643856189774724,7.643856189774724,23.931568569324174,8.0,4.0,0.5,0.7272727272727273,0.09090909090909091,0.18181818181818182,450.0,229.13936293319264,256000000000000,160.90214404684482
46,100,200,800,16000000,20000,80000,160000,830.6623862918075,520000,6.643856189774724,7.643856189774724,9.643856189774725,23.931568569324174,0.5,0.125,0.25,0.09090909090909091,0.18181818181818182,0.7272727272727273,150.0,229.13936293319264,256000000000000,160.90214404684482
631,400,300,300,36000000,120000,120000,90000,583.09518948453,660000,8.643856189774725,8.228818690495881,8.228818690495881,25.101493570766486,1.3333333333333333,1.3333333333333333,1.0,0.4,0.3,0.3,350.0,229.13936293319264,1296000000000000,159.898119668807
541,300,700,500,105000000,210000,150000,350000,911.0433579144299,1420000,8.228818690495881,9.451211111832329,8.965784284662087,26.645814086990296,0.42857142857142855,0.6,1.4,0.2,0.4666666666666667,0.3333333333333333,500.0,229.13936293319264,11025000000000000,181.6095428131768
1183,700,200,400,56000000,140000,280000,80000,830.6623862918075,1000000,9.451211111832329,7.643856189774724,8.643856189774725,25.73892349138178,3.5,1.75,0.5,0.5384615384615384,0.15384615384615385,0.3076923076923077,450.0,229.13936293319264,3136000000000000,173.05376215621723
58,100,300,400,12000000,30000,40000,120000,509.9019513592785,380000,6.643856189774724,8.228818690495881,8.643856189774725,23.516531070045332,0.3333333333333333,0.25,0.75,0.125,0.375,0.5,200.0,229.13936293319264,144000000000000,146.65326654122597
1482,800,700,400,224000000,560000,320000,280000,1135.7816691600547,2320000,9.643856189774725,9.451211111832329,8.643856189774725,27.73892349138178,1.1428571428571428,2.0,1.75,0.42105263157894735,0.3684210526315789,0.21052631578947367,750.0,229.13936293319264,50176000000000000,195.16985770255872
1021,600,300,500,90000000,180000,300000,150000,836.6600265340755,1260000,9.228818690495881,8.228818690495881,8.965784284662087,26.423421665653848,2.0,1.2,0.6,0.42857142857142855,0.21428571428571427,0.35714285714285715,450.0,229.13936293319264,8100000000000000,177.84580744974232
169,100,800,100,8000000,80000,10000,80000,812.403840463596,340000,6.643856189774724,9.643856189774725,6.643856189774724,22.931568569324174,0.125,1.0,8.0,0.1,0.8,0.1,450.0,229.13936293319264,64000000000000,153.6696628441792
835,500,300,700,105000000,150000,350000,210000,911.0433579144299,1420000,8.965784284662087,8.228818690495881,9.451211111832329,26.645814086990296,1.6666666666666667,0.7142857142857143,0.42857142857142855,0.3333333333333333,0.2,0.4666666666666667,400.0,229.13936293319264,11025000000000000,181.6095428131768
1434,800,500,400,160000000,400000,320000,200000,1024.6950765959598,1840000,9.643856189774725,8.965784284662087,8.643856189774725,27.253496664211536,1.6,2.0,1.25,0.47058823529411764,0.29411764705882354,0.23529411764705882,650.0,229.13936293319264,25600000000000000,188.95192046111265
1286,700,700,200,98000000,490000,140000,140000,1009.9504938362078,1540000,9.451211111832329,9.451211111832329,7.643856189774724,26.54627841343938,1.0,3.5,3.5,0.4375,0.4375,0.125,700.0,229.13936293319264,9604000000000000,183.6643096045745
463,300,400,300,36000000,120000,90000,120000,583.09518948453,660000,8.228818690495881,8.643856189774725,8.228818690495881,25.101493570766486,0.75,1.0,1.3333333333333333,0.3,0.4,0.3,350.0,229.13936293319264,1296000000000000,159.898119668807
76,100,400,200,8000000,40000,20000,80000,458.257569495584,280000,6.643856189774724,8.643856189774725,7.643856189774724,22.931568569324174,0.25,0.5,2.0,0.14285714285714285,0.5714285714285714,0.2857142857142857,250.0,229.13936293319264,64000000000000,140.56159967960087
796,500,200,200,20000000,100000,100000,40000,574.4562646538029,480000,8.965784284662087,7.643856189774724,7.643856189774724,24.253496664211536,2.5,2.5,1.0,0.5555555555555556,0.2222222222222222,0.2222222222222222,350.0,229.13936293319264,400000000000000,154.13493019654635
127,100,600,300,18000000,60000,30000,180000,678.2329983125268,540000,6.643856189774724,9.228818690495881,8.228818690495881,24.101493570766486,0.16666666666666666,0.3333333333333333,2.0,0.1,0.6,0.3,350.0,229.13936293319264,324000000000000,157.1649771730334
937,500,800,100,40000000,400000,50000,80000,948.6832980505138,1060000,8.965784284662087,9.643856189774725,6.643856189774724,25.253496664211536,0.625,5.0,8.0,0.35714285714285715,0.5714285714285714,0.07142857142857142,650.0,229.13936293319264,1600000000000000,173.14121968252448
1226,700,400,300,84000000,280000,210000,120000,860.2325267042627,1220000,9.451211111832329,8.643856189774725,8.228818690495881,26.323885992102934,1.75,2.3333333333333335,1.3333333333333333,0.5,0.2857142857142857,0.21428571428571427,550.0,229.13936293319264,7056000000000000,177.90641748148437
1347,800,100,700,56000000,80000,560000,70000,1067.707825203131,1420000,9.643856189774725,6.643856189774724,9.451211111832329,25.73892349138178,8.0,1.1428571428571428,0.14285714285714285,0.5,0.0625,0.4375,450.0,229.13936293319264,3136000000000000,179.5085432621431
853,500,400,500,100000000,200000,250000,200000,812.403840463596,1300000,8.965784284662087,8.643856189774725,8.965784284662087,26.575424759098897,1.25,1.0,0.8,0.35714285714285715,0.2857142857142857,0.35714285714285715,450.0,229.13936293319264,10000000000000000,178.08797293241312
379,200,800,700,112000000,160000,140000,560000,1081.6653826391969,1720000,7.643856189774724,9.643856189774725,9.451211111832329,26.73892349138178,0.25,0.2857142857142857,1.1428571428571428,0.11764705882352941,0.47058823529411764,0.4117647058823529,500.0,229.13936293319264,12544000000000000,186.8297042391929
1003,600,200,700,84000000,120000,420000,140000,943.3981132056604,1360000,9.228818690495881,7.643856189774724,9.451211111832329,26.323885992102934,3.0,0.8571428571428571,0.2857142857142857,0.4,0.13333333333333333,0.4666666666666667,400.0,229.13936293319264,7056000000000000,180.33303946368733
94,100,400,800,32000000,40000,80000,320000,900.0,880000,6.643856189774724,8.643856189774725,9.643856189774725,24.931568569324174,0.25,0.125,0.5,0.07692307692307693,0.3076923076923077,0.6153846153846154,250.0,229.13936293319264,1024000000000000,169.6220578418198
340,200,700,200,28000000,140000,40000,140000,754.983443527075,640000,7.643856189774724,9.451211111832329,7.643856189774724,24.73892349138178,0.2857142857142857,1.0,3.5,0.18181818181818182,0.6363636363636364,0.18181818181818182,450.0,229.13936293319264,784000000000000,163.9700667122748
766,400,800,800,256000000,320000,320000,640000,1200.0,2560000,8.643856189774725,9.643856189774725,9.643856189774725,27.931568569324174,0.5,0.5,1.0,0.2,0.4,0.4,600.0,229.13936293319264,65536000000000000,198.06023391432134
655,400,400,300,48000000,160000,120000,120000,640.3124237432849,800000,8.643856189774725,8.643856189774725,8.228818690495881,25.516531070045332,1.0,1.3333333333333333,1.3333333333333333,0.36363636363636365,0.36363636363636365,0.2727272727272727,400.0,229.13936293319264,2304000000000000,164.92652568518335
1237,700,400,700,196000000,280000,490000,280000,1067.707825203131,2100000,9.451211111832329,8.643856189774725,9.451211111832329,27.54627841343938,1.75,1.0,0.5714285714285714,0.3888888888888889,0.2222222222222222,0.3888888888888889,550.0,229.13936293319264,38416000000000000,192.11340800424682
172,100,800,200,16000000,80000,20000,160000,830.6623862918075,520000,6.643856189774724,9.643856189774725,7.643856189774724,23.931568569324174,0.125,0.5,4.0,0.09090909090909091,0.7272727272727273,0.18181818181818182,450.0,229.13936293319264,256000000000000,160.90214404684482
1180,700,200,300,42000000,140000,210000,60000,787.4007874011811,820000,9.451211111832329,7.643856189774724,8.228818690495881,25.323885992102934,3.5,2.3333333333333335,0.6666666666666666,0.5833333333333334,0.16666666666666666,0.25,450.0,229.13936293319264,1764000000000000,168.910486046836
73,100,400,100,4000000,40000,10000,40000,424.26406871192853,180000,6.643856189774724,8.643856189774725,6.643856189774724,21.931568569324174,0.25,1.0,4.0,0.16666666666666666,0.6666666666666666,0.16666666666666666,250.0,229.13936293319264,16000000000000,132.7454312843676
52,100,300,200,6000000,30000,20000,60000,374.16573867739413,220000,6.643856189774724,8.228818690495881,7.643856189774724,22.516531070045332,0.3333333333333333,0.5,1.5,0.16666666666666666,0.5,0.3333333333333333,200.0,229.13936293319264,36000000000000,133.463763441989
577,400,100,100,4000000,40000,40000,10000,424.26406871192853,180000,8.643856189774725,6.643856189774724,6.643856189774724,21.931568569324174,4.0,4.0,1.0,0.6666666666666666,0.16666666666666666,0.16666666666666666,250.0,229.13936293319264,16000000000000,132.7454312843676
199,200,100,300,6000000,20000,60000,30000,374.16573867739413,220000,7.643856189774724,6.643856189774724,8.228818690495881,22.516531070045332,2.0,0.6666666666666666,0.3333333333333333,0.3333333333333333,0.16666666666666666,0.5,150.0,229.13936293319264,36000000000000,133.463763441989
859,500,400,700,140000000,200000,350000,280000,948.6832980505138,1660000,8.965784284662087,8.643856189774725,9.451211111832329,27.06085158626914,1.25,0.7142857142857143,0.5714285714285714,0.3125,0.25,0.4375,450.0,229.13936293319264,19600000000000000,185.53267737906353
1253,700,500,500,175000000,350000,350000,250000,994.98743710662,1900000,9.451211111832329,8.965784284662087,8.965784284662087,27.382779681156503,1.4,1.4,1.0,0.4117647058823529,0.29411764705882354,0.29411764705882354,600.0,229.13936293319264,30625000000000000,189.04344473815362
283,200,400,700,56000000,80000,140000,280000,830.6623862918075,1000000,7.643856189774724,8.643856189774725,9.451211111832329,25.73892349138178,0.5,0.2857142857142857,0.5714285714285714,0.15384615384615385,0.3076923076923077,0.5384615384615384,300.0,229.13936293319264,3136000000000000,173.05376215621723
934,500,700,800,280000000,350000,400000,560000,1174.7340124470732,2620000,8.965784284662087,9.451211111832329,9.643856189774725,28.06085158626914,0.7142857142857143,0.625,0.875,0.25,0.35,0.4,600.0,229.13936293319264,78400000000000000,198.38034113403268
1214,700,300,700,147000000,210000,490000,210000,1034.40804327886,1820000,9.451211111832329,8.228818690495881,9.451211111832329,27.13124091416054,2.3333333333333335,1.0,0.42857142857142855,0.4117647058823529,0.17647058823529413,0.4117647058823529,500.0,229.13936293319264,21609000000000000,188.36002028656327
70,100,300,800,24000000,30000,80000,240000,860.2325267042627,700000,6.643856189774724,8.228818690495881,9.643856189774725,24.516531070045332,0.3333333333333333,0.125,0.375,0.08333333333333333,0.25,0.6666666666666666,200.0,229.13936293319264,576000000000000,165.691654076216
814,500,200,800,80000000,100000,400000,160000,964.3650760992955,1320000,8.965784284662087,7.643856189774724,9.643856189774725,26.253496664211536,2.5,0.625,0.25,0.3333333333333333,0.13333333333333333,0.5333333333333333,350.0,229.13936293319264,6400000000000000,180.42732245564312
898,500,600,400,120000000,300000,200000,240000,877.4964387392122,1480000,8.965784284662087,9.228818690495881,8.643856189774725,26.838459164932694,0.8333333333333334,1.25,1.5,0.3333333333333333,0.4,0.26666666666666666,550.0,229.13936293319264,14400000000000000,181.916762050059
1114,600,700,400,168000000,420000,240000,280000,1004.987562112089,1880000,9.228818690495881,9.451211111832329,8.643856189774725,27.323885992102934,0.8571428571428571,1.5,1.75,0.35294117647058826,0.4117647058823529,0.23529411764705882,650.0,229.13936293319264,28224000000000000,188.90983332219625
16,100,100,600,6000000,10000,60000,60000,616.4414002968977,260000,6.643856189774724,6.643856189774724,9.228818690495881,22.516531070045332,1.0,0.16666666666666666,0.16666666666666666,0.125,0.125,0.75,100.0,229.13936293319264,36000000000000,144.6818655100489
349,200,700,500,70000000,140000,100000,350000,883.1760866327846,1180000,7.643856189774724,9.451211111832329,8.965784284662087,26.06085158626914,0.2857142857142857,0.4,1.4,0.14285714285714285,0.5,0.35714285714285715,450.0,229.13936293319264,4900000000000000,176.8139192256871
136,100,600,600,36000000,60000,60000,360000,854.4003745317531,960000,6.643856189774724,9.228818690495881,9.228818690495881,25.101493570766486,0.16666666666666666,0.16666666666666666,1.0,0.07692307692307693,0.46153846153846156,0.46153846153846156,350.0,229.13936293319264,1296000000000000,169.47448175131404
556,300,800,200,48000000,240000,60000,160000,877.4964387392122,920000,8.228818690495881,9.643856189774725,7.643856189774724,25.516531070045332,0.375,1.5,4.0,0.23076923076923078,0.6153846153846154,0.15384615384615385,550.0,229.13936293319264,2304000000000000,172.9564533673934
49,100,300,100,3000000,30000,10000,30000,331.66247903554,140000,6.643856189774724,8.228818690495881,6.643856189774724,21.516531070045332,0.3333333333333333,1.0,3.0,0.2,0.6,0.2,200.0,229.13936293319264,9000000000000,124.94925863546828
1407,800,400,300,96000000,320000,240000,120000,943.3981132056604,1360000,9.643856189774725,8.643856189774725,8.228818690495881,26.516531070045332,2.0,2.6666666666666665,1.3333333333333333,0.5333333333333333,0.26666666666666666,0.2,600.0,229.13936293319264,9216000000000000,181.65276377997913
1096,600,600,600,216000000,360000,360000,360000,1039.2304845413264,2160000,9.228818690495881,9.228818690495881,9.228818690495881,27.686456071487644,1.0,1.0,1.0,0.3333333333333333,0.3333333333333333,0.3333333333333333,600.0,229.13936293319264,46656000000000000,192.34328082163077
10,100,100,400,4000000,10000,40000,40000,424.26406871192853,180000,6.643856189774724,6.643856189774724,8.643856189774725,21.931568569324174,1.0,0.25,0.25,0.16666666666666666,0.16666666666666666,0.6666666666666666,100.0,229.13936293319264,16000000000000,132.7454312843676
703,400,600,300,72000000,240000,120000,180000,781.0249675906655,1080000,8.643856189774725,9.228818690495881,8.228818690495881,26.101493570766486,0.6666666666666666,1.3333333333333333,2.0,0.3076923076923077,0.46153846153846156,0.23076923076923078,500.0,229.13936293319264,5184000000000000,173.88519203139109
1147,600,800,700,336000000,480000,420000,560000,1220.6555615733703,2920000,9.228818690495881,9.643856189774725,9.451211111832329,28.323885992102934,0.75,0.8571428571428571,1.1428571428571428,0.2857142857142857,0.38095238095238093,0.3333333333333333,700.0,229.13936293319264,112896000000000000,201.32511199430604
181,100,800,500,40000000,80000,50000,400000,948.6832980505138,1060000,6.643856189774724,9.643856189774725,8.965784284662087,25.253496664211536,0.125,0.2,1.6,0.07142857142857142,0.5714285714285714,0.35714285714285715,450.0,229.13936293319264,1600000000000000,173.14121968252448
331,200,600,700,84000000,120000,140000,420000,943.3981132056604,1360000,7.643856189774724,9.228818690495881,9.451211111832329,26.323885992102934,0.3333333333333333,0.2857142857142857,0.8571428571428571,0.13333333333333333,0.4,0.4666666666666667,400.0,229.13936293319264,7056000000000000,180.33303946368733
1217,700,300,800,168000000,210000,560000,240000,1104.536101718726,2020000,9.451211111832329,8.228818690495881,9.643856189774725,27.323885992102934,2.3333333333333335,0.875,0.375,0.3888888888888889,0.16666666666666666,0.4444444444444444,500.0,229.13936293319264,28224000000000000,191.48813349361868
1247,700,500,300,105000000,350000,210000,150000,911.0433579144299,1420000,9.451211111832329,8.965784284662087,8.228818690495881,26.645814086990296,1.4,2.3333333333333335,1.6666666666666667,0.4666666666666667,0.3333333333333333,0.2,600.0,229.13936293319264,11025000000000000,181.6095428131768
88,100,400,600,24000000,40000,60000,240000,728.0109889280518,680000,6.643856189774724,8.643856189774725,9.228818690495881,24.516531070045332,0.25,0.16666666666666666,0.6666666666666666,0.09090909090909091,0.36363636363636365,0.5454545454545454,250.0,229.13936293319264,576000000000000,161.60534341319234
823,500,300,300,45000000,150000,150000,90000,655.7438524302,780000,8.965784284662087,8.228818690495881,8.228818690495881,25.423421665653848,1.6666666666666667,1.6666666666666667,1.0,0.45454545454545453,0.2727272727272727,0.2727272727272727,400.0,229.13936293319264,2025000000000000,164.92921255803628
907,500,600,700,210000000,300000,350000,420000,1048.8088481701516,2140000,8.965784284662087,9.228818690495881,9.451211111832329,27.645814086990296,0.8333333333333334,0.7142857142857143,0.8571428571428571,0.2777777777777778,0.3333333333333333,0.3888888888888889,550.0,229.13936293319264,44100000000000000,192.31432864808394
79,100,400,300,12000000,40000,30000,120000,509.9019513592785,380000,6.643856189774724,8.643856189774725,8.228818690495881,23.516531070045332,0.25,0.3333333333333333,1.3333333333333333,0.125,0.5,0.375,250.0,229.13936293319264,144000000000000,146.65326654122597
22,100,100,800,8000000,10000,80000,80000,812.403840463596,340000,6.643856189774724,6.643856189774724,9.643856189774725,22.931568569324174,1.0,0.125,0.125,0.1,0.1,0.8,100.0,229.13936293319264,64000000000000,153.6696628441792
544,300,700,600,126000000,210000,180000,420000,969.5359714832658,1620000,8.228818690495881,9.451211111832329,9.228818690495881,26.90884849282409,0.42857142857142855,0.5,1.1666666666666667,0.1875,0.4375,0.375,500.0,229.13936293319264,15876000000000000,185.07498235025992
1377,800,300,100,24000000,240000,80000,30000,860.2325267042627,700000,9.643856189774725,8.228818690495881,6.643856189774724,24.516531070045332,2.6666666666666665,8.0,3.0,0.6666666666666666,0.25,0.08333333333333333,550.0,229.13936293319264,576000000000000,165.691654076216
325,200,600,500,60000000,120000,100000,300000,806.2257748298549,1040000,7.643856189774724,9.228818690495881,8.965784284662087,25.838459164932694,0.3333333333333333,0.4,1.2,0.15384615384615385,0.46153846153846156,0.38461538461538464,400.0,229.13936293319264,3600000000000000,172.9523981090547
112,100,500,600,30000000,50000,60000,300000,787.4007874011811,820000,6.643856189774724,8.965784284662087,9.228818690495881,24.838459164932694,0.2,0.16666666666666666,0.8333333333333334,0.08333333333333333,0.4166666666666667,0.5,300.0,229.13936293319264,900000000000000,165.67268591840912
472,300,400,600,72000000,120000,180000,240000,781.0249675906655,1080000,8.228818690495881,8.643856189774725,9.228818690495881,26.101493570766486,0.75,0.5,0.6666666666666666,0.23076923076923078,0.3076923076923077,0.46153846153846156,350.0,229.13936293319264,5184000000000000,173.88519203139109
1419,800,400,700,224000000,320000,560000,280000,1135.7816691600547,2320000,9.643856189774725,8.643856189774725,9.451211111832329,27.73892349138178,2.0,1.1428571428571428,0.5714285714285714,0.42105263157894735,0.21052631578947367,0.3684210526315789,600.0,229.13936293319264,50176000000000000,195.16985770255872
355,200,700,700,98000000,140000,140000,490000,1009.9504938362078,1540000,7.643856189774724,9.451211111832329,9.451211111832329,26.54627841343938,0.2857142857142857,0.2857142857142857,1.0,0.125,0.4375,0.4375,450.0,229.13936293319264,9604000000000000,183.6643096045745
343,200,700,300,42000000,140000,60000,210000,787.4007874011811,820000,7.643856189774724,9.451211111832329,8.228818690495881,25.323885992102934,0.2857142857142857,0.6666666666666666,2.3333333333333335,0.16666666666666666,0.5833333333333334,0.25,450.0,229.13936293319264,1764000000000000,168.910486046836
799,500,200,300,30000000,100000,150000,60000,616.4414002968977,620000,8.965784284662087,7.643856189774724,8.228818690495881,24.838459164932694,2.5,1.6666666666666667,0.6666666666666666,0.5,0.2,0.3,350.0,229.13936293319264,900000000000000,159.60160991043807
526,300,600,800,144000000,180000,240000,480000,1044.030650891055,1800000,8.228818690495881,9.228818690495881,9.643856189774725,27.101493570766486,0.5,0.375,0.75,0.17647058823529413,0.35294117647058826,0.47058823529411764,450.0,229.13936293319264,20736000000000000,188.40420352103857
1289,700,700,300,147000000,490000,210000,210000,1034.40804327886,1820000,9.451211111832329,9.451211111832329,8.228818690495881,27.13124091416054,1.0,2.3333333333333335,2.3333333333333335,0.4117647058823529,0.4117647058823529,0.17647058823529413,700.0,229.13936293319264,21609000000000000,188.36002028656327
1048,600,400,600,144000000,240000,360000,240000,938.083151964686,1680000,9.228818690495881,8.643856189774725,9.228818690495881,27.101493570766486,1.5,1.0,0.6666666666666666,0.375,0.25,0.375,500.0,229.13936293319264,20736000000000000,185.50712253528698
433,300,300,100,9000000,90000,30000,30000,435.88989435406734,300000,8.228818690495881,8.228818690495881,6.643856189774724,23.101493570766486,1.0,3.0,3.0,0.42857142857142855,0.42857142857142855,0.14285714285714285,300.0,229.13936293319264,81000000000000,140.44971627767964
1150,600,800,800,384000000,480000,480000,640000,1280.6248474865697,3200000,9.228818690495881,9.643856189774725,9.643856189774725,28.516531070045332,0.75,0.75,1.0,0.2727272727272727,0.36363636363636365,0.36363636363636365,700.0,229.13936293319264,147456000000000000,204.06098739276584
1277,700,600,600,252000000,420000,420000,360000,1100.0,2400000,9.451211111832329,9.228818690495881,9.228818690495881,27.90884849282409,1.1666666666666667,1.1666666666666667,1.0,0.3684210526315789,0.3157894736842105,0.3157894736842105,650.0,229.13936293319264,63504000000000000,195.47285302945167
634,400,300,400,48000000,120000,160000,120000,640.3124237432849,800000,8.643856189774725,8.228818690495881,8.643856189774725,25.516531070045332,1.3333333333333333,1.0,0.75,0.36363636363636365,0.2727272727272727,0.36363636363636365,350.0,229.13936293319264,2304000000000000,164.92652568518335
964,600,100,200,12000000,60000,120000,20000,640.3124237432849,400000,9.228818690495881,6.643856189774724,7.643856189774724,23.516531070045332,6.0,3.0,0.5,0.6666666666666666,0.1111111111111111,0.2222222222222222,350.0,229.13936293319264,144000000000000,151.99949220775304
1455,800,600,300,144000000,480000,240000,180000,1044.030650891055,1800000,9.643856189774725,9.228818690495881,8.228818690495881,27.101493570766486,1.3333333333333333,2.6666666666666665,2.0,0.47058823529411764,0.35294117647058826,0.17647058823529413,700.0,229.13936293319264,20736000000000000,188.40420352103857
1353,800,200,100,16000000,160000,80000,20000,830.6623862918075,520000,9.643856189774725,7.643856189774724,6.643856189774724,23.931568569324174,4.0,8.0,2.0,0.7272727272727273,0.18181818181818182,0.09090909090909091,500.0,229.13936293319264,256000000000000,160.90214404684482
424,300,200,600,36000000,60000,180000,120000,700.0,720000,8.228818690495881,7.643856189774724,9.228818690495881,25.101493570766486,1.5,0.5,0.3333333333333333,0.2727272727272727,0.18181818181818182,0.5454545454545454,250.0,229.13936293319264,1296000000000000,164.47773459879545
1123,600,700,700,294000000,420000,420000,490000,1157.5836902790224,2660000,9.228818690495881,9.451211111832329,9.451211111832329,28.13124091416054,0.8571428571428571,0.8571428571428571,1.0,0.3,0.35,0.35,650.0,229.13936293319264,86436000000000000,198.46459883853973
202,200,100,400,8000000,20000,80000,40000,458.257569495584,280000,7.643856189774724,6.643856189774724,8.643856189774725,22.931568569324174,2.0,0.5,0.25,0.2857142857142857,0.14285714285714285,0.5714285714285714,150.0,229.13936293319264,64000000000000,140.56159967960087
1093,600,600,500,180000000,360000,300000,300000,984.8857801796105,1920000,9.228818690495881,9.228818690495881,8.965784284662087,27.423421665653848,1.0,1.2,1.2,0.35294117647058826,0.35294117647058826,0.29411764705882354,600.0,229.13936293319264,32400000000000000,189.04446807324598
505,300,600,100,18000000,180000,30000,60000,678.2329983125268,540000,8.228818690495881,9.228818690495881,6.643856189774724,24.101493570766486,0.5,3.0,6.0,0.3,0.6,0.1,450.0,229.13936293319264,324000000000000,157.1649771730334
1500,800,800,200,128000000,640000,160000,160000,1148.9125293076058,1920000,9.643856189774725,9.643856189774725,7.643856189774724,26.931568569324174,1.0,4.0,4.0,0.4444444444444444,0.4444444444444444,0.1111111111111111,800.0,229.13936293319264,16384000000000000,189.79864475782966
1317,700,800,500,280000000,560000,350000,400000,1174.7340124470732,2620000,9.451211111832329,9.643856189774725,8.965784284662087,28.06085158626914,0.875,1.4,1.6,0.35,0.4,0.25,750.0,229.13936293319264,78400000000000000,198.38034113403268
685,400,500,500,100000000,200000,200000,250000,812.403840463596,1300000,8.643856189774725,8.965784284662087,8.965784284662087,26.575424759098897,0.8,0.8,1.0,0.2857142857142857,0.35714285714285715,0.35714285714285715,450.0,229.13936293319264,10000000000000000,178.08797293241312
580,400,100,200,8000000,40000,80000,20000,458.257569495584,280000,8.643856189774725,6.643856189774724,7.643856189774724,22.931568569324174,4.0,2.0,0.5,0.5714285714285714,0.14285714285714285,0.2857142857142857,250.0,229.13936293319264,64000000000000,140.56159967960087
244,200,300,200,12000000,60000,40000,60000,412.31056256176606,320000,7.643856189774724,8.228818690495881,7.643856189774724,23.516531070045332,0.6666666666666666,1.0,1.5,0.2857142857142857,0.42857142857142855,0.2857142857142857,250.0,229.13936293319264,144000000000000,141.66826948939985
328,200,600,600,72000000,120000,120000,360000,871.7797887081347,1200000,7.643856189774724,9.228818690495881,9.228818690495881,26.101493570766486,0.3333333333333333,0.3333333333333333,1.0,0.14285714285714285,0.42857142857142855,0.42857142857142855,400.0,229.13936293319264,5184000000000000,176.75104752854608
1269,700,600,300,126000000,420000,210000,180000,969.5359714832658,1620000,9.451211111832329,9.228818690495881,8.228818690495881,26.90884849282409,1.1666666666666667,2.3333333333333335,2.0,0.4375,0.375,0.1875,650.0,229.13936293319264,15876000000000000,185.07498235025992
436,300,300,200,18000000,90000,60000,60000,469.041575982343,420000,8.228818690495881,8.228818690495881,7.643856189774724,24.101493570766486,1.0,1.5,1.5,0.375,0.375,0.25,300.0,229.13936293319264,324000000000000,148.292179396723
277,200,400,500,40000000,80000,100000,200000,670.820393249937,760000,7.643856189774724,8.643856189774725,8.965784284662087,25.253496664211536,0.5,0.4,0.8,0.18181818181818182,0.36363636363636365,0.45454545454545453,300.0,229.13936293319264,1600000000000000,164.40003683212797
457,300,400,100,12000000,120000,30000,40000,509.9019513592785,380000,8.228818690495881,8.643856189774725,6.643856189774724,23.516531070045332,0.75,3.0,4.0,0.375,0.5,0.125,350.0,229.13936293319264,144000000000000,146.65326654122597
1413,800,400,500,160000000,320000,400000,200000,1024.6950765959598,1840000,9.643856189774725,8.643856189774725,8.965784284662087,27.253496664211536,2.0,1.6,0.8,0.47058823529411764,0.23529411764705882,0.29411764705882354,600.0,229.13936293319264,25600000000000000,188.95192046111265
745,400,800,100,32000000,320000,40000,80000,900.0,880000,8.643856189774725,9.643856189774725,6.643856189774724,24.931568569324174,0.5,4.0,8.0,0.3076923076923077,0.6153846153846154,0.07692307692307693,600.0,229.13936293319264,1024000000000000,169.6220578418198
250,200,300,400,24000000,60000,80000,120000,538.5164807134504,520000,7.643856189774724,8.228818690495881,8.643856189774725,24.516531070045332,0.6666666666666666,0.5,0.75,0.2222222222222222,0.3333333333333333,0.4444444444444444,250.0,229.13936293319264,576000000000000,154.22548820422688
310,200,500,800,80000000,100000,160000,400000,964.3650760992955,1320000,7.643856189774724,8.965784284662087,9.643856189774725,26.253496664211536,0.4,0.25,0.625,0.13333333333333333,0.3333333333333333,0.5333333333333333,350.0,229.13936293319264,6400000000000000,180.42732245564312
496,300,500,600,90000000,150000,180000,300000,836.6600265340755,1260000,8.228818690495881,8.965784284662087,9.228818690495881,26.423421665653848,0.6,0.5,0.8333333333333334,0.21428571428571427,0.35714285714285715,0.42857142857142855,400.0,229.13936293319264,8100000000000000,177.84580744974232
490,300,500,400,60000000,150000,120000,200000,707.1067811865476,940000,8.228818690495881,8.965784284662087,8.643856189774725,25.838459164932694,0.6,0.75,1.25,0.25,0.4166666666666667,0.3333333333333333,400.0,229.13936293319264,3600000000000000,169.56734042249263
598,400,100,800,32000000,40000,320000,80000,900.0,880000,8.643856189774725,6.643856189774724,9.643856189774725,24.931568569324174,4.0,0.5,0.125,0.3076923076923077,0.07692307692307693,0.6153846153846154,250.0,229.13936293319264,1024000000000000,169.6220578418198
736,400,700,600,168000000,280000,240000,420000,1004.987562112089,1880000,8.643856189774725,9.451211111832329,9.228818690495881,27.323885992102934,0.5714285714285714,0.6666666666666666,1.1666666666666667,0.23529411764705882,0.4117647058823529,0.35294117647058826,550.0,229.13936293319264,28224000000000000,188.90983332219625
223,200,200,300,12000000,40000,60000,60000,412.31056256176606,320000,7.643856189774724,7.643856189774724,8.228818690495881,23.516531070045332,1.0,0.6666666666666666,0.6666666666666666,0.2857142857142857,0.2857142857142857,0.42857142857142855,200.0,229.13936293319264,144000000000000,141.66826948939985
949,500,800,500,200000000,400000,250000,400000,1067.707825203131,2100000,8.965784284662087,9.643856189774725,8.965784284662087,27.575424759098897,0.625,1.0,1.6,0.2777777777777778,0.4444444444444444,0.2777777777777778,650.0,229.13936293319264,40000000000000000,192.31668061013133
688,400,500,600,120000000,200000,240000,300000,877.4964387392122,1480000,8.643856189774725,8.965784284662087,9.228818690495881,26.838459164932694,0.8,0.6666666666666666,0.8333333333333334,0.26666666666666666,0.3333333333333333,0.4,450.0,229.13936293319264,14400000000000000,181.916762050059
1428,800,500,200,80000000,400000,160000,100000,964.3650760992955,1320000,9.643856189774725,8.965784284662087,7.643856189774724,26.253496664211536,1.6,4.0,2.5,0.5333333333333333,0.3333333333333333,0.13333333333333333,650.0,229.13936293319264,6400000000000000,180.42732245564312
358,200,700,800,112000000,140000,160000,560000,1081.6653826391969,1720000,7.643856189774724,9.451211111832329,9.643856189774725,26.73892349138178,0.2857142857142857,0.25,0.875,0.11764705882352941,0.4117647058823529,0.47058823529411764,450.0,229.13936293319264,12544000000000000,186.8297042391929
1153,700,100,100,7000000,70000,70000,10000,714.142842854285,300000,9.451211111832329,6.643856189774724,6.643856189774724,22.73892349138178,7.0,7.0,1.0,0.7777777777777778,0.1111111111111111,0.1111111111111111,400.0,229.13936293319264,49000000000000,149.45117223538585
1266,700,600,200,84000000,420000,140000,120000,943.3981132056604,1360000,9.451211111832329,9.228818690495881,7.643856189774724,26.323885992102934,1.1666666666666667,3.5,3.0,0.4666666666666667,0.4,0.13333333333333333,650.0,229.13936293319264,7056000000000000,180.33303946368733
784,500,100,600,30000000,50000,300000,60000,787.4007874011811,820000,8.965784284662087,6.643856189774724,9.228818690495881,24.838459164932694,5.0,0.8333333333333334,0.16666666666666666,0.4166666666666667,0.08333333333333333,0.5,300.0,229.13936293319264,900000000000000,165.67268591840912
1087,600,600,300,108000000,360000,180000,180000,900.0,1440000,9.228818690495881,9.228818690495881,8.228818690495881,26.686456071487644,1.0,2.0,2.0,0.4,0.4,0.2,600.0,229.13936293319264,11664000000000000,181.56144418930012
1223,700,400,200,56000000,280000,140000,80000,830.6623862918075,1000000,9.451211111832329,8.643856189774725,7.643856189774724,25.73892349138178,1.75,3.5,2.0,0.5384615384615384,0.3076923076923077,0.15384615384615385,550.0,229.13936293319264,3136000000000000,173.05376215621723
1006,600,200,800,96000000,120000,480000,160000,1019.803902718557,1520000,9.228818690495881,7.643856189774724,9.643856189774725,26.516531070045332,3.0,0.75,0.25,0.375,0.125,0.5,400.0,229.13936293319264,9216000000000000,183.71569496680777
787,500,100,700,35000000,50000,350000,70000,866.0254037844386,940000,8.965784284662087,6.643856189774724,9.451211111832329,25.06085158626914,5.0,0.7142857142857143,0.14285714285714285,0.38461538461538464,0.07692307692307693,0.5384615384615384,300.0,229.13936293319264,1225000000000000,169.53837206440093
1416,800,400,600,192000000,320000,480000,240000,1077.0329614269008,2080000,9.643856189774725,8.643856189774725,9.228818690495881,27.516531070045332,2.0,1.3333333333333333,0.6666666666666666,0.4444444444444444,0.2222222222222222,0.3333333333333333,600.0,229.13936293319264,36864000000000000,192.1450012039835
1243,700,500,100,35000000,350000,70000,50000,866.0254037844386,940000,9.451211111832329,8.965784284662087,6.643856189774724,25.06085158626914,1.4,7.0,5.0,0.5384615384615384,0.38461538461538464,0.07692307692307693,600.0,229.13936293319264,1225000000000000,169.53837206440093
1175,700,200,100,14000000,140000,70000,20000,734.8469228349534,460000,9.451211111832329,7.643856189774724,6.643856189774724,23.73892349138178,3.5,7.0,2.0,0.7,0.2,0.1,450.0,229.13936293319264,196000000000000,156.701158877375
841,500,400,100,20000000,200000,50000,40000,648.074069840786,580000,8.965784284662087,8.643856189774725,6.643856189774724,24.253496664211536,1.25,5.0,4.0,0.5,0.4,0.1,450.0,229.13936293319264,400000000000000,157.05465366776156
109,100,500,500,25000000,50000,50000,250000,714.142842854285,700000,6.643856189774724,8.965784284662087,8.965784284662087,24.575424759098897,0.2,0.2,1.0,0.09090909090909091,0.45454545454545453,0.45454545454545453,300.0,229.13936293319264,625000000000000,161.5215443168136
589,400,100,500,20000000,40000,200000,50000,648.074069840786,580000,8.643856189774725,6.643856189774724,8.965784284662087,24.253496664211536,4.0,0.8,0.2,0.4,0.1,0.5,250.0,229.13936293319264,400000000000000,157.05465366776156
418,300,200,400,24000000,60000,120000,80000,538.5164807134504,520000,8.228818690495881,7.643856189774724,8.643856189774725,24.516531070045332,1.5,0.75,0.5,0.3333333333333333,0.2222222222222222,0.4444444444444444,250.0,229.13936293319264,576000000000000,154.22548820422688
1120,600,700,600,252000000,420000,360000,420000,1100.0,2400000,9.228818690495881,9.451211111832329,9.228818690495881,27.90884849282409,0.8571428571428571,1.0,1.1666666666666667,0.3157894736842105,0.3684210526315789,0.3157894736842105,650.0,229.13936293319264,63504000000000000,195.47285302945167
1452,800,600,200,96000000,480000,160000,120000,1019.803902718557,1520000,9.643856189774725,9.228818690495881,7.643856189774724,26.516531070045332,1.3333333333333333,4.0,3.0,0.5,0.375,0.125,700.0,229.13936293319264,9216000000000000,183.71569496680777
874,500,500,400,100000000,250000,200000,200000,812.403840463596,1300000,8.965784284662087,8.965784284662087,8.643856189774725,26.575424759098897,1.0,1.25,1.25,0.35714285714285715,0.35714285714285715,0.2857142857142857,500.0,229.13936293319264,10000000000000000,178.08797293241312
1111,600,700,300,126000000,420000,180000,210000,969.5359714832658,1620000,9.228818690495881,9.451211111832329,8.228818690495881,26.90884849282409,0.8571428571428571,2.0,2.3333333333333335,0.375,0.4375,0.1875,650.0,229.13936293319264,15876000000000000,185.07498235025992
178,100,800,400,32000000,80000,40000,320000,900.0,880000,6.643856189774724,9.643856189774725,8.643856189774725,24.931568569324174,0.125,0.25,2.0,0.07692307692307693,0.6153846153846154,0.3076923076923077,450.0,229.13936293319264,1024000000000000,169.6220578418198
1368,800,200,600,96000000,160000,480000,120000,1019.803902718557,1520000,9.643856189774725,7.643856189774724,9.228818690495881,26.516531070045332,4.0,1.3333333333333333,0.3333333333333333,0.5,0.125,0.375,500.0,229.13936293319264,9216000000000000,183.71569496680777
334,200,600,800,96000000,120000,160000,480000,1019.803902718557,1520000,7.643856189774724,9.228818690495881,9.643856189774725,26.516531070045332,0.3333333333333333,0.25,0.75,0.125,0.375,0.5,400.0,229.13936293319264,9216000000000000,183.71569496680777
268,200,400,200,16000000,80000,40000,80000,489.89794855663564,400000,7.643856189774724,8.643856189774725,7.643856189774724,23.931568569324174,0.5,1.0,2.0,0.25,0.5,0.25,300.0,229.13936293319264,256000000000000,148.28565297846086
1240,700,400,800,224000000,280000,560000,320000,1135.7816691600547,2320000,9.451211111832329,8.643856189774725,9.643856189774725,27.73892349138178,1.75,0.875,0.5,0.3684210526315789,0.21052631578947367,0.42105263157894735,550.0,229.13936293319264,50176000000000000,195.16985770255872
19,100,100,700,7000000,10000,70000,70000,714.142842854285,300000,6.643856189774724,6.643856189774724,9.451211111832329,22.73892349138178,1.0,0.14285714285714285,0.14285714285714285,0.1111111111111111,0.1111111111111111,0.7777777777777778,100.0,229.13936293319264,49000000000000,149.45117223538585
1108,600,700,200,84000000,420000,120000,140000,943.3981132056604,1360000,9.228818690495881,9.451211111832329,7.643856189774724,26.323885992102934,0.8571428571428571,3.0,3.5,0.4,0.4666666666666667,0.13333333333333333,650.0,229.13936293319264,7056000000000000,180.33303946368733
1060,600,500,200,60000000,300000,120000,100000,806.2257748298549,1040000,9.228818690495881,8.965784284662087,7.643856189774724,25.838459164932694,1.2,3.0,2.5,0.46153846153846156,0.38461538461538464,0.15384615384615385,550.0,229.13936293319264,3600000000000000,172.9523981090547
1039,600,400,300,72000000,240000,180000,120000,781.0249675906655,1080000,9.228818690495881,8.643856189774725,8.228818690495881,26.101493570766486,1.5,2.0,1.3333333333333333,0.46153846153846156,0.3076923076923077,0.23076923076923078,500.0,229.13936293319264,5184000000000000,173.88519203139109
475,300,400,700,84000000,120000,210000,280000,860.2325267042627,1220000,8.228818690495881,8.643856189774725,9.451211111832329,26.323885992102934,0.75,0.42857142857142855,0.5714285714285714,0.21428571428571427,0.2857142857142857,0.5,350.0,229.13936293319264,7056000000000000,177.90641748148437
451,300,300,700,63000000,90000,210000,210000,818.535277187245,1020000,8.228818690495881,8.228818690495881,9.451211111832329,25.90884849282409,1.0,0.42857142857142855,0.42857142857142855,0.23076923076923078,0.23076923076923078,0.5384615384615384,300.0,229.13936293319264,3969000000000000,173.81566202679855
1171,700,100,700,49000000,70000,490000,70000,994.98743710662,1260000,9.451211111832329,6.643856189774724,9.451211111832329,25.54627841343938,7.0,1.0,0.14285714285714285,0.4666666666666667,0.06666666666666667,0.4666666666666667,400.0,229.13936293319264,2401000000000000,176.36472731217432
115,100,500,700,35000000,50000,70000,350000,866.0254037844386,940000,6.643856189774724,8.965784284662087,9.451211111832329,25.06085158626914,0.2,0.14285714285714285,0.7142857142857143,0.07692307692307693,0.38461538461538464,0.5384615384615384,300.0,229.13936293319264,1225000000000000,169.53837206440093
967,600,100,300,18000000,60000,180000,30000,678.2329983125268,540000,9.228818690495881,6.643856189774724,8.228818690495881,24.101493570766486,6.0,2.0,0.3333333333333333,0.6,0.1,0.3,350.0,229.13936293319264,324000000000000,157.1649771730334
595,400,100,700,28000000,40000,280000,70000,812.403840463596,780000,8.643856189774725,6.643856189774724,9.451211111832329,24.73892349138178,4.0,0.5714285714285714,0.14285714285714285,0.3333333333333333,0.08333333333333333,0.5833333333333334,250.0,229.13936293319264,784000000000000,165.78115973863453
1326,700,800,800,448000000,560000,560000,640000,1330.413469565007,3520000,9.451211111832329,9.643856189774725,9.643856189774725,28.73892349138178,0.875,0.875,1.0,0.30434782608695654,0.34782608695652173,0.34782608695652173,750.0,229.13936293319264,200704000000000000,206.7477125955091
439,300,300,300,27000000,90000,90000,90000,519.6152422706632,540000,8.228818690495881,8.228818690495881,8.228818690495881,24.686456071487644,1.0,1.0,1.0,0.3333333333333333,0.3333333333333333,0.3333333333333333,300.0,229.13936293319264,729000000000000,154.4140609535923
1203,700,300,300,63000000,210000,210000,90000,818.535277187245,1020000,9.451211111832329,8.228818690495881,8.228818690495881,25.90884849282409,2.3333333333333335,2.3333333333333335,1.0,0.5384615384615384,0.23076923076923078,0.23076923076923078,500.0,229.13936293319264,3969000000000000,173.81566202679855
442,300,300,400,36000000,90000,120000,120000,583.09518948453,660000,8.228818690495881,8.228818690495881,8.643856189774725,25.101493570766486,1.0,0.75,0.75,0.3,0.3,0.4,300.0,229.13936293319264,1296000000000000,159.898119668807
943,500,800,300,120000000,400000,150000,240000,989.9494936611666,1580000,8.965784284662087,9.643856189774725,8.228818690495881,26.838459164932694,0.625,1.6666666666666667,2.6666666666666665,0.3125,0.5,0.1875,650.0,229.13936293319264,14400000000000000,185.1495004625695
1443,800,500,700,280000000,400000,560000,350000,1174.7340124470732,2620000,9.643856189774725,8.965784284662087,9.451211111832329,28.06085158626914,1.6,1.1428571428571428,0.7142857142857143,0.4,0.25,0.35,650.0,229.13936293319264,78400000000000000,198.38034113403268
370,200,800,400,64000000,160000,80000,320000,916.515138991168,1120000,7.643856189774724,9.643856189774725,8.643856189774725,25.931568569324174,0.25,0.5,2.0,0.14285714285714285,0.5714285714285714,0.2857142857142857,500.0,229.13936293319264,4096000000000000,176.8965795066965
1132,600,800,200,96000000,480000,120000,160000,1019.803902718557,1520000,9.228818690495881,9.643856189774725,7.643856189774724,26.516531070045332,0.75,3.0,4.0,0.375,0.5,0.125,700.0,229.13936293319264,9216000000000000,183.71569496680777
289,200,500,100,10000000,100000,20000,50000,547.7225575051662,340000,7.643856189774724,8.965784284662087,6.643856189774724,23.253496664211536,0.4,2.0,5.0,0.25,0.625,0.125,350.0,229.13936293319264,100000000000000,146.67359171589615
430,300,200,800,48000000,60000,240000,160000,877.4964387392122,920000,8.228818690495881,7.643856189774724,9.643856189774725,25.516531070045332,1.5,0.375,0.25,0.23076923076923078,0.15384615384615385,0.6153846153846154,250.0,229.13936293319264,2304000000000000,172.9564533673934
718,400,600,800,192000000,240000,320000,480000,1077.0329614269008,2080000,8.643856189774725,9.228818690495881,9.643856189774725,27.516531070045332,0.6666666666666666,0.5,0.75,0.2222222222222222,0.3333333333333333,0.4444444444444444,500.0,229.13936293319264,36864000000000000,192.1450012039835
1208,700,300,500,105000000,210000,350000,150000,911.0433579144299,1420000,9.451211111832329,8.228818690495881,8.965784284662087,26.645814086990296,2.3333333333333335,1.4,0.6,0.4666666666666667,0.2,0.3333333333333333,500.0,229.13936293319264,11025000000000000,181.6095428131768
292,200,500,200,20000000,100000,40000,100000,574.4562646538029,480000,7.643856189774724,8.965784284662087,7.643856189774724,24.253496664211536,0.4,1.0,2.5,0.2222222222222222,0.5555555555555556,0.2222222222222222,350.0,229.13936293319264,400000000000000,154.13493019654635
1075,600,500,700,210000000,300000,420000,350000,1048.8088481701516,2140000,9.228818690495881,8.965784284662087,9.451211111832329,27.645814086990296,1.2,0.8571428571428571,0.7142857142857143,0.3333333333333333,0.2777777777777778,0.3888888888888889,550.0,229.13936293319264,44100000000000000,192.31432864808394
367,200,800,300,48000000,160000,60000,240000,877.4964387392122,920000,7.643856189774724,9.643856189774725,8.228818690495881,25.516531070045332,0.25,0.6666666666666666,2.6666666666666665,0.15384615384615385,0.6153846153846154,0.23076923076923078,500.0,229.13936293319264,2304000000000000,172.9564533673934
550,300,700,800,168000000,210000,240000,560000,1104.536101718726,2020000,8.228818690495881,9.451211111832329,9.643856189774725,27.323885992102934,0.42857142857142855,0.375,0.875,0.16666666666666666,0.3888888888888889,0.4444444444444444,500.0,229.13936293319264,28224000000000000,191.48813349361868
607,400,200,300,24000000,80000,120000,60000,538.5164807134504,520000,8.643856189774725,7.643856189774724,8.228818690495881,24.516531070045332,2.0,1.3333333333333333,0.6666666666666666,0.4444444444444444,0.2222222222222222,0.3333333333333333,300.0,229.13936293319264,576000000000000,154.22548820422688
739,400,700,700,196000000,280000,280000,490000,1067.707825203131,2100000,8.643856189774725,9.451211111832329,9.451211111832329,27.54627841343938,0.5714285714285714,0.5714285714285714,1.0,0.2222222222222222,0.3888888888888889,0.3888888888888889,550.0,229.13936293319264,38416000000000000,192.11340800424682
1422,800,400,800,256000000,320000,640000,320000,1200.0,2560000,9.643856189774725,8.643856189774725,9.643856189774725,27.931568569324174,2.0,1.0,0.5,0.4,0.2,0.4,600.0,229.13936293319264,65536000000000000,198.06023391432134
916,500,700,200,70000000,350000,100000,140000,883.1760866327846,1180000,8.965784284662087,9.451211111832329,7.643856189774724,26.06085158626914,0.7142857142857143,2.5,3.5,0.35714285714285715,0.5,0.14285714285714285,600.0,229.13936293319264,4900000000000000,176.8139192256871
1102,600,600,800,288000000,360000,480000,480000,1166.19037896906,2640000,9.228818690495881,9.228818690495881,9.643856189774725,28.101493570766486,1.0,0.75,0.75,0.3,0.3,0.4,600.0,229.13936293319264,82944000000000000,198.4627167236927
922,500,700,400,140000000,350000,200000,280000,948.6832980505138,1660000,8.965784284662087,9.451211111832329,8.643856189774725,27.06085158626914,0.7142857142857143,1.25,1.75,0.3125,0.4375,0.25,600.0,229.13936293319264,19600000000000000,185.53267737906353
1211,700,300,600,126000000,210000,420000,180000,969.5359714832658,1620000,9.451211111832329,8.228818690495881,9.228818690495881,26.90884849282409,2.3333333333333335,1.1666666666666667,0.5,0.4375,0.1875,0.375,500.0,229.13936293319264,15876000000000000,185.07498235025992
871,500,500,300,75000000,250000,150000,150000,768.1145747868608,1100000,8.965784284662087,8.965784284662087,8.228818690495881,26.160387259820055,1.0,1.6666666666666667,1.6666666666666667,0.38461538461538464,0.38461538461538464,0.23076923076923078,500.0,229.13936293319264,5625000000000000,173.84205053500645
376,200,800,600,96000000,160000,120000,480000,1019.803902718557,1520000,7.643856189774724,9.643856189774725,9.228818690495881,26.516531070045332,0.25,0.3333333333333333,1.3333333333333333,0.125,0.5,0.375,500.0,229.13936293319264,9216000000000000,183.71569496680777
931,500,700,700,245000000,350000,350000,490000,1109.0536506409417,2380000,8.965784284662087,9.451211111832329,9.451211111832329,27.868206508326743,0.7142857142857143,0.7142857142857143,1.0,0.2631578947368421,0.3684210526315789,0.3684210526315789,600.0,229.13936293319264,60025000000000000,195.41642402878156
670,400,400,800,128000000,160000,320000,320000,979.7958971132713,1600000,8.643856189774725,8.643856189774725,9.643856189774725,26.931568569324174,1.0,0.5,0.5,0.25,0.25,0.5,400.0,229.13936293319264,16384000000000000,185.51445768348705
1274,700,600,500,210000000,420000,350000,300000,1048.8088481701516,2140000,9.451211111832329,9.228818690495881,8.965784284662087,27.645814086990296,1.1666666666666667,1.4,1.2,0.3888888888888889,0.3333333333333333,0.2777777777777778,650.0,229.13936293319264,44100000000000000,192.31432864808394
658,400,400,400,64000000,160000,160000,160000,692.8203230275509,960000,8.643856189774725,8.643856189774725,8.643856189774725,25.931568569324174,1.0,1.0,1.0,0.3333333333333333,0.3333333333333333,0.3333333333333333,400.0,229.13936293319264,4096000000000000,169.64984569050375
388,300,100,200,6000000,30000,60000,20000,374.16573867739413,220000,8.228818690495881,6.643856189774724,7.643856189774724,22.516531070045332,3.0,1.5,0.5,0.5,0.16666666666666666,0.3333333333333333,200.0,229.13936293319264,36000000000000,133.463763441989
1300,700,700,700,343000000,490000,490000,490000,1212.4355652982142,2940000,9.451211111832329,9.451211111832329,9.451211111832329,28.353633335496987,1.0,1.0,1.0,0.3333333333333333,0.3333333333333333,0.3333333333333333,700.0,229.13936293319264,117649000000000000,201.34513082042224
1229,700,400,400,112000000,280000,280000,160000,900.0,1440000,9.451211111832329,8.643856189774725,8.643856189774725,26.73892349138178,1.75,1.75,1.0,0.4666666666666667,0.26666666666666666,0.26666666666666666,550.0,229.13936293319264,12544000000000000,181.91840655640303
1009,600,300,100,18000000,180000,60000,30000,678.2329983125268,540000,9.228818690495881,8.228818690495881,6.643856189774724,24.101493570766486,2.0,6.0,3.0,0.6,0.3,0.1,450.0,229.13936293319264,324000000000000,157.1649771730334
1159,700,100,300,21000000,70000,210000,30000,768.1145747868608,620000,9.451211111832329,6.643856189774724,8.228818690495881,24.323885992102934,7.0,2.3333333333333335,0.3333333333333333,0.6363636363636364,0.09090909090909091,0.2727272727272727,400.0,229.13936293319264,441000000000000,161.6380589419447
892,500,600,200,60000000,300000,100000,120000,806.2257748298549,1040000,8.965784284662087,9.228818690495881,7.643856189774724,25.838459164932694,0.8333333333333334,2.5,3.0,0.38461538461538464,0.46153846153846156,0.15384615384615385,550.0,229.13936293319264,3600000000000000,172.9523981090547
1395,800,300,700,168000000,240000,560000,210000,1104.536101718726,2020000,9.643856189774725,8.228818690495881,9.451211111832329,27.323885992102934,2.6666666666666665,1.1428571428571428,0.42857142857142855,0.4444444444444444,0.16666666666666666,0.3888888888888889,550.0,229.13936293319264,28224000000000000,191.48813349361868
904,500,600,600,180000000,300000,300000,360000,984.8857801796105,1920000,8.965784284662087,9.228818690495881,9.228818690495881,27.423421665653848,0.8333333333333334,0.8333333333333334,1.0,0.29411764705882354,0.35294117647058826,0.35294117647058826,550.0,229.13936293319264,32400000000000000,189.04446807324598
883,500,500,700,175000000,250000,350000,350000,994.98743710662,1900000,8.965784284662087,8.965784284662087,9.451211111832329,27.382779681156503,1.0,0.7142857142857143,0.7142857142857143,0.29411764705882354,0.29411764705882354,0.4117647058823529,500.0,229.13936293319264,30625000000000000,189.04344473815362
1126,600,700,800,336000000,420000,480000,560000,1220.6555615733703,2920000,9.228818690495881,9.451211111832329,9.643856189774725,28.323885992102934,0.8571428571428571,0.75,0.875,0.2857142857142857,0.3333333333333333,0.38095238095238093,650.0,229.13936293319264,112896000000000000,201.32511199430604
1512,800,800,600,384000000,640000,480000,480000,1280.6248474865697,3200000,9.643856189774725,9.643856189774725,9.228818690495881,28.516531070045332,1.0,1.3333333333333333,1.3333333333333333,0.36363636363636365,0.36363636363636365,0.2727272727272727,800.0,229.13936293319264,147456000000000000,204.06098739276584
337,200,700,100,14000000,140000,20000,70000,734.8469228349534,460000,7.643856189774724,9.451211111832329,6.643856189774724,23.73892349138178,0.2857142857142857,2.0,7.0,0.2,0.7,0.1,450.0,229.13936293319264,196000000000000,156.701158877375
538,300,700,400,84000000,210000,120000,280000,860.2325267042627,1220000,8.228818690495881,9.451211111832329,8.643856189774725,26.323885992102934,0.42857142857142855,0.75,1.75,0.21428571428571427,0.5,0.2857142857142857,500.0,229.13936293319264,7056000000000000,177.90641748148437
1335,800,100,300,24000000,80000,240000,30000,860.2325267042627,700000,9.643856189774725,6.643856189774724,8.228818690495881,24.516531070045332,8.0,2.6666666666666665,0.3333333333333333,0.6666666666666666,0.08333333333333333,0.25,450.0,229.13936293319264,576000000000000,165.691654076216
1042,600,400,400,96000000,240000,240000,160000,824.6211251235321,1280000,9.228818690495881,8.643856189774725,8.643856189774725,26.516531070045332,1.5,1.5,1.0,0.42857142857142855,0.2857142857142857,0.2857142857142857,500.0,229.13936293319264,9216000000000000,178.08862843738208
1015,600,300,300,54000000,180000,180000,90000,734.8469228349534,900000,9.228818690495881,8.228818690495881,8.228818690495881,25.686456071487644,2.0,2.0,1.0,0.5,0.25,0.25,450.0,229.13936293319264,2916000000000000,169.55686450214046
1464,800,600,600,288000000,480000,480000,360000,1166.19037896906,2640000,9.643856189774725,9.228818690495881,9.228818690495881,28.101493570766486,1.3333333333333333,1.3333333333333333,1.0,0.4,0.3,0.3,700.0,229.13936293319264,82944000000000000,198.4627167236927
1105,600,700,100,42000000,420000,60000,70000,927.3618495495704,1100000,9.228818690495881,9.451211111832329,6.643856189774724,25.323885992102934,0.8571428571428571,6.0,7.0,0.42857142857142855,0.5,0.07142857142857142,650.0,229.13936293319264,1764000000000000,173.04878904990613
700,400,600,200,48000000,240000,80000,120000,748.3314773547883,880000,8.643856189774725,9.228818690495881,7.643856189774724,25.516531070045332,0.6666666666666666,2.0,3.0,0.3333333333333333,0.5,0.16666666666666666,500.0,229.13936293319264,2304000000000000,168.89854901243746
1479,800,700,300,168000000,560000,240000,210000,1104.536101718726,2020000,9.643856189774725,9.451211111832329,8.228818690495881,27.323885992102934,1.1428571428571428,2.6666666666666665,2.3333333333333335,0.4444444444444444,0.3888888888888889,0.16666666666666666,750.0,229.13936293319264,28224000000000000,191.48813349361868
1365,800,200,500,80000000,160000,400000,100000,964.3650760992955,1320000,9.643856189774725,7.643856189774724,8.965784284662087,26.253496664211536,4.0,1.6,0.4,0.5333333333333333,0.13333333333333333,0.3333333333333333,500.0,229.13936293319264,6400000000000000,180.42732245564312
493,300,500,500,75000000,150000,150000,250000,768.1145747868608,1100000,8.228818690495881,8.965784284662087,8.965784284662087,26.160387259820055,0.6,0.6,1.0,0.23076923076923078,0.38461538461538464,0.38461538461538464,400.0,229.13936293319264,5625000000000000,173.84205053500645
409,300,200,100,6000000,60000,30000,20000,374.16573867739413,220000,8.228818690495881,7.643856189774724,6.643856189774724,22.516531070045332,1.5,3.0,2.0,0.5,0.3333333333333333,0.16666666666666666,250.0,229.13936293319264,36000000000000,133.463763441989
592,400,100,600,24000000,40000,240000,60000,728.0109889280518,680000,8.643856189774725,6.643856189774724,9.228818690495881,24.516531070045332,4.0,0.6666666666666666,0.16666666666666666,0.36363636363636365,0.09090909090909091,0.5454545454545454,250.0,229.13936293319264,576000000000000,161.60534341319234
775,500,100,300,15000000,50000,150000,30000,591.6079783099616,460000,8.965784284662087,6.643856189774724,8.228818690495881,23.838459164932694,5.0,1.6666666666666667,0.3333333333333333,0.5555555555555556,0.1111111111111111,0.3333333333333333,300.0,229.13936293319264,225000000000000,152.19743155047576
697,400,600,100,24000000,240000,40000,60000,728.0109889280518,680000,8.643856189774725,9.228818690495881,6.643856189774724,24.516531070045332,0.6666666666666666,4.0,6.0,0.36363636363636365,0.5454545454545454,0.09090909090909091,500.0,229.13936293319264,576000000000000,161.60534341319234
346,200,700,400,56000000,140000,80000,280000,830.6623862918075,1000000,7.643856189774724,9.451211111832329,8.643856189774725,25.73892349138178,0.2857142857142857,0.5,1.75,0.15384615384615385,0.5384615384615384,0.3076923076923077,450.0,229.13936293319264,3136000000000000,173.05376215621723
361,200,800,100,16000000,160000,20000,80000,830.6623862918075,520000,7.643856189774724,9.643856189774725,6.643856189774724,23.931568569324174,0.25,2.0,8.0,0.18181818181818182,0.7272727272727273,0.09090909090909091,500.0,229.13936293319264,256000000000000,160.90214404684482
1072,600,500,600,180000000,300000,360000,300000,984.8857801796105,1920000,9.228818690495881,8.965784284662087,9.228818690495881,27.423421665653848,1.2,1.0,0.8333333333333334,0.35294117647058826,0.29411764705882354,0.35294117647058826,550.0,229.13936293319264,32400000000000000,189.04446807324598
673,400,500,100,20000000,200000,40000,50000,648.074069840786,580000,8.643856189774725,8.965784284662087,6.643856189774724,24.253496664211536,0.8,4.0,5.0,0.4,0.5,0.1,450.0,229.13936293319264,400000000000000,157.05465366776156
1232,700,400,500,140000000,280000,350000,200000,948.6832980505138,1660000,9.451211111832329,8.643856189774725,8.965784284662087,27.06085158626914,1.75,1.4,0.8,0.4375,0.25,0.3125,550.0,229.13936293319264,19600000000000000,185.53267737906353
1063,600,500,300,90000000,300000,180000,150000,836.6600265340755,1260000,9.228818690495881,8.965784284662087,8.228818690495881,26.423421665653848,1.2,2.0,1.6666666666666667,0.42857142857142855,0.35714285714285715,0.21428571428571427,550.0,229.13936293319264,8100000000000000,177.84580744974232
382,200,800,800,128000000,160000,160000,640000,1148.9125293076058,1920000,7.643856189774724,9.643856189774725,9.643856189774725,26.931568569324174,0.25,0.25,1.0,0.1111111111111111,0.4444444444444444,0.4444444444444444,500.0,229.13936293319264,16384000000000000,189.79864475782966
856,500,400,600,120000000,200000,300000,240000,877.4964387392122,1480000,8.965784284662087,8.643856189774725,9.228818690495881,26.838459164932694,1.25,0.8333333333333334,0.6666666666666666,0.3333333333333333,0.26666666666666666,0.4,450.0,229.13936293319264,14400000000000000,181.916762050059
1255,700,500,600,210000000,350000,420000,300000,1048.8088481701516,2140000,9.451211111832329,8.965784284662087,9.228818690495881,27.645814086990296,1.4,1.1666666666666667,0.8333333333333334,0.3888888888888889,0.2777777777777778,0.3333333333333333,600.0,229.13936293319264,44100000000000000,192.31432864808394
322,200,600,400,48000000,120000,80000,240000,748.3314773547883,880000,7.643856189774724,9.228818690495881,8.643856189774725,25.516531070045332,0.3333333333333333,0.5,1.5,0.16666666666666666,0.5,0.3333333333333333,400.0,229.13936293319264,2304000000000000,168.89854901243746
1197,700,300,100,21000000,210000,70000,30000,768.1145747868608,620000,9.451211111832329,8.228818690495881,6.643856189774724,24.323885992102934,2.3333333333333335,7.0,3.0,0.6363636363636364,0.2727272727272727,0.09090909090909091,500.0,229.13936293319264,441000000000000,161.6380589419447
1000,600,200,600,72000000,120000,360000,120000,871.7797887081347,1200000,9.228818690495881,7.643856189774724,9.228818690495881,26.101493570766486,3.0,1.0,0.3333333333333333,0.42857142857142855,0.14285714285714285,0.42857142857142855,400.0,229.13936293319264,5184000000000000,176.75104752854608
400,300,100,600,18000000,30000,180000,60000,678.2329983125268,540000,8.228818690495881,6.643856189774724,9.228818690495881,24.101493570766486,3.0,0.5,0.16666666666666666,0.3,0.1,0.6,200.0,229.13936293319264,324000000000000,157.1649771730334
1473,800,700,100,56000000,560000,80000,70000,1067.707825203131,1420000,9.643856189774725,9.451211111832329,6.643856189774724,25.73892349138178,1.1428571428571428,8.0,7.0,0.5,0.4375,0.0625,750.0,229.13936293319264,3136000000000000,179.5085432621431
133,100,600,500,30000000,60000,50000,300000,787.4007874011811,820000,6.643856189774724,9.228818690495881,8.965784284662087,24.838459164932694,0.16666666666666666,0.2,1.2,0.08333333333333333,0.5,0.4166666666666667,350.0,229.13936293319264,900000000000000,165.67268591840912
1401,800,400,100,32000000,320000,80000,40000,900.0,880000,9.643856189774725,8.643856189774725,6.643856189774724,24.931568569324174,2.0,8.0,4.0,0.6153846153846154,0.3076923076923077,0.07692307692307693,600.0,229.13936293319264,1024000000000000,169.6220578418198
196,200,100,200,4000000,20000,40000,20000,300.0,160000,7.643856189774724,6.643856189774724,7.643856189774724,21.931568569324174,2.0,1.0,0.5,0.4,0.2,0.4,150.0,229.13936293319264,16000000000000,125.1658801040338
850,500,400,400,80000000,200000,200000,160000,754.983443527075,1120000,8.965784284662087,8.643856189774725,8.643856189774725,26.253496664211536,1.25,1.25,1.0,0.38461538461538464,0.3076923076923077,0.3076923076923077,450.0,229.13936293319264,6400000000000000,174.00868719938015
256,200,300,600,36000000,60000,120000,180000,700.0,720000,7.643856189774724,8.228818690495881,9.228818690495881,25.101493570766486,0.6666666666666666,0.3333333333333333,0.5,0.18181818181818182,0.2727272727272727,0.5454545454545454,250.0,229.13936293319264,1296000000000000,164.47773459879545
727,400,700,300,84000000,280000,120000,210000,860.2325267042627,1220000,8.643856189774725,9.451211111832329,8.228818690495881,26.323885992102934,0.5714285714285714,1.3333333333333333,2.3333333333333335,0.2857142857142857,0.5,0.21428571428571427,550.0,229.13936293319264,7056000000000000,177.90641748148437
559,300,800,300,72000000,240000,90000,240000,905.5385138137417,1140000,8.228818690495881,9.643856189774725,8.228818690495881,26.101493570766486,0.375,1.0,2.6666666666666665,0.21428571428571427,0.5714285714285714,0.21428571428571427,550.0,229.13936293319264,5184000000000000,177.74160542601524
1177,700,200,200,28000000,140000,140000,40000,754.983443527075,640000,9.451211111832329,7.643856189774724,7.643856189774724,24.73892349138178,3.5,3.5,1.0,0.6363636363636364,0.18181818181818182,0.18181818181818182,450.0,229.13936293319264,784000000000000,163.9700667122748
478,300,400,800,96000000,120000,240000,320000,943.3981132056604,1360000,8.228818690495881,8.643856189774725,9.643856189774725,26.516531070045332,0.75,0.375,0.5,0.2,0.26666666666666666,0.5333333333333333,350.0,229.13936293319264,9216000000000000,181.65276377997913
37,100,200,500,10000000,20000,50000,100000,547.7225575051662,340000,6.643856189774724,7.643856189774724,8.965784284662087,23.253496664211536,0.5,0.2,0.4,0.125,0.25,0.625,150.0,229.13936293319264,100000000000000,146.67359171589615
106,100,500,400,20000000,50000,40000,200000,648.074069840786,580000,6.643856189774724,8.965784284662087,8.643856189774725,24.253496664211536,0.2,0.25,1.25,0.1,0.5,0.4,300.0,229.13936293319264,400000000000000,157.05465366776156
85,100,400,500,20000000,40000,50000,200000,648.074069840786,580000,6.643856189774724,8.643856189774725,8.965784284662087,24.253496664211536,0.25,0.2,0.8,0.1,0.4,0.5,250.0,229.13936293319264,400000000000000,157.05465366776156
511,300,600,300,54000000,180000,90000,180000,734.8469228349534,900000,8.228818690495881,9.228818690495881,8.228818690495881,25.686456071487644,0.5,1.0,2.0,0.25,0.5,0.25,450.0,229.13936293319264,2916000000000000,169.55686450214046
427,300,200,700,42000000,60000,210000,140000,787.4007874011811,820000,8.228818690495881,7.643856189774724,9.451211111832329,25.323885992102934,1.5,0.42857142857142855,0.2857142857142857,0.25,0.16666666666666666,0.5833333333333334,250.0,229.13936293319264,1764000000000000,168.910486046836
1220,700,400,100,28000000,280000,70000,40000,812.403840463596,780000,9.451211111832329,8.643856189774725,6.643856189774724,24.73892349138178,1.75,7.0,4.0,0.5833333333333334,0.3333333333333333,0.08333333333333333,550.0,229.13936293319264,784000000000000,165.78115973863453
1245,700,500,200,70000000,350000,140000,100000,883.1760866327846,1180000,9.451211111832329,8.965784284662087,7.643856189774724,26.06085158626914,1.4,3.5,2.5,0.5,0.35714285714285715,0.14285714285714285,600.0,229.13936293319264,4900000000000000,176.8139192256871
664,400,400,600,96000000,160000,240000,240000,824.6211251235321,1280000,8.643856189774725,8.643856189774725,9.228818690495881,26.516531070045332,1.0,0.6666666666666666,0.6666666666666666,0.2857142857142857,0.2857142857142857,0.42857142857142855,400.0,229.13936293319264,9216000000000000,178.08862843738208
286,200,400,800,64000000,80000,160000,320000,916.515138991168,1120000,7.643856189774724,8.643856189774725,9.643856189774725,25.931568569324174,0.5,0.25,0.5,0.14285714285714285,0.2857142857142857,0.5714285714285714,300.0,229.13936293319264,4096000000000000,176.8965795066965
154,100,700,400,28000000,70000,40000,280000,812.403840463596,780000,6.643856189774724,9.451211111832329,8.643856189774725,24.73892349138178,0.14285714285714285,0.25,1.75,0.08333333333333333,0.5833333333333334,0.3333333333333333,400.0,229.13936293319264,784000000000000,165.78115973863453
721,400,700,100,28000000,280000,40000,70000,812.403840463596,780000,8.643856189774725,9.451211111832329,6.643856189774724,24.73892349138178,0.5714285714285714,4.0,7.0,0.3333333333333333,0.5833333333333334,0.08333333333333333,550.0,229.13936293319264,784000000000000,165.78115973863453
1144,600,800,600,288000000,480000,360000,480000,1166.19037896906,2640000,9.228818690495881,9.643856189774725,9.228818690495881,28.101493570766486,0.75,1.0,1.3333333333333333,0.3,0.4,0.3,700.0,229.13936293319264,82944000000000000,198.4627167236927
1165,700,100,500,35000000,70000,350000,50000,866.0254037844386,940000,9.451211111832329,6.643856189774724,8.965784284662087,25.06085158626914,7.0,1.4,0.2,0.5384615384615384,0.07692307692307693,0.38461538461538464,400.0,229.13936293319264,1225000000000000,169.53837206440093
535,300,700,300,63000000,210000,90000,210000,818.535277187245,1020000,8.228818690495881,9.451211111832329,8.228818690495881,25.90884849282409,0.42857142857142855,1.0,2.3333333333333335,0.23076923076923078,0.5384615384615384,0.23076923076923078,500.0,229.13936293319264,3969000000000000,173.81566202679855
124,100,600,200,12000000,60000,20000,120000,640.3124237432849,400000,6.643856189774724,9.228818690495881,7.643856189774724,23.516531070045332,0.16666666666666666,0.5,3.0,0.1111111111111111,0.6666666666666666,0.2222222222222222,350.0,229.13936293319264,144000000000000,151.99949220775304
1323,700,800,700,392000000,560000,490000,560000,1272.7922061357856,3220000,9.451211111832329,9.643856189774725,9.451211111832329,28.54627841343938,0.875,1.0,1.1428571428571428,0.3181818181818182,0.36363636363636365,0.3181818181818182,750.0,229.13936293319264,153664000000000000,204.09886025938067
1188,700,200,600,84000000,140000,420000,120000,943.3981132056604,1360000,9.451211111832329,7.643856189774724,9.228818690495881,26.323885992102934,3.5,1.1666666666666667,0.3333333333333333,0.4666666666666667,0.13333333333333333,0.4,450.0,229.13936293319264,7056000000000000,180.33303946368733
619,400,200,700,56000000,80000,280000,140000,830.6623862918075,1000000,8.643856189774725,7.643856189774724,9.451211111832329,25.73892349138178,2.0,0.5714285714285714,0.2857142857142857,0.3076923076923077,0.15384615384615385,0.5384615384615384,300.0,229.13936293319264,3136000000000000,173.05376215621723
847,500,400,300,60000000,200000,150000,120000,707.1067811865476,940000,8.965784284662087,8.643856189774725,8.228818690495881,25.838459164932694,1.25,1.6666666666666667,1.3333333333333333,0.4166666666666667,0.3333333333333333,0.25,450.0,229.13936293319264,3600000000000000,169.56734042249263
763,400,800,700,224000000,320000,280000,560000,1135.7816691600547,2320000,8.643856189774725,9.643856189774725,9.451211111832329,27.73892349138178,0.5,0.5714285714285714,1.1428571428571428,0.21052631578947367,0.42105263157894735,0.3684210526315789,600.0,229.13936293319264,50176000000000000,195.16985770255872
1258,700,500,700,245000000,350000,490000,350000,1109.0536506409417,2380000,9.451211111832329,8.965784284662087,9.451211111832329,27.868206508326743,1.4,1.0,0.7142857142857143,0.3684210526315789,0.2631578947368421,0.3684210526315789,600.0,229.13936293319264,60025000000000000,195.41642402878156
13,100,100,500,5000000,10000,50000,50000,519.6152422706632,220000,6.643856189774724,6.643856189774724,8.965784284662087,22.253496664211536,1.0,0.2,0.2,0.14285714285714285,0.14285714285714285,0.7142857142857143,100.0,229.13936293319264,25000000000000,139.19587244063456
769,500,100,100,5000000,50000,50000,10000,519.6152422706632,220000,8.965784284662087,6.643856189774724,6.643856189774724,22.253496664211536,5.0,5.0,1.0,0.7142857142857143,0.14285714285714285,0.14285714285714285,300.0,229.13936293319264,25000000000000,139.19587244063456
1425,800,500,100,40000000,400000,80000,50000,948.6832980505138,1060000,9.643856189774725,8.965784284662087,6.643856189774724,25.253496664211536,1.6,8.0,5.0,0.5714285714285714,0.35714285714285715,0.07142857142857142,650.0,229.13936293319264,1600000000000000,173.14121968252448
301,200,500,500,50000000,100000,100000,250000,734.8469228349534,900000,7.643856189774724,8.965784284662087,8.965784284662087,25.575424759098897,0.4,0.4,1.0,0.16666666666666666,0.4166666666666667,0.4166666666666667,350.0,229.13936293319264,2500000000000000,168.82394435395813
679,400,500,300,60000000,200000,120000,150000,707.1067811865476,940000,8.643856189774725,8.965784284662087,8.228818690495881,25.838459164932694,0.8,1.3333333333333333,1.6666666666666667,0.3333333333333333,0.4166666666666667,0.25,450.0,229.13936293319264,3600000000000000,169.56734042249263
1297,700,700,600,294000000,490000,420000,420000,1157.5836902790224,2660000,9.451211111832329,9.451211111832329,9.228818690495881,28.13124091416054,1.0,1.1666666666666667,1.1666666666666667,0.35,0.35,0.3,700.0,229.13936293319264,86436000000000000,198.46459883853973
640,400,300,600,72000000,120000,240000,180000,781.0249675906655,1080000,8.643856189774725,8.228818690495881,9.228818690495881,26.101493570766486,1.3333333333333333,0.6666666666666666,0.5,0.3076923076923077,0.23076923076923078,0.46153846153846156,350.0,229.13936293319264,5184000000000000,173.88519203139109
1284,700,700,100,49000000,490000,70000,70000,994.98743710662,1260000,9.451211111832329,9.451211111832329,6.643856189774724,25.54627841343938,1.0,7.0,7.0,0.4666666666666667,0.4666666666666667,0.06666666666666667,700.0,229.13936293319264,2401000000000000,176.36472731217432
514,300,600,400,72000000,180000,120000,240000,781.0249675906655,1080000,8.228818690495881,9.228818690495881,8.643856189774725,26.101493570766486,0.5,0.75,1.5,0.23076923076923078,0.46153846153846156,0.3076923076923077,450.0,229.13936293319264,5184000000000000,173.88519203139109
295,200,500,300,30000000,100000,60000,150000,616.4414002968977,620000,7.643856189774724,8.965784284662087,8.228818690495881,24.838459164932694,0.4,0.6666666666666666,1.6666666666666667,0.2,0.5,0.3,350.0,229.13936293319264,900000000000000,159.60160991043807
877,500,500,500,125000000,250000,250000,250000,866.0254037844386,1500000,8.965784284662087,8.965784284662087,8.965784284662087,26.897352853986263,1.0,1.0,1.0,0.3333333333333333,0.3333333333333333,0.3333333333333333,500.0,229.13936293319264,15625000000000000,181.96242853156275
646,400,300,800,96000000,120000,320000,240000,943.3981132056604,1360000,8.643856189774725,8.228818690495881,9.643856189774725,26.516531070045332,1.3333333333333333,0.5,0.375,0.26666666666666666,0.2,0.5333333333333333,350.0,229.13936293319264,9216000000000000,181.65276377997913
184,100,800,600,48000000,80000,60000,480000,1004.987562112089,1240000,6.643856189774724,9.643856189774725,9.228818690495881,25.516531070045332,0.125,0.16666666666666666,1.3333333333333333,0.06666666666666667,0.5333333333333333,0.4,450.0,229.13936293319264,2304000000000000,176.41427843741042
142,100,600,800,48000000,60000,80000,480000,1004.987562112089,1240000,6.643856189774724,9.228818690495881,9.643856189774725,25.516531070045332,0.16666666666666666,0.125,0.75,0.06666666666666667,0.4,0.5333333333333333,350.0,229.13936293319264,2304000000000000,176.41427843741042
97,100,500,100,5000000,50000,10000,50000,519.6152422706632,220000,6.643856189774724,8.965784284662087,6.643856189774724,22.253496664211536,0.2,1.0,5.0,0.14285714285714285,0.7142857142857143,0.14285714285714285,300.0,229.13936293319264,25000000000000,139.19587244063456
802,500,200,400,40000000,100000,200000,80000,670.820393249937,760000,8.965784284662087,7.643856189774724,8.643856189774725,25.253496664211536,2.5,1.25,0.5,0.45454545454545453,0.18181818181818182,0.36363636363636365,350.0,229.13936293319264,1600000000000000,164.40003683212797
982,600,100,800,48000000,60000,480000,80000,1004.987562112089,1240000,9.228818690495881,6.643856189774724,9.643856189774725,25.516531070045332,6.0,0.75,0.125,0.4,0.06666666666666667,0.5333333333333333,350.0,229.13936293319264,2304000000000000,176.41427843741042
601,400,200,100,8000000,80000,40000,20000,458.257569495584,280000,8.643856189774725,7.643856189774724,6.643856189774724,22.931568569324174,2.0,4.0,2.0,0.5714285714285714,0.2857142857142857,0.14285714285714285,300.0,229.13936293319264,64000000000000,140.56159967960087
1356,800,200,200,32000000,160000,160000,40000,848.5281374238571,720000,9.643856189774725,7.643856189774724,7.643856189774724,24.931568569324174,4.0,4.0,1.0,0.6666666666666666,0.16666666666666666,0.16666666666666666,500.0,229.13936293319264,1024000000000000,168.15547839788312
82,100,400,400,16000000,40000,40000,160000,574.4562646538029,480000,6.643856189774724,8.643856189774725,8.643856189774725,23.931568569324174,0.25,0.25,1.0,0.1111111111111111,0.4444444444444444,0.4444444444444444,250.0,229.13936293319264,256000000000000,152.08902460525113
1194,700,200,800,112000000,140000,560000,160000,1081.6653826391969,1720000,9.451211111832329,7.643856189774724,9.643856189774725,26.73892349138178,3.5,0.875,0.25,0.4117647058823529,0.11764705882352941,0.47058823529411764,450.0,229.13936293319264,12544000000000000,186.8297042391929
691,400,500,700,140000000,200000,280000,350000,948.6832980505138,1660000,8.643856189774725,8.965784284662087,9.451211111832329,27.06085158626914,0.8,0.5714285714285714,0.7142857142857143,0.25,0.3125,0.4375,450.0,229.13936293319264,19600000000000000,185.53267737906353
781,500,100,500,25000000,50000,250000,50000,714.142842854285,700000,8.965784284662087,6.643856189774724,8.965784284662087,24.575424759098897,5.0,1.0,0.2,0.45454545454545453,0.09090909090909091,0.45454545454545453,300.0,229.13936293319264,625000000000000,161.5215443168136
1135,600,800,300,144000000,480000,180000,240000,1044.030650891055,1800000,9.228818690495881,9.643856189774725,8.228818690495881,27.101493570766486,0.75,2.0,2.6666666666666665,0.35294117647058826,0.47058823529411764,0.17647058823529413,700.0,229.13936293319264,20736000000000000,188.40420352103857
865,500,500,100,25000000,250000,50000,50000,714.142842854285,700000,8.965784284662087,8.965784284662087,6.643856189774724,24.575424759098897,1.0,5.0,5.0,0.45454545454545453,0.45454545454545453,0.09090909090909091,500.0,229.13936293319264,625000000000000,161.5215443168136
487,300,500,300,45000000,150000,90000,150000,655.7438524302,780000,8.228818690495881,8.965784284662087,8.228818690495881,25.423421665653848,0.6,1.0,1.6666666666666667,0.2727272727272727,0.45454545454545453,0.2727272727272727,400.0,229.13936293319264,2025000000000000,164.92921255803628
1515,800,800,700,448000000,640000,560000,560000,1330.413469565007,3520000,9.643856189774725,9.643856189774725,9.451211111832329,28.73892349138178,1.0,1.1428571428571428,1.1428571428571428,0.34782608695652173,0.34782608695652173,0.30434782608695654,800.0,229.13936293319264,200704000000000000,206.7477125955091
415,300,200,300,18000000,60000,90000,60000,469.041575982343,420000,8.228818690495881,7.643856189774724,8.228818690495881,24.101493570766486,1.5,1.0,0.6666666666666666,0.375,0.25,0.375,250.0,229.13936293319264,324000000000000,148.292179396723
187,100,800,700,56000000,80000,70000,560000,1067.707825203131,1420000,6.643856189774724,9.643856189774725,9.451211111832329,25.73892349138178,0.125,0.14285714285714285,1.1428571428571428,0.0625,0.5,0.4375,450.0,229.13936293319264,3136000000000000,179.5085432621431
406,300,100,800,24000000,30000,240000,80000,860.2325267042627,700000,8.228818690495881,6.643856189774724,9.643856189774725,24.516531070045332,3.0,0.375,0.125,0.25,0.08333333333333333,0.6666666666666666,200.0,229.13936293319264,576000000000000,165.691654076216
385,300,100,100,3000000,30000,30000,10000,331.66247903554,140000,8.228818690495881,6.643856189774724,6.643856189774724,21.516531070045332,3.0,3.0,1.0,0.6,0.2,0.2,200.0,229.13936293319264,9000000000000,124.94925863546828
1449,800,600,100,48000000,480000,80000,60000,1004.987562112089,1240000,9.643856189774725,9.228818690495881,6.643856189774724,25.516531070045332,1.3333333333333333,8.0,6.0,0.5333333333333333,0.4,0.06666666666666667,700.0,229.13936293319264,2304000000000000,176.41427843741042
25,100,200,100,2000000,20000,10000,20000,244.94897427831782,100000,6.643856189774724,7.643856189774724,6.643856189774724,20.931568569324174,0.5,1.0,2.0,0.25,0.5,0.25,150.0,229.13936293319264,4000000000000,115.23088243076079
979,600,100,700,42000000,60000,420000,70000,927.3618495495704,1100000,9.228818690495881,6.643856189774724,9.451211111832329,25.323885992102934,6.0,0.8571428571428571,0.14285714285714285,0.42857142857142855,0.07142857142857142,0.5,350.0,229.13936293319264,1764000000000000,173.04878904990613
1410,800,400,400,128000000,320000,320000,160000,979.7958971132713,1600000,9.643856189774725,8.643856189774725,8.643856189774725,26.931568569324174,2.0,2.0,1.0,0.5,0.25,0.25,600.0,229.13936293319264,16384000000000000,185.51445768348705
193,200,100,100,2000000,20000,20000,10000,244.94897427831782,100000,7.643856189774724,6.643856189774724,6.643856189774724,20.931568569324174,2.0,2.0,1.0,0.5,0.25,0.25,150.0,229.13936293319264,4000000000000,115.23088243076079
901,500,600,500,150000000,300000,250000,300000,927.3618495495704,1700000,8.965784284662087,9.228818690495881,8.965784284662087,27.160387259820055,0.8333333333333334,1.0,1.2,0.3125,0.375,0.3125,550.0,229.13936293319264,22500000000000000,185.59837644601788
43,100,200,700,14000000,20000,70000,140000,734.8469228349534,460000,6.643856189774724,7.643856189774724,9.451211111832329,23.73892349138178,0.5,0.14285714285714285,0.2857142857142857,0.1,0.2,0.7,150.0,229.13936293319264,196000000000000,156.701158877375
469,300,400,500,60000000,120000,150000,200000,707.1067811865476,940000,8.228818690495881,8.643856189774725,8.965784284662087,25.838459164932694,0.75,0.6,0.8,0.25,0.3333333333333333,0.4166666666666667,350.0,229.13936293319264,3600000000000000,169.56734042249263
121,100,600,100,6000000,60000,10000,60000,616.4414002968977,260000,6.643856189774724,9.228818690495881,6.643856189774724,22.516531070045332,0.16666666666666666,1.0,6.0,0.125,0.75,0.125,350.0,229.13936293319264,36000000000000,144.6818655100489
1138,600,800,400,192000000,480000,240000,320000,1077.0329614269008,2080000,9.228818690495881,9.643856189774725,8.643856189774725,27.516531070045332,0.75,1.5,2.0,0.3333333333333333,0.4444444444444444,0.2222222222222222,700.0,229.13936293319264,36864000000000000,192.1450012039835
1398,800,300,800,192000000,240000,640000,240000,1170.4699910719626,2240000,9.643856189774725,8.228818690495881,9.643856189774725,27.516531070045332,2.6666666666666665,1.0,0.375,0.42105263157894735,0.15789473684210525,0.42105263157894735,550.0,229.13936293319264,36864000000000000,194.43221143259794
1446,800,500,800,320000000,400000,640000,400000,1236.9316876852981,2880000,9.643856189774725,8.965784284662087,9.643856189774725,28.253496664211536,1.6,1.0,0.625,0.38095238095238093,0.23809523809523808,0.38095238095238093,650.0,229.13936293319264,102400000000000000,201.19872337378072
649,400,400,100,16000000,160000,40000,40000,574.4562646538029,480000,8.643856189774725,8.643856189774725,6.643856189774724,23.931568569324174,1.0,4.0,4.0,0.4444444444444444,0.4444444444444444,0.1111111111111111,400.0,229.13936293319264,256000000000000,152.08902460525113
838,500,300,800,120000000,150000,400000,240000,989.9494936611666,1580000,8.965784284662087,8.228818690495881,9.643856189774725,26.838459164932694,1.6666666666666667,0.625,0.375,0.3125,0.1875,0.5,400.0,229.13936293319264,14400000000000000,185.1495004625695
1380,800,300,200,48000000,240000,160000,60000,877.4964387392122,920000,9.643856189774725,8.228818690495881,7.643856189774724,25.516531070045332,2.6666666666666665,4.0,1.5,0.6153846153846154,0.23076923076923078,0.15384615384615385,550.0,229.13936293319264,2304000000000000,172.9564533673934
1308,700,800,200,112000000,560000,140000,160000,1081.6653826391969,1720000,9.451211111832329,9.643856189774725,7.643856189774724,26.73892349138178,0.875,3.5,4.0,0.4117647058823529,0.47058823529411764,0.11764705882352941,750.0,229.13936293319264,12544000000000000,186.8297042391929
1012,600,300,200,36000000,180000,120000,60000,700.0,720000,9.228818690495881,8.228818690495881,7.643856189774724,25.101493570766486,2.0,3.0,1.5,0.5454545454545454,0.2727272727272727,0.18181818181818182,450.0,229.13936293319264,1296000000000000,164.47773459879545
709,400,600,500,120000000,240000,200000,300000,877.4964387392122,1480000,8.643856189774725,9.228818690495881,8.965784284662087,26.838459164932694,0.6666666666666666,0.8,1.2,0.26666666666666666,0.4,0.3333333333333333,500.0,229.13936293319264,14400000000000000,181.916762050059
622,400,200,800,64000000,80000,320000,160000,916.515138991168,1120000,8.643856189774725,7.643856189774724,9.643856189774725,25.931568569324174,2.0,0.5,0.25,0.2857142857142857,0.14285714285714285,0.5714285714285714,300.0,229.13936293319264,4096000000000000,176.8965795066965
637,400,300,500,60000000,120000,200000,150000,707.1067811865476,940000,8.643856189774725,8.228818690495881,8.965784284662087,25.838459164932694,1.3333333333333333,0.8,0.6,0.3333333333333333,0.25,0.4166666666666667,350.0,229.13936293319264,3600000000000000,169.56734042249263
886,500,500,800,200000000,250000,400000,400000,1067.707825203131,2100000,8.965784284662087,8.965784284662087,9.643856189774725,27.575424759098897,1.0,0.625,0.625,0.2777777777777778,0.2777777777777778,0.4444444444444444,500.0,229.13936293319264,40000000000000000,192.31668061013133
1389,800,300,500,120000000,240000,400000,150000,989.9494936611666,1580000,9.643856189774725,8.228818690495881,8.965784284662087,26.838459164932694,2.6666666666666665,1.6,0.6,0.5,0.1875,0.3125,550.0,229.13936293319264,14400000000000000,185.1495004625695
754,400,800,400,128000000,320000,160000,320000,979.7958971132713,1600000,8.643856189774725,9.643856189774725,8.643856189774725,26.931568569324174,0.5,1.0,2.0,0.25,0.5,0.25,600.0,229.13936293319264,16384000000000000,185.51445768348705
1485,800,700,500,280000000,560000,400000,350000,1174.7340124470732,2620000,9.643856189774725,9.451211111832329,8.965784284662087,28.06085158626914,1.1428571428571428,1.6,1.4,0.4,0.35,0.25,750.0,229.13936293319264,78400000000000000,198.38034113403268
1392,800,300,600,144000000,240000,480000,180000,1044.030650891055,1800000,9.643856189774725,8.228818690495881,9.228818690495881,27.101493570766486,2.6666666666666665,1.3333333333333333,0.5,0.47058823529411764,0.17647058823529413,0.35294117647058826,550.0,229.13936293319264,20736000000000000,188.40420352103857
910,500,600,800,240000000,300000,400000,480000,1118.033988749895,2360000,8.965784284662087,9.228818690495881,9.643856189774725,27.838459164932694,0.8333333333333334,0.625,0.75,0.2631578947368421,0.3157894736842105,0.42105263157894735,550.0,229.13936293319264,57600000000000000,195.43213792196622
1051,600,400,700,168000000,240000,420000,280000,1004.987562112089,1880000,9.228818690495881,8.643856189774725,9.451211111832329,27.323885992102934,1.5,0.8571428571428571,0.5714285714285714,0.35294117647058826,0.23529411764705882,0.4117647058823529,500.0,229.13936293319264,28224000000000000,188.90983332219625
808,500,200,600,60000000,100000,300000,120000,806.2257748298549,1040000,8.965784284662087,7.643856189774724,9.228818690495881,25.838459164932694,2.5,0.8333333333333334,0.3333333333333333,0.38461538461538464,0.15384615384615385,0.46153846153846156,350.0,229.13936293319264,3600000000000000,172.9523981090547
604,400,200,200,16000000,80000,80000,40000,489.89794855663564,400000,8.643856189774725,7.643856189774724,7.643856189774724,23.931568569324174,2.0,2.0,1.0,0.5,0.25,0.25,300.0,229.13936293319264,256000000000000,148.28565297846086
484,300,500,200,30000000,150000,60000,100000,616.4414002968977,620000,8.228818690495881,8.965784284662087,7.643856189774724,24.838459164932694,0.6,1.5,2.5,0.3,0.5,0.2,400.0,229.13936293319264,900000000000000,159.60160991043807
130,100,600,400,24000000,60000,40000,240000,728.0109889280518,680000,6.643856189774724,9.228818690495881,8.643856189774725,24.516531070045332,0.16666666666666666,0.25,1.5,0.09090909090909091,0.5454545454545454,0.36363636363636365,350.0,229.13936293319264,576000000000000,161.60534341319234
652,400,400,200,32000000,160000,80000,80000,600.0,640000,8.643856189774725,8.643856189774725,7.643856189774724,24.931568569324174,1.0,2.0,2.0,0.4,0.4,0.2,400.0,229.13936293319264,1024000000000000,159.52700835769485
1200,700,300,200,42000000,210000,140000,60000,787.4007874011811,820000,9.451211111832329,8.228818690495881,7.643856189774724,25.323885992102934,2.3333333333333335,3.5,1.5,0.5833333333333334,0.25,0.16666666666666666,500.0,229.13936293319264,1764000000000000,168.910486046836
571,300,800,700,168000000,240000,210000,560000,1104.536101718726,2020000,8.228818690495881,9.643856189774725,9.451211111832329,27.323885992102934,0.375,0.42857142857142855,1.1428571428571428,0.16666666666666666,0.4444444444444444,0.3888888888888889,550.0,229.13936293319264,28224000000000000,191.48813349361868
928,500,700,600,210000000,350000,300000,420000,1048.8088481701516,2140000,8.965784284662087,9.451211111832329,9.228818690495881,27.645814086990296,0.7142857142857143,0.8333333333333334,1.1666666666666667,0.2777777777777778,0.3888888888888889,0.3333333333333333,600.0,229.13936293319264,44100000000000000,192.31432864808394
778,500,100,400,20000000,50000,200000,40000,648.074069840786,580000,8.965784284662087,6.643856189774724,8.643856189774725,24.253496664211536,5.0,1.25,0.25,0.5,0.1,0.4,300.0,229.13936293319264,400000000000000,157.05465366776156
316,200,600,200,24000000,120000,40000,120000,663.32495807108,560000,7.643856189774724,9.228818690495881,7.643856189774724,24.516531070045332,0.3333333333333333,1.0,3.0,0.2,0.6,0.2,400.0,229.13936293319264,576000000000000,159.32733154458433
160,100,700,600,42000000,70000,60000,420000,927.3618495495704,1100000,6.643856189774724,9.451211111832329,9.228818690495881,25.323885992102934,0.14285714285714285,0.16666666666666666,1.1666666666666667,0.07142857142857142,0.5,0.42857142857142855,400.0,229.13936293319264,1764000000000000,173.04878904990613
1168,700,100,600,42000000,70000,420000,60000,927.3618495495704,1100000,9.451211111832329,6.643856189774724,9.228818690495881,25.323885992102934,7.0,1.1666666666666667,0.16666666666666666,0.5,0.07142857142857142,0.42857142857142855,400.0,229.13936293319264,1764000000000000,173.04878904990613
4,100,100,200,2000000,10000,20000,20000,244.94897427831782,100000,6.643856189774724,6.643856189774724,7.643856189774724,20.931568569324174,1.0,0.5,0.5,0.25,0.25,0.5,100.0,229.13936293319264,4000000000000,115.23088243076079
1341,800,100,500,40000000,80000,400000,50000,948.6832980505138,1060000,9.643856189774725,6.643856189774724,8.965784284662087,25.253496664211536,8.0,1.6,0.2,0.5714285714285714,0.07142857142857142,0.35714285714285715,450.0,229.13936293319264,1600000000000000,173.14121968252448
1467,800,600,700,336000000,480000,560000,420000,1220.6555615733703,2920000,9.643856189774725,9.228818690495881,9.451211111832329,28.323885992102934,1.3333333333333333,1.1428571428571428,0.8571428571428571,0.38095238095238093,0.2857142857142857,0.3333333333333333,700.0,229.13936293319264,112896000000000000,201.32511199430604
148,100,700,200,14000000,70000,20000,140000,734.8469228349534,460000,6.643856189774724,9.451211111832329,7.643856189774724,23.73892349138178,0.14285714285714285,0.5,3.5,0.1,0.7,0.2,400.0,229.13936293319264,196000000000000,156.701158877375
1250,700,500,400,140000000,350000,280000,200000,948.6832980505138,1660000,9.451211111832329,8.965784284662087,8.643856189774725,27.06085158626914,1.4,1.75,1.25,0.4375,0.3125,0.25,600.0,229.13936293319264,19600000000000000,185.53267737906353
241,200,300,100,6000000,60000,20000,30000,374.16573867739413,220000,7.643856189774724,8.228818690495881,6.643856189774724,22.516531070045332,0.6666666666666666,2.0,3.0,0.3333333333333333,0.5,0.16666666666666666,250.0,229.13936293319264,36000000000000,133.463763441989
616,400,200,600,48000000,80000,240000,120000,748.3314773547883,880000,8.643856189774725,7.643856189774724,9.228818690495881,25.516531070045332,2.0,0.6666666666666666,0.3333333333333333,0.3333333333333333,0.16666666666666666,0.5,300.0,229.13936293319264,2304000000000000,168.89854901243746
103,100,500,300,15000000,50000,30000,150000,591.6079783099616,460000,6.643856189774724,8.965784284662087,8.228818690495881,23.838459164932694,0.2,0.3333333333333333,1.6666666666666667,0.1111111111111111,0.5555555555555556,0.3333333333333333,300.0,229.13936293319264,225000000000000,152.19743155047576
1279,700,600,700,294000000,420000,490000,420000,1157.5836902790224,2660000,9.451211111832329,9.228818690495881,9.451211111832329,28.13124091416054,1.1666666666666667,1.0,0.8571428571428571,0.35,0.3,0.35,650.0,229.13936293319264,86436000000000000,198.46459883853973
790,500,100,800,40000000,50000,400000,80000,948.6832980505138,1060000,8.965784284662087,6.643856189774724,9.643856189774725,25.253496664211536,5.0,0.625,0.125,0.35714285714285715,0.07142857142857142,0.5714285714285714,300.0,229.13936293319264,1600000000000000,173.14121968252448
1272,700,600,400,168000000,420000,280000,240000,1004.987562112089,1880000,9.451211111832329,9.228818690495881,8.643856189774725,27.323885992102934,1.1666666666666667,1.75,1.5,0.4117647058823529,0.35294117647058826,0.23529411764705882,650.0,229.13936293319264,28224000000000000,188.90983332219625
1099,600,600,700,252000000,360000,420000,420000,1100.0,2400000,9.228818690495881,9.228818690495881,9.451211111832329,27.90884849282409,1.0,0.8571428571428571,0.8571428571428571,0.3157894736842105,0.3157894736842105,0.3684210526315789,600.0,229.13936293319264,63504000000000000,195.47285302945167
274,200,400,400,32000000,80000,80000,160000,600.0,640000,7.643856189774724,8.643856189774725,8.643856189774725,24.931568569324174,0.5,0.5,1.0,0.2,0.4,0.4,300.0,229.13936293319264,1024000000000000,159.52700835769485
1018,600,300,400,72000000,180000,240000,120000,781.0249675906655,1080000,9.228818690495881,8.228818690495881,8.643856189774725,26.101493570766486,2.0,1.5,0.75,0.46153846153846156,0.23076923076923078,0.3076923076923077,450.0,229.13936293319264,5184000000000000,173.88519203139109
1440,800,500,600,240000000,400000,480000,300000,1118.033988749895,2360000,9.643856189774725,8.965784284662087,9.228818690495881,27.838459164932694,1.6,1.3333333333333333,0.8333333333333334,0.42105263157894735,0.2631578947368421,0.3157894736842105,650.0,229.13936293319264,57600000000000000,195.43213792196622
157,100,700,500,35000000,70000,50000,350000,866.0254037844386,940000,6.643856189774724,9.451211111832329,8.965784284662087,25.06085158626914,0.14285714285714285,0.2,1.4,0.07692307692307693,0.5384615384615384,0.38461538461538464,400.0,229.13936293319264,1225000000000000,169.53837206440093
1036,600,400,200,48000000,240000,120000,80000,748.3314773547883,880000,9.228818690495881,8.643856189774725,7.643856189774724,25.516531070045332,1.5,3.0,2.0,0.5,0.3333333333333333,0.16666666666666666,500.0,229.13936293319264,2304000000000000,168.89854901243746
793,500,200,100,10000000,100000,50000,20000,547.7225575051662,340000,8.965784284662087,7.643856189774724,6.643856189774724,23.253496664211536,2.5,5.0,2.0,0.625,0.25,0.125,350.0,229.13936293319264,100000000000000,146.67359171589615
724,400,700,200,56000000,280000,80000,140000,830.6623862918075,1000000,8.643856189774725,9.451211111832329,7.643856189774724,25.73892349138178,0.5714285714285714,2.0,3.5,0.3076923076923077,0.5384615384615384,0.15384615384615385,550.0,229.13936293319264,3136000000000000,173.05376215621723
40,100,200,600,12000000,20000,60000,120000,640.3124237432849,400000,6.643856189774724,7.643856189774724,9.228818690495881,23.516531070045332,0.5,0.16666666666666666,0.3333333333333333,0.1111111111111111,0.2222222222222222,0.6666666666666666,150.0,229.13936293319264,144000000000000,151.99949220775304
946,500,800,400,160000000,400000,200000,320000,1024.6950765959598,1840000,8.965784284662087,9.643856189774725,8.643856189774725,27.253496664211536,0.625,1.25,2.0,0.29411764705882354,0.47058823529411764,0.23529411764705882,650.0,229.13936293319264,25600000000000000,188.95192046111265
265,200,400,100,8000000,80000,20000,40000,458.257569495584,280000,7.643856189774724,8.643856189774725,6.643856189774724,22.931568569324174,0.5,2.0,4.0,0.2857142857142857,0.5714285714285714,0.14285714285714285,300.0,229.13936293319264,64000000000000,140.56159967960087
1162,700,100,400,28000000,70000,280000,40000,812.403840463596,780000,9.451211111832329,6.643856189774724,8.643856189774725,24.73892349138178,7.0,1.75,0.25,0.5833333333333334,0.08333333333333333,0.3333333333333333,400.0,229.13936293319264,784000000000000,165.78115973863453
820,500,300,200,30000000,150000,100000,60000,616.4414002968977,620000,8.965784284662087,8.228818690495881,7.643856189774724,24.838459164932694,1.6666666666666667,2.5,1.5,0.5,0.3,0.2,400.0,229.13936293319264,900000000000000,159.60160991043807
499,300,500,700,105000000,150000,210000,350000,911.0433579144299,1420000,8.228818690495881,8.965784284662087,9.451211111832329,26.645814086990296,0.6,0.42857142857142855,0.7142857142857143,0.2,0.3333333333333333,0.4666666666666667,400.0,229.13936293319264,11025000000000000,181.6095428131768
985,600,200,100,12000000,120000,60000,20000,640.3124237432849,400000,9.228818690495881,7.643856189774724,6.643856189774724,23.516531070045332,3.0,6.0,2.0,0.6666666666666666,0.2222222222222222,0.1111111111111111,400.0,229.13936293319264,144000000000000,151.99949220775304
1497,800,800,100,64000000,640000,80000,80000,1135.7816691600547,1600000,9.643856189774725,9.643856189774725,6.643856189774724,25.931568569324174,1.0,8.0,8.0,0.47058823529411764,0.47058823529411764,0.058823529411764705,800.0,229.13936293319264,4096000000000000,182.45338717818544
403,300,100,700,21000000,30000,210000,70000,768.1145747868608,620000,8.228818690495881,6.643856189774724,9.451211111832329,24.323885992102934,3.0,0.42857142857142855,0.14285714285714285,0.2727272727272727,0.09090909090909091,0.6363636363636364,200.0,229.13936293319264,441000000000000,161.6380589419447
919,500,700,300,105000000,350000,150000,210000,911.0433579144299,1420000,8.965784284662087,9.451211111832329,8.228818690495881,26.645814086990296,0.7142857142857143,1.6666666666666667,2.3333333333333335,0.3333333333333333,0.4666666666666667,0.2,600.0,229.13936293319264,11025000000000000,181.6095428131768
1461,800,600,500,240000000,480000,400000,300000,1118.033988749895,2360000,9.643856189774725,9.228818690495881,8.965784284662087,27.838459164932694,1.3333333333333333,1.6,1.2,0.42105263157894735,0.3157894736842105,0.2631578947368421,700.0,229.13936293319264,57600000000000000,195.43213792196622
958,500,800,800,320000000,400000,400000,640000,1236.9316876852981,2880000,8.965784284662087,9.643856189774725,9.643856189774725,28.253496664211536,0.625,0.625,1.0,0.23809523809523808,0.38095238095238093,0.38095238095238093,650.0,229.13936293319264,102400000000000000,201.19872337378072
730,400,700,400,112000000,280000,160000,280000,900.0,1440000,8.643856189774725,9.451211111832329,8.643856189774725,26.73892349138178,0.5714285714285714,1.0,1.75,0.26666666666666666,0.4666666666666667,0.26666666666666666,550.0,229.13936293319264,12544000000000000,181.91840655640303
163,100,700,700,49000000,70000,70000,490000,994.98743710662,1260000,6.643856189774724,9.451211111832329,9.451211111832329,25.54627841343938,0.14285714285714285,0.14285714285714285,1.0,0.06666666666666667,0.4666666666666667,0.4666666666666667,400.0,229.13936293319264,2401000000000000,176.36472731217432
1090,600,600,400,144000000,360000,240000,240000,938.083151964686,1680000,9.228818690495881,9.228818690495881,8.643856189774725,27.101493570766486,1.0,1.5,1.5,0.375,0.375,0.25,600.0,229.13936293319264,20736000000000000,185.50712253528698
151,100,700,300,21000000,70000,30000,210000,768.1145747868608,620000,6.643856189774724,9.451211111832329,8.228818690495881,24.323885992102934,0.14285714285714285,0.3333333333333333,2.3333333333333335,0.09090909090909091,0.6363636363636364,0.2727272727272727,400.0,229.13936293319264,441000000000000,161.6380589419447
1386,800,300,400,96000000,240000,320000,120000,943.3981132056604,1360000,9.643856189774725,8.228818690495881,8.643856189774725,26.516531070045332,2.6666666666666665,2.0,0.75,0.5333333333333333,0.2,0.26666666666666666,550.0,229.13936293319264,9216000000000000,181.65276377997913
523,300,600,700,126000000,180000,210000,420000,969.5359714832658,1620000,8.228818690495881,9.228818690495881,9.451211111832329,26.90884849282409,0.5,0.42857142857142855,0.8571428571428571,0.1875,0.375,0.4375,450.0,229.13936293319264,15876000000000000,185.07498235025992
1320,700,800,600,336000000,560000,420000,480000,1220.6555615733703,2920000,9.451211111832329,9.643856189774725,9.228818690495881,28.323885992102934,0.875,1.1666666666666667,1.3333333333333333,0.3333333333333333,0.38095238095238093,0.2857142857142857,750.0,229.13936293319264,112896000000000000,201.32511199430604
568,300,800,600,144000000,240000,180000,480000,1044.030650891055,1800000,8.228818690495881,9.643856189774725,9.228818690495881,27.101493570766486,0.375,0.5,1.3333333333333333,0.17647058823529413,0.47058823529411764,0.35294117647058826,550.0,229.13936293319264,20736000000000000,188.40420352103857
1509,800,800,500,320000000,640000,400000,400000,1236.9316876852981,2880000,9.643856189774725,9.643856189774725,8.965784284662087,28.253496664211536,1.0,1.6,1.6,0.38095238095238093,0.38095238095238093,0.23809523809523808,800.0,229.13936293319264,102400000000000000,201.19872337378072
1374,800,200,800,128000000,160000,640000,160000,1148.9125293076058,1920000,9.643856189774725,7.643856189774724,9.643856189774725,26.931568569324174,4.0,1.0,0.25,0.4444444444444444,0.1111111111111111,0.4444444444444444,500.0,229.13936293319264,16384000000000000,189.79864475782966
562,300,800,400,96000000,240000,120000,320000,943.3981132056604,1360000,8.228818690495881,9.643856189774725,8.643856189774725,26.516531070045332,0.375,0.75,2.0,0.2,0.5333333333333333,0.26666666666666666,550.0,229.13936293319264,9216000000000000,181.65276377997913
508,300,600,200,36000000,180000,60000,120000,700.0,720000,8.228818690495881,9.228818690495881,7.643856189774724,25.101493570766486,0.5,1.5,3.0,0.2727272727272727,0.5454545454545454,0.18181818181818182,450.0,229.13936293319264,1296000000000000,164.47773459879545
175,100,800,300,24000000,80000,30000,240000,860.2325267042627,700000,6.643856189774724,9.643856189774725,8.228818690495881,24.516531070045332,0.125,0.3333333333333333,2.6666666666666665,0.08333333333333333,0.6666666666666666,0.25,450.0,229.13936293319264,576000000000000,165.691654076216
145,100,700,100,7000000,70000,10000,70000,714.142842854285,300000,6.643856189774724,9.451211111832329,6.643856189774724,22.73892349138178,0.14285714285714285,1.0,7.0,0.1111111111111111,0.7777777777777778,0.1111111111111111,400.0,229.13936293319264,49000000000000,149.45117223538585
1033,600,400,100,24000000,240000,60000,40000,728.0109889280518,680000,9.228818690495881,8.643856189774725,6.643856189774724,24.516531070045332,1.5,6.0,4.0,0.5454545454545454,0.36363636363636365,0.09090909090909091,500.0,229.13936293319264,576000000000000,161.60534341319234
706,400,600,400,96000000,240000,160000,240000,824.6211251235321,1280000,8.643856189774725,9.228818690495881,8.643856189774725,26.516531070045332,0.6666666666666666,1.0,1.5,0.2857142857142857,0.42857142857142855,0.2857142857142857,500.0,229.13936293319264,9216000000000000,178.08862843738208
757,400,800,500,160000000,320000,200000,400000,1024.6950765959598,1840000,8.643856189774725,9.643856189774725,8.965784284662087,27.253496664211536,0.5,0.8,1.6,0.23529411764705882,0.47058823529411764,0.29411764705882354,600.0,229.13936293319264,25600000000000000,188.95192046111265
64,100,300,600,18000000,30000,60000,180000,678.2329983125268,540000,6.643856189774724,8.228818690495881,9.228818690495881,24.101493570766486,0.3333333333333333,0.16666666666666666,0.5,0.1,0.3,0.6,200.0,229.13936293319264,324000000000000,157.1649771730334
940,500,800,200,80000000,400000,100000,160000,964.3650760992955,1320000,8.965784284662087,9.643856189774725,7.643856189774724,26.253496664211536,0.625,2.5,4.0,0.3333333333333333,0.5333333333333333,0.13333333333333333,650.0,229.13936293319264,6400000000000000,180.42732245564312
1362,800,200,400,64000000,160000,320000,80000,916.515138991168,1120000,9.643856189774725,7.643856189774724,8.643856189774725,25.931568569324174,4.0,2.0,0.5,0.5714285714285714,0.14285714285714285,0.2857142857142857,500.0,229.13936293319264,4096000000000000,176.8965795066965
481,300,500,100,15000000,150000,30000,50000,591.6079783099616,460000,8.228818690495881,8.965784284662087,6.643856189774724,23.838459164932694,0.6,3.0,5.0,0.3333333333333333,0.5555555555555556,0.1111111111111111,400.0,229.13936293319264,225000000000000,152.19743155047576
829,500,300,500,75000000,150000,250000,150000,768.1145747868608,1100000,8.965784284662087,8.228818690495881,8.965784284662087,26.160387259820055,1.6666666666666667,1.0,0.6,0.38461538461538464,0.23076923076923078,0.38461538461538464,400.0,229.13936293319264,5625000000000000,173.84205053500645
1314,700,800,400,224000000,560000,280000,320000,1135.7816691600547,2320000,9.451211111832329,9.643856189774725,8.643856189774725,27.73892349138178,0.875,1.75,2.0,0.3684210526315789,0.42105263157894735,0.21052631578947367,750.0,229.13936293319264,50176000000000000,195.16985770255872
574,300,800,800,192000000,240000,240000,640000,1170.4699910719626,2240000,8.228818690495881,9.643856189774725,9.643856189774725,27.516531070045332,0.375,0.375,1.0,0.15789473684210525,0.42105263157894735,0.42105263157894735,550.0,229.13936293319264,36864000000000000,194.43221143259794
1156,700,100,200,14000000,70000,140000,20000,734.8469228349534,460000,9.451211111832329,6.643856189774724,7.643856189774724,23.73892349138178,7.0,3.5,0.5,0.7,0.1,0.2,400.0,229.13936293319264,196000000000000,156.701158877375
880,500,500,600,150000000,250000,300000,300000,927.3618495495704,1700000,8.965784284662087,8.965784284662087,9.228818690495881,27.160387259820055,1.0,0.8333333333333334,0.8333333333333334,0.3125,0.3125,0.375,500.0,229.13936293319264,22500000000000000,185.59837644601788
1234,700,400,600,168000000,280000,420000,240000,1004.987562112089,1880000,9.451211111832329,8.643856189774725,9.228818690495881,27.323885992102934,1.75,1.1666666666666667,0.6666666666666666,0.4117647058823529,0.23529411764705882,0.35294117647058826,550.0,229.13936293319264,28224000000000000,188.90983332219625
1030,600,300,800,144000000,180000,480000,240000,1044.030650891055,1800000,9.228818690495881,8.228818690495881,9.643856189774725,27.101493570766486,2.0,0.75,0.375,0.35294117647058826,0.17647058823529413,0.47058823529411764,450.0,229.13936293319264,20736000000000000,188.40420352103857
772,500,100,200,10000000,50000,100000,20000,547.7225575051662,340000,8.965784284662087,6.643856189774724,7.643856189774724,23.253496664211536,5.0,2.5,0.5,0.625,0.125,0.25,300.0,229.13936293319264,100000000000000,146.67359171589615
925,500,700,500,175000000,350000,250000,350000,994.98743710662,1900000,8.965784284662087,9.451211111832329,8.965784284662087,27.382779681156503,0.7142857142857143,1.0,1.4,0.29411764705882354,0.4117647058823529,0.29411764705882354,600.0,229.13936293319264,30625000000000000,189.04344473815362
448,300,300,600,54000000,90000,180000,180000,734.8469228349534,900000,8.228818690495881,8.228818690495881,9.228818690495881,25.686456071487644,1.0,0.5,0.5,0.25,0.25,0.5,300.0,229.13936293319264,2916000000000000,169.55686450214046
391,300,100,300,9000000,30000,90000,30000,435.88989435406734,300000,8.228818690495881,6.643856189774724,8.228818690495881,23.101493570766486,3.0,1.0,0.3333333333333333,0.42857142857142855,0.14285714285714285,0.42857142857142855,200.0,229.13936293319264,81000000000000,140.44971627767964
454,300,300,800,72000000,90000,240000,240000,905.5385138137417,1140000,8.228818690495881,8.228818690495881,9.643856189774725,26.101493570766486,1.0,0.375,0.375,0.21428571428571427,0.21428571428571427,0.5714285714285714,300.0,229.13936293319264,5184000000000000,177.74160542601524
1078,600,500,800,240000000,300000,480000,400000,1118.033988749895,2360000,9.228818690495881,8.965784284662087,9.643856189774725,27.838459164932694,1.2,0.75,0.625,0.3157894736842105,0.2631578947368421,0.42105263157894735,550.0,229.13936293319264,57600000000000000,195.43213792196622
298,200,500,400,40000000,100000,80000,200000,670.820393249937,760000,7.643856189774724,8.965784284662087,8.643856189774725,25.253496664211536,0.4,0.5,1.25,0.18181818181818182,0.45454545454545453,0.36363636363636365,350.0,229.13936293319264,1600000000000000,164.40003683212797
1117,600,700,500,210000000,420000,300000,350000,1048.8088481701516,2140000,9.228818690495881,9.451211111832329,8.965784284662087,27.645814086990296,0.8571428571428571,1.2,1.4,0.3333333333333333,0.3888888888888889,0.2777777777777778,650.0,229.13936293319264,44100000000000000,192.31432864808394
262,200,300,800,48000000,60000,160000,240000,877.4964387392122,920000,7.643856189774724,8.228818690495881,9.643856189774725,25.516531070045332,0.6666666666666666,0.25,0.375,0.15384615384615385,0.23076923076923078,0.6153846153846154,250.0,229.13936293319264,2304000000000000,172.9564533673934
1359,800,200,300,48000000,160000,240000,60000,877.4964387392122,920000,9.643856189774725,7.643856189774724,8.228818690495881,25.516531070045332,4.0,2.6666666666666665,0.6666666666666666,0.6153846153846154,0.15384615384615385,0.23076923076923078,500.0,229.13936293319264,2304000000000000,172.9564533673934
991,600,200,300,36000000,120000,180000,60000,700.0,720000,9.228818690495881,7.643856189774724,8.228818690495881,25.101493570766486,3.0,2.0,0.6666666666666666,0.5454545454545454,0.18181818181818182,0.2727272727272727,400.0,229.13936293319264,1296000000000000,164.47773459879545
643,400,300,700,84000000,120000,280000,210000,860.2325267042627,1220000,8.643856189774725,8.228818690495881,9.451211111832329,26.323885992102934,1.3333333333333333,0.5714285714285714,0.42857142857142855,0.2857142857142857,0.21428571428571427,0.5,350.0,229.13936293319264,7056000000000000,177.90641748148437
1383,800,300,300,72000000,240000,240000,90000,905.5385138137417,1140000,9.643856189774725,8.228818690495881,8.228818690495881,26.101493570766486,2.6666666666666665,2.6666666666666665,1.0,0.5714285714285714,0.21428571428571427,0.21428571428571427,550.0,229.13936293319264,5184000000000000,177.74160542601524
364,200,800,200,32000000,160000,40000,160000,848.5281374238571,720000,7.643856189774724,9.643856189774725,7.643856189774724,24.931568569324174,0.25,1.0,4.0,0.16666666666666666,0.6666666666666666,0.16666666666666666,500.0,229.13936293319264,1024000000000000,168.15547839788312
1518,800,800,800,512000000,640000,640000,640000,1385.6406460551018,3840000,9.643856189774725,9.643856189774725,9.643856189774725,28.931568569324174,1.0,1.0,1.0,0.3333333333333333,0.3333333333333333,0.3333333333333333,800.0,229.13936293319264,262144000000000000,209.30946296917224
61,100,300,500,15000000,30000,50000,150000,591.6079783099616,460000,6.643856189774724,8.228818690495881,8.965784284662087,23.838459164932694,0.3333333333333333,0.2,0.6,0.1111111111111111,0.3333333333333333,0.5555555555555556,200.0,229.13936293319264,225000000000000,152.19743155047576
565,300,800,500,120000000,240000,150000,400000,989.9494936611666,1580000,8.228818690495881,9.643856189774725,8.965784284662087,26.838459164932694,0.375,0.6,1.6,0.1875,0.5,0.3125,550.0,229.13936293319264,14400000000000000,185.1495004625695
214,200,100,800,16000000,20000,160000,80000,830.6623862918075,520000,7.643856189774724,6.643856189774724,9.643856189774725,23.931568569324174,2.0,0.25,0.125,0.18181818181818182,0.09090909090909091,0.7272727272727273,150.0,229.13936293319264,256000000000000,160.90214404684482
319,200,600,300,36000000,120000,60000,180000,700.0,720000,7.643856189774724,9.228818690495881,8.228818690495881,25.101493570766486,0.3333333333333333,0.6666666666666666,2.0,0.18181818181818182,0.5454545454545454,0.2727272727272727,400.0,229.13936293319264,1296000000000000,164.47773459879545
811,500,200,700,70000000,100000,350000,140000,883.1760866327846,1180000,8.965784284662087,7.643856189774724,9.451211111832329,26.06085158626914,2.5,0.7142857142857143,0.2857142857142857,0.35714285714285715,0.14285714285714285,0.5,350.0,229.13936293319264,4900000000000000,176.8139192256871
1045,600,400,500,120000000,240000,300000,200000,877.4964387392122,1480000,9.228818690495881,8.643856189774725,8.965784284662087,26.838459164932694,1.5,1.2,0.8,0.4,0.26666666666666666,0.3333333333333333,500.0,229.13936293319264,14400000000000000,181.916762050059
1292,700,700,400,196000000,490000,280000,280000,1067.707825203131,2100000,9.451211111832329,9.451211111832329,8.643856189774725,27.54627841343938,1.0,1.75,1.75,0.3888888888888889,0.3888888888888889,0.2222222222222222,700.0,229.13936293319264,38416000000000000,192.11340800424682
307,200,500,700,70000000,100000,140000,350000,883.1760866327846,1180000,7.643856189774724,8.965784284662087,9.451211111832329,26.06085158626914,0.4,0.2857142857142857,0.7142857142857143,0.14285714285714285,0.35714285714285715,0.5,350.0,229.13936293319264,4900000000000000,176.8139192256871
