inlines,xlines,samples,chunking_mode,worker_count,timestamp,session_id,random_id,execution_time_sec,peak_memory_usage_bytes,avg_memory_usage_bytes,oom_or_failed
100,100,100,auto,1,1744660851,430132,430132,4.128115177154541,361996288.0,185439641.6,False
100,100,100,auto,1,1744660908,603829,603829,4.0464866161346436,375996416.0,186039500.8,False
100,100,100,auto,1,1744660961,660934,660934,4.578054428100586,227770368.0,183547904.0,False
100,100,100,auto,2,1744661425,782976,782976,3.7269699573516846,352681984.0,170957937.7777778,False
100,100,100,auto,2,1744661475,67007,67007,3.7813596725463867,347586560.0,173975983.15789473,False
100,100,100,auto,2,1744661525,636009,636009,3.753371477127075,350982144.0,169829603.55555555,False
100,100,100,auto,4,1744662028,949659,949659,3.9311368465423584,262197248.0,163046507.78947368,False
100,100,100,auto,4,1744662086,161064,161064,4.672218561172485,372486144.0,165238338.7826087,False
100,100,100,auto,4,1744662145,322701,322701,4.718365430831909,371937280.0,165455916.52173913,False
100,100,100,auto,8,1744662667,836328,836328,4.588115215301514,376832000.0,161242973.0909091,False
100,100,100,auto,8,1744662746,750979,750979,4.502506256103516,377442304.0,160651938.9090909,False
100,100,100,auto,8,1744662818,999865,999865,5.548994541168213,386797568.0,161494243.55555555,False
100,100,100,evenly_split,1,1744661051,708586,708586,4.036455154418945,229466112.0,181347942.4,False
100,100,100,evenly_split,1,1744661099,976011,976011,4.665945291519165,370700288.0,190251008.0,False
100,100,100,evenly_split,1,1744661148,66854,66854,4.097400665283203,199307264.0,177452236.8,False
100,100,100,evenly_split,2,1744661615,551794,551794,3.7717878818511963,346763264.0,174090024.42105263,False
100,100,100,evenly_split,2,1744661680,617444,617444,3.7365195751190186,355201024.0,174149847.57894737,False
100,100,100,evenly_split,2,1744661733,915435,915435,4.363253831863403,353857536.0,174784698.1818182,False
100,100,100,evenly_split,4,1744662237,996453,996453,4.0076539516448975,262152192.0,163130260.21052632,False
100,100,100,evenly_split,4,1744662294,214245,214245,3.969949245452881,305475584.0,165177559.57894737,False
100,100,100,evenly_split,4,1744662351,886228,886228,4.043133974075317,260489216.0,164781619.2,False
100,100,100,evenly_split,8,1744662981,903356,903356,4.508395671844482,363589632.0,160689128.72727272,False
100,100,100,evenly_split,8,1744663051,238579,238579,5.027440547943115,386129920.0,162506858.6666667,False
100,100,100,evenly_split,8,1744663158,687288,687288,4.566018104553223,338939904.0,161859002.1818182,False
100,100,100,memaware,1,1744661232,754142,754142,3.9677233695983887,228057088.0,182246604.8,False
100,100,100,memaware,1,1744661278,476037,476037,4.015399932861328,194314240.0,177618944.0,False
100,100,100,memaware,1,1744661327,370152,370152,3.960325241088867,262094848.0,186978099.2,False
100,100,100,memaware,2,1744661827,254573,254573,4.343049049377441,343339008.0,174344972.19047618,False
100,100,100,memaware,2,1744661881,955945,955945,3.6369431018829346,359657472.0,170678613.3333333,False
100,100,100,memaware,2,1744661933,125492,125492,4.3776445388793945,343511040.0,175082739.80952382,False
100,100,100,memaware,4,1744662444,178111,178111,3.9584105014801025,260325376.0,163362546.5263158,False
100,100,100,memaware,4,1744662500,200441,200441,5.014005661010742,356311040.0,168218255.35999998,False
100,100,100,memaware,4,1744662569,905266,905266,3.9871463775634766,227000320.0,162714031.15789473,False
100,100,100,memaware,8,1744663274,421662,421662,4.56674861907959,375967744.0,161064704.0,False
100,100,100,memaware,8,1744663348,526881,526881,4.536237001419067,370622464.0,161305623.27272728,False
100,100,100,memaware,8,1744663419,944050,944050,4.582191228866577,368377856.0,161732274.08695653,False
100,100,200,auto,1,1744663554,791890,791890,6.123588800430298,638361600.0,278069671.7241379,False
100,100,200,auto,1,1744663605,10948,10948,6.216443777084351,644141056.0,284312507.73333335,False
100,100,200,auto,1,1744663690,352247,352247,6.207377672195435,639307776.0,283186605.41935486,False
100,100,200,auto,2,1744664259,434580,434580,5.138232946395874,637239296.0,218055128.61538464,False
100,100,200,auto,2,1744664310,286831,286831,5.193135976791382,629628928.0,224041905.23076922,False
100,100,200,auto,2,1744664363,239097,239097,6.018805742263794,612012032.0,226152659.86206895,False
100,100,200,auto,4,1744664891,73859,73859,5.508201360702515,656834560.0,190896431.4074074,False
100,100,200,auto,4,1744664956,279488,279488,6.39706563949585,617799680.0,192890219.3548387,False
100,100,200,auto,4,1744665017,996631,996631,5.4583799839019775,605278208.0,189557949.62962964,False
100,100,200,auto,8,1744665641,319800,319800,6.232447624206543,628981760.0,174198073.80645162,False
100,100,200,auto,8,1744665716,725990,725990,7.916980504989624,634343424.0,176116099.45945945,False
100,100,200,auto,8,1744665816,383293,383293,6.2669408321380615,629624832.0,173693456.51612905,False
100,100,200,evenly_split,1,1744663780,502487,502487,5.924585580825806,603922432.0,278010632.82758623,False
100,100,200,evenly_split,1,1744663834,918390,918390,6.163618564605713,646455296.0,288408476.9032258,False
100,100,200,evenly_split,1,1744663913,841080,841080,5.8473851680755615,614592512.0,281555932.6896552,False
100,100,200,evenly_split,2,1744664458,252826,252826,5.116161346435547,639180800.0,221896625.23076922,False
100,100,200,evenly_split,2,1744664511,687419,687419,5.158595085144043,640655360.0,216650830.76923078,False
100,100,200,evenly_split,2,1744664567,610400,610400,6.045262575149536,610693120.0,223981363.2,False
100,100,200,evenly_split,4,1744665130,563443,563443,5.633511781692505,639950848.0,189041398.5185185,False
100,100,200,evenly_split,4,1744665215,51786,51786,5.411155939102173,612073472.0,191155436.3076923,False
100,100,200,evenly_split,4,1744665276,321166,321166,6.225778818130493,628076544.0,188461670.4,False
100,100,200,evenly_split,8,1744665936,31026,31026,6.2524566650390625,629858304.0,174683033.6,False
100,100,200,evenly_split,8,1744666007,378328,378328,6.1689441204071045,647819264.0,175141524.6451613,False
100,100,200,evenly_split,8,1744666113,45741,45741,7.948978900909424,649342976.0,176593920.0,False
100,100,200,memaware,1,1744664054,281052,281052,6.4554219245910645,459821056.0,239232957.93548387,False
100,100,200,memaware,1,1744664109,834854,834854,6.368295192718506,467890176.0,246782414.4516129,False
100,100,200,memaware,1,1744664161,342871,342871,7.551117420196533,474079232.0,242535562.3783784,False
100,100,200,memaware,2,1744664659,736082,736082,7.467814922332764,405172224.0,200534846.2702703,False
100,100,200,memaware,2,1744664717,423549,423549,7.372347593307495,417034240.0,220136504.8888889,False
100,100,200,memaware,2,1744664799,206699,206699,7.383986234664917,412758016.0,215714201.6,False
100,100,200,memaware,4,1744665374,737391,737391,8.1457359790802,418029568.0,189166481.2972973,False
100,100,200,memaware,4,1744665464,505831,505831,7.748094081878662,422227968.0,190050027.24324325,False
100,100,200,memaware,4,1744665524,42377,42377,7.972710847854614,410767360.0,187909632.0,False
100,100,200,memaware,8,1744666244,172471,172471,10.692422151565552,407076864.0,173853319.8367347,False
100,100,200,memaware,8,1744666336,597986,597986,10.733576536178589,419524608.0,174689162.66666666,False
100,100,200,memaware,8,1744666477,776501,776501,10.78395676612854,416948224.0,173623695.36,False
100,100,300,auto,1,1744666636,552961,552961,8.176198244094849,922570752.0,423998595.28205127,False
100,100,300,auto,1,1744666688,714366,714366,6.717550754547119,905621504.0,409895996.2352941,False
100,100,300,auto,1,1744666774,136013,136013,7.3475117683410645,879329280.0,373967075.5555556,False
100,100,300,auto,2,1744667367,277791,277791,6.646468639373779,910278656.0,282435087.5151515,False
100,100,300,auto,2,1744667421,670932,670932,7.702362537384033,915222528.0,290337708.972973,False
100,100,300,auto,2,1744667492,466049,466049,6.520064830780029,870473728.0,278127232.0,False
100,100,300,auto,4,1744668110,684122,684122,8.191745281219482,921649152.0,221497676.8,False
100,100,300,auto,4,1744668172,885568,885568,6.947252035140991,933179392.0,223618138.3529412,False
100,100,300,auto,4,1744668263,74334,74334,7.263345241546631,906047488.0,222287132.44444445,False
100,100,300,auto,8,1744668896,860463,860463,9.53321361541748,932446208.0,191601986.7826087,False
100,100,300,auto,8,1744668976,800043,800043,9.539613962173462,931655680.0,191687991.6521739,False
100,100,300,auto,8,1744669101,619614,619614,7.987260580062866,881688576.0,188603851.4871795,False
100,100,300,evenly_split,1,1744666883,153261,153261,6.740661382675171,896819200.0,406599742.06060606,False
100,100,300,evenly_split,1,1744666943,135580,135580,7.319160461425781,889737216.0,382996366.2222222,False
100,100,300,evenly_split,1,1744667060,370350,370350,6.694240570068359,903856128.0,388157184.0,False
100,100,300,evenly_split,2,1744667595,36692,36692,7.20258641242981,904933376.0,279099333.48571426,False
100,100,300,evenly_split,2,1744667650,561133,561133,7.629800081253052,871768064.0,285444594.1621622,False
100,100,300,evenly_split,2,1744667735,394608,394608,6.593643426895142,914800640.0,283729982.06060606,False
100,100,300,evenly_split,4,1744668406,52813,52813,7.883838415145874,886046720.0,221025522.52631578,False
100,100,300,evenly_split,4,1744668468,407644,407644,8.203438758850098,919334912.0,222777743.6097561,False
100,100,300,evenly_split,4,1744668535,755194,755194,8.215524673461914,921731072.0,224327552.0,False
100,100,300,evenly_split,8,1744669219,270145,270145,7.812048673629761,907436032.0,190217269.89473683,False
100,100,300,evenly_split,8,1744669350,577745,577745,9.490062713623047,934498304.0,191378988.52173913,False
100,100,300,evenly_split,8,1744669428,896600,896600,8.361096858978271,905273344.0,191114649.6,False
100,100,300,memaware,1,1744667152,350389,350389,9.35521149635315,473141248.0,271310937.04347825,False
100,100,300,memaware,1,1744667206,930776,930776,9.282927513122559,451432448.0,265985780.86956522,False
100,100,300,memaware,1,1744667259,405747,405747,10.877297163009644,481583104.0,269162457.3584906,False
100,100,300,memaware,2,1744667828,863633,863633,12.391743898391724,441999360.0,230809842.98305085,False
100,100,300,memaware,2,1744667932,338276,338276,10.428929090499878,467337216.0,234009026.56,False
100,100,300,memaware,2,1744667990,829175,829175,10.570783853530884,421863424.0,239133286.4,False
100,100,300,memaware,4,1744668645,162828,162828,14.302879333496094,427798528.0,201559439.18644068,False
100,100,300,memaware,4,1744668713,329281,329281,13.208849430084229,439373824.0,189807112.67796612,False
100,100,300,memaware,4,1744668785,906758,906758,11.26749587059021,425050112.0,199923589.12,False
100,100,300,memaware,8,1744669544,686474,686474,12.817177534103394,432283648.0,180410550.85714287,False
100,100,300,memaware,8,1744669669,755185,755185,13.131560325622559,435519488.0,180978939.50877193,False
100,100,300,memaware,8,1744669773,928971,928971,15.577526807785034,418070528.0,187796793.80645162,False
100,100,400,auto,1,1744669921,244330,244330,10.392879486083984,1171144704.0,553985365.3333334,False
100,100,400,auto,1,1744669975,886726,886726,9.272693634033203,1179910144.0,558525644.8,False
100,100,400,auto,1,1744670044,710442,710442,9.359660387039185,1174147072.0,541025680.6956521,False
100,100,400,auto,2,1744670677,637455,637455,7.958054780960083,1145339904.0,351844028.631579,False
100,100,400,auto,2,1744670768,683584,683584,9.663931846618652,1204756480.0,366863076.7659575,False
100,100,400,auto,2,1744670825,651908,651908,9.191103458404541,1192796160.0,353934904.8888889,False
100,100,400,auto,4,1744671438,988585,988585,9.9101243019104,1173114880.0,256669866.66666666,False
100,100,400,auto,4,1744671500,986225,986225,8.367212295532227,1162895360.0,254386076.09756097,False
100,100,400,auto,4,1744671574,911272,911272,10.07237982749939,1160724480.0,257156054.20408165,False
100,100,400,auto,8,1744672260,414572,414572,11.666853427886963,1195921408.0,209630673.45454547,False
100,100,400,auto,8,1744672347,253558,253558,11.907700300216675,1178902528.0,208452246.06896552,False
100,100,400,auto,8,1744672483,918133,918133,10.054944276809692,1166012416.0,208656101.87755102,False
100,100,400,evenly_split,1,1744670173,786473,786473,9.185493469238281,1181376512.0,554665611.6363636,False
100,100,400,evenly_split,1,1744670284,188782,188782,8.822162628173828,1160257536.0,539890426.0465117,False
100,100,400,evenly_split,1,1744670359,282372,282372,8.61971139907837,1187991552.0,519562073.3023256,False
100,100,400,evenly_split,2,1744670936,648158,648158,7.844575881958008,1162465280.0,350458664.42105263,False
100,100,400,evenly_split,2,1744670996,40274,40274,9.55822205543518,1202651136.0,364049808.6956521,False
100,100,400,evenly_split,2,1744671052,71403,71403,9.250138282775879,1184538624.0,365143153.7777778,False
100,100,400,evenly_split,4,1744671677,749131,749131,8.415242910385132,1159888896.0,256545945.6,False
100,100,400,evenly_split,4,1744671764,574952,574952,8.23814582824707,1180151808.0,255321038.04878047,False
100,100,400,evenly_split,4,1744671838,530311,530311,8.306822776794434,1169772544.0,255012039.80487806,False
100,100,400,evenly_split,8,1744672604,157893,157893,9.651646614074707,1188151296.0,207122050.72340426,False
100,100,400,evenly_split,8,1744672714,86881,86881,10.089677333831787,1183547392.0,207588994.72340426,False
100,100,400,evenly_split,8,1744672797,20330,20330,11.574360847473145,1162387456.0,207742043.42857143,False
100,100,400,memaware,1,1744670451,542543,542543,13.322764158248901,518942720.0,291144064.0,False
100,100,400,memaware,1,1744670508,823498,823498,13.259258508682251,497696768.0,285363768.8888889,False
100,100,400,memaware,1,1744670566,313434,313434,12.269392490386963,472973312.0,295407477.15254235,False
100,100,400,memaware,2,1744671193,526841,526841,14.778308153152466,499453952.0,243535199.08571428,False
100,100,400,memaware,2,1744671261,334445,334445,15.968640327453613,469712896.0,249449048.74666667,False
100,100,400,memaware,2,1744671329,137290,137290,16.227503776550293,466636800.0,259247117.2987013,False
100,100,400,memaware,4,1744671961,25952,25952,14.788737535476685,435077120.0,223722193.8360656,False
100,100,400,memaware,4,1744672039,163023,163023,17.31924796104431,424697856.0,225167489.8028169,False
100,100,400,memaware,4,1744672156,345371,345371,14.89179515838623,439586816.0,226440240.76190478,False
100,100,400,memaware,8,1744672940,524370,524370,17.058807373046875,424316928.0,199008256.0,False
100,100,400,memaware,8,1744673047,471936,471936,16.824564218521118,434909184.0,191000990.11764705,False
100,100,400,memaware,8,1744673169,48485,48485,16.9055438041687,424230912.0,201017237.01492536,False
100,200,100,auto,1,1744673308,29943,29943,6.0001630783081055,590016512.0,266690998.85714287,False
100,200,100,auto,1,1744673412,414589,414589,5.291073560714722,620711936.0,276628558.7692308,False
100,200,100,auto,1,1744673515,529395,529395,5.284918546676636,618496000.0,283643904.0,False
100,200,100,auto,2,1744674066,617116,617116,5.097928047180176,642908160.0,221996810.24,False
100,200,100,auto,2,1744674118,559334,559334,6.162456750869751,645447680.0,224575078.39999998,False
100,200,100,auto,2,1744674177,526578,526578,5.1773035526275635,636764160.0,217753757.53846154,False
100,200,100,auto,4,1744674708,831718,831718,6.128542423248291,644595712.0,187754939.73333332,False
100,200,100,auto,4,1744674796,382743,382743,6.416944980621338,627261440.0,192615392.0,False
100,200,100,auto,4,1744674891,632654,632654,5.577262878417969,648798208.0,190413596.44444445,False
100,200,100,auto,8,1744675443,969661,969661,6.24700403213501,621666304.0,174580684.8,False
100,200,100,auto,8,1744675516,41939,41939,7.550023555755615,657891328.0,175841052.44444445,False
100,200,100,auto,8,1744675612,875618,875618,6.152940511703491,631230464.0,174096450.06451613,False
100,200,100,evenly_split,1,1744673623,908752,908752,5.321033239364624,611295232.0,262071217.23076922,False
100,200,100,evenly_split,1,1744673673,642322,642322,6.089447021484375,655810560.0,294779426.1333333,False
100,200,100,evenly_split,1,1744673774,632083,632083,5.8097710609436035,614563840.0,280455379.86206895,False
100,200,100,evenly_split,2,1744674285,416002,416002,5.027403354644775,647798784.0,222866309.12,False
100,200,100,evenly_split,2,1744674337,54084,54084,5.90191125869751,618377216.0,223746471.72413793,False
100,200,100,evenly_split,2,1744674392,538767,538767,5.942360162734985,621309952.0,225602736.55172414,False
100,200,100,evenly_split,4,1744674989,904820,904820,5.347787380218506,617824256.0,189375146.6666667,False
100,200,100,evenly_split,4,1744675048,957780,957780,6.294908285140991,623591424.0,188422077.93548387,False
100,200,100,evenly_split,4,1744675109,708211,708211,6.225296974182129,628641792.0,189062792.53333333,False
100,200,100,evenly_split,8,1744675718,438187,438187,6.2423179149627686,629886976.0,173939899.73333335,False
100,200,100,evenly_split,8,1744675790,147774,147774,6.218406677246094,644505600.0,174962534.4,False
100,200,100,evenly_split,8,1744675886,293412,293412,6.196777105331421,638054400.0,174801507.0967742,False
100,200,100,memaware,1,1744673866,547911,547911,7.171933174133301,426016768.0,244228915.2,False
100,200,100,memaware,1,1744673922,711239,711239,6.419386386871338,460582912.0,240714368.0,False
100,200,100,memaware,1,1744673978,217719,217719,6.412297487258911,458768384.0,242439168.0,False
100,200,100,memaware,2,1744674487,307337,307337,7.339852571487427,411172864.0,218276920.8888889,False
100,200,100,memaware,2,1744674541,571497,571497,7.393292665481567,409473024.0,214780079.54285714,False
100,200,100,memaware,2,1744674603,320583,320583,7.310103178024292,412909568.0,219810019.55555555,False
100,200,100,memaware,4,1744675204,775975,775975,8.003071546554565,405790720.0,187890051.45945945,False
100,200,100,memaware,4,1744675272,95166,95166,9.248605251312256,417128448.0,190357922.9090909,False
100,200,100,memaware,4,1744675337,172174,172174,9.410157442092896,411787264.0,191190607.64444444,False
100,200,100,memaware,8,1744676021,962173,962173,8.915793895721436,409112576.0,172574033.17073172,False
100,200,100,memaware,8,1744676110,215936,215936,8.949284076690674,410238976.0,173815283.80952382,False
100,200,100,memaware,8,1744676231,1152,1152,9.126341104507446,412622848.0,169237065.14285713,False
100,200,200,auto,1,1744676340,469315,469315,9.41346549987793,1173651456.0,554339987.9111111,False
100,200,200,auto,1,1744676399,579991,579991,8.096072673797607,1139326976.0,539658502.5641025,False
100,200,200,auto,1,1744676455,616709,616709,8.079106569290161,1141424128.0,539292593.2307693,False
100,200,200,auto,2,1744677049,573822,573822,9.690630435943604,1188257792.0,357053738.6666666,False
100,200,200,auto,2,1744677143,254348,254348,8.63631296157837,1189937152.0,346727066.7906977,False
100,200,200,auto,2,1744677212,811557,811557,8.652184963226318,1188704256.0,347441883.42857146,False
100,200,200,auto,4,1744677808,814762,814762,8.536649942398071,1150394368.0,258077071.6097561,False
100,200,200,auto,4,1744677871,66788,66788,8.295322895050049,1176805376.0,257156044.79999998,False
100,200,200,auto,4,1744677932,428384,428384,8.305500745773315,1176305664.0,254868929.5609756,False
100,200,200,auto,8,1744678554,807465,807465,11.500260829925537,1172103168.0,209051713.1636364,False
100,200,200,auto,8,1744678635,308772,308772,9.568614482879639,1163821056.0,208690921.73913044,False
100,200,200,auto,8,1744678746,403450,403450,9.609695672988892,1159487488.0,206355804.59574467,False
100,200,200,evenly_split,1,1744676551,501765,501765,8.564991235733032,1195196416.0,528636294.0952381,False
100,200,200,evenly_split,1,1744676603,913395,913395,9.201535940170288,1190633472.0,565244632.1777778,False
100,200,200,evenly_split,1,1744676715,748032,748032,7.981221914291382,1146261504.0,543588562.051282,False
100,200,200,evenly_split,2,1744677301,804538,804538,7.8560686111450195,1163042816.0,348453599.17948717,False
100,200,200,evenly_split,2,1744677355,727089,727089,9.202990770339966,1193623552.0,365206973.2173913,False
100,200,200,evenly_split,2,1744677444,687749,687749,8.61153244972229,1191497728.0,346104344.38095236,False
100,200,200,evenly_split,4,1744678039,331999,331999,8.43002700805664,1163407360.0,259175024.3902439,False
100,200,200,evenly_split,4,1744678111,759017,759017,8.399561643600464,1165721600.0,259536188.95238096,False
100,200,200,evenly_split,4,1744678174,78139,78139,9.841398000717163,1184604160.0,261730368.0,False
100,200,200,evenly_split,8,1744678855,82639,82639,10.23105001449585,1177645056.0,209016257.30612245,False
100,200,200,evenly_split,8,1744678931,636239,636239,11.460070371627808,1180192768.0,207933540.57142857,False
100,200,200,evenly_split,8,1744679037,202069,202069,9.57174038887024,1163890688.0,207621620.86956522,False
100,200,200,memaware,1,1744676818,45639,45639,12.25915265083313,505815040.0,294106968.13114756,False
100,200,200,memaware,1,1744676892,785606,785606,13.6974515914917,519045120.0,298070512.4848485,False
100,200,200,memaware,1,1744676950,367841,367841,14.15206789970398,478830592.0,295789137.6231884,False
100,200,200,memaware,2,1744677557,414202,414202,13.334562063217163,480346112.0,239726336.0,False
100,200,200,memaware,2,1744677623,370827,370827,15.66911005973816,512868352.0,262705807.36,False
100,200,200,memaware,2,1744677689,678909,678909,16.094175100326538,500416512.0,269832407.57894737,False
100,200,200,memaware,4,1744678273,757606,757606,14.974406242370605,439095296.0,227777586.36065573,False
100,200,200,memaware,4,1744678349,781475,781475,15.014693021774292,442429440.0,231513380.57142857,False
100,200,200,memaware,4,1744678424,113783,113783,14.88089370727539,441479168.0,209933361.5483871,False
100,200,200,memaware,8,1744679187,760027,760027,16.98774552345276,435527680.0,190624003.71014494,False
100,200,200,memaware,8,1744679273,50886,50886,20.507896900177002,441290752.0,183257713.7777778,False
100,200,200,memaware,8,1744679365,965399,965399,20.58734917640686,430563328.0,203852223.18987343,False
100,200,300,auto,1,1744679497,965412,965412,11.811171293258667,1717755904.0,814619405.9636364,False
100,200,300,auto,1,1744679559,505824,505824,10.718836545944214,1674969088.0,826867402.8679246,False
100,200,300,auto,1,1744679642,702089,702089,11.442552328109741,1702715392.0,808930806.6909091,False
100,200,300,auto,2,1744680255,344014,344014,12.940680980682373,1713225728.0,512337391.4838709,False
100,200,300,auto,2,1744680324,999858,999858,12.641204357147217,1703120896.0,515074954.4918033,False
100,200,300,auto,2,1744680390,568672,568672,11.97971487045288,1702084608.0,504242210.7118644,False
100,200,300,auto,4,1744680990,865919,865919,13.58919644355774,1686175744.0,325207536.4848485,False
100,200,300,auto,4,1744681059,687326,687326,12.555874586105347,1701994496.0,325906756.2666667,False
100,200,300,auto,4,1744681169,528998,528998,11.415731191635132,1716531200.0,331364736.0,False
100,200,300,auto,8,1744681896,74730,74730,16.311009645462036,1710530560.0,249464657.01265824,False
100,200,300,auto,8,1744681989,271038,271038,15.940059423446655,1708707840.0,247857263.58974358,False
100,200,300,auto,8,1744682121,689972,689972,16.80458116531372,1709957120.0,248420416.81012657,False
100,200,300,evenly_split,1,1744679753,184606,184606,11.360990285873413,1716789248.0,800883273.1428572,False
100,200,300,evenly_split,1,1744679812,866084,866084,11.330575704574585,1717997568.0,811616889.0181818,False
100,200,300,evenly_split,1,1744679911,339813,339813,11.262877225875854,1666744320.0,781586729.8909091,False
100,200,300,evenly_split,2,1744680491,466893,466893,10.636730909347534,1684029440.0,492528836.92307687,False
100,200,300,evenly_split,2,1744680559,640277,640277,11.951018571853638,1725628416.0,489193220.49122804,False
100,200,300,evenly_split,2,1744680622,945002,945002,11.937146186828613,1694666752.0,483007577.8245614,False
100,200,300,evenly_split,4,1744681269,384850,384850,11.52557373046875,1705590784.0,334994575.71929824,False
100,200,300,evenly_split,4,1744681413,213246,213246,13.375179529190063,1693618176.0,330676472.24242425,False
100,200,300,evenly_split,4,1744681488,610061,610061,11.418668746948242,1716920320.0,333919027.2,False
100,200,300,evenly_split,8,1744682250,973113,973113,13.277494430541992,1685643264.0,244719840.0,False
100,200,300,evenly_split,8,1744682329,527271,527271,13.918920278549194,1678733312.0,248394961.45454547,False
100,200,300,evenly_split,8,1744682454,376609,376609,13.457721710205078,1680003072.0,247099712.0,False
100,200,300,memaware,1,1744680028,281084,281084,16.9678373336792,591249408.0,371381951.2289157,False
100,200,300,memaware,1,1744680089,910779,910779,19.68778085708618,603389952.0,380866128.84210527,False
100,200,300,memaware,1,1744680159,721370,721370,18.59658408164978,618299392.0,373038229.5730337,False
100,200,300,memaware,2,1744680729,957301,957301,22.73690176010132,507949056.0,291562799.4074074,False
100,200,300,memaware,2,1744680800,553068,553068,19.430635929107666,514396160.0,286905104.34042555,False
100,200,300,memaware,2,1744680868,33465,33465,23.11812663078308,512548864.0,297465409.1636364,False
100,200,300,memaware,4,1744681611,600417,600417,21.933817625045776,469004288.0,244730168.58947366,False
100,200,300,memaware,4,1744681688,870602,870602,21.455512762069702,480018432.0,251864564.86956522,False
100,200,300,memaware,4,1744681766,609875,609875,25.318420886993408,460058624.0,256495337.63106796,False
100,200,300,memaware,8,1744682578,585888,585888,25.328688859939575,434536448.0,231157810.08695653,False
100,200,300,memaware,8,1744682672,980194,980194,29.413628578186035,433016832.0,235922284.990099,False
100,200,300,memaware,8,1744682773,995953,995953,29.41044569015503,435515392.0,220166971.07692307,False
100,200,400,auto,1,1744682906,168227,168227,16.16679549217224,2199781376.0,1153263077.0526316,False
100,200,400,auto,1,1744682977,778981,778981,15.553346872329712,2212044800.0,1158687151.1578948,False
100,200,400,auto,1,1744683049,499554,499554,14.999236583709717,2189586432.0,1123469620.6027398,False
100,200,400,auto,2,1744683744,168098,168098,15.758277654647827,2244022272.0,663795020.4675325,False
100,200,400,auto,2,1744683824,243259,243259,15.417266368865967,2208440320.0,654545360.2133334,False
100,200,400,auto,2,1744683887,825340,825340,15.697494506835938,2200018944.0,663168538.9473684,False
100,200,400,auto,4,1744684531,428731,428731,16.495277166366577,2202918912.0,406009984.0,False
100,200,400,auto,4,1744684601,550043,550043,16.10745596885681,2244116480.0,404371889.2307693,False
100,200,400,auto,4,1744684671,613227,613227,16.807437419891357,2244440064.0,413891204.7407407,False
100,200,400,auto,8,,,,,,,True
100,200,400,evenly_split,1,1744683171,205253,205253,14.081360816955566,2241310720.0,1086563135.0724638,False
100,200,400,evenly_split,1,1744683286,220081,220081,14.270184993743896,2219134976.0,1078673290.9714286,False
100,200,400,evenly_split,1,1744683349,967038,967038,14.655386924743652,2229551104.0,1111342535.1111112,False
100,200,400,evenly_split,2,1744683989,584774,584774,14.261478424072266,2222100480.0,623264855.7714286,False
100,200,400,evenly_split,2,1744684059,826008,826008,15.71412444114685,2236334080.0,657738446.1298702,False
100,200,400,evenly_split,2,1744684122,921990,921990,15.654978275299072,2260320256.0,657996485.9733334,False
100,200,400,evenly_split,4,1744684783,706196,706196,17.096697092056274,2223308800.0,408736768.0,False
100,200,400,evenly_split,4,1744684860,33641,33641,16.266168117523193,2257100800.0,401497633.2467533,False
100,200,400,evenly_split,4,1744684931,406061,406061,16.782686233520508,2204241920.0,408884261.46341467,False
100,200,400,evenly_split,8,,,,,,,True
100,200,400,memaware,1,1744683464,45513,45513,23.564840078353882,669704192.0,428035063.09565216,False
100,200,400,memaware,1,1744683533,466753,466753,24.426181077957153,657625088.0,418450553.4915254,False
100,200,400,memaware,1,1744683633,832310,832310,22.314746618270874,669859840.0,422826249.4814815,False
100,200,400,memaware,2,1744684248,76803,76803,30.38480305671692,550924288.0,313867652.4137931,False
100,200,400,memaware,2,1744684328,361316,361316,30.0231032371521,553394176.0,319849608.0559441,False
100,200,400,memaware,2,1744684412,874607,874607,29.674743175506592,570044416.0,315621996.1690141,False
100,200,400,memaware,4,1744685077,277199,277199,28.137401580810547,509464576.0,274432335.44827586,False
100,200,400,memaware,4,1744685168,965762,965762,28.01615071296692,506068992.0,274794950.12173915,False
100,200,400,memaware,4,1744685286,485392,485392,32.58184099197388,478851072.0,272360776.5970149,False
100,200,400,memaware,8,1744686285,372964,372964,32.798248291015625,435531776.0,260356147.66972476,False
100,200,400,memaware,8,1744686386,472608,472608,39.01455855369568,433242112.0,258642598.4,False
100,200,400,memaware,8,1744686501,517441,517441,32.93386197090149,443236352.0,247202992.87272727,False
100,300,100,auto,1,1744686640,543204,543204,7.569996356964111,914976768.0,396205637.1891892,False
100,300,100,auto,1,1744686692,335307,335307,7.666641712188721,913993728.0,404726622.31578946,False
100,300,100,auto,1,1744686744,576527,576527,7.52573561668396,870793216.0,396033937.2972973,False
100,300,100,auto,2,1744687318,355799,355799,6.517660617828369,928235520.0,284187306.6666667,False
100,300,100,auto,2,1744687373,649343,649343,7.4114670753479,881627136.0,284011215.5675676,False
100,300,100,auto,2,1744687429,650004,650004,7.595736265182495,876294144.0,286829595.6756757,False
100,300,100,auto,4,1744687999,927198,927198,6.840765714645386,898445312.0,221108615.52941176,False
100,300,100,auto,4,1744688062,420562,420562,7.627659559249878,919621632.0,215693958.7368421,False
100,300,100,auto,4,1744688128,643502,643502,6.78883695602417,897511424.0,223797713.45454547,False
100,300,100,auto,8,1744688686,360253,360253,7.862980365753174,908001280.0,190793649.23076922,False
100,300,100,auto,8,1744688761,709418,709418,8.082892417907715,922918912.0,190328499.2,False
100,300,100,auto,8,1744688835,884069,884069,7.808382272720337,897802240.0,191369175.57894737,False
100,300,100,evenly_split,1,1744686841,634572,634572,6.676426649093628,905928704.0,402377014.3030303,False
100,300,100,evenly_split,1,1744686893,636158,636158,7.639886140823364,921088000.0,419298774.4864865,False
100,300,100,evenly_split,1,1744686993,163557,163557,6.655364513397217,905641984.0,396862432.969697,False
100,300,100,evenly_split,2,1744687520,844563,844563,6.453327894210815,878170112.0,280714933.67741936,False
100,300,100,evenly_split,2,1744687574,740499,740499,7.591684579849243,926556160.0,286922805.8947368,False
100,300,100,evenly_split,2,1744687631,138783,138783,8.072860479354858,946737152.0,301234386.05128205,False
100,300,100,evenly_split,4,1744688230,639227,639227,6.8071677684783936,895709184.0,222188453.6470588,False
100,300,100,evenly_split,4,1744688290,237041,237041,6.895604133605957,889409536.0,223210526.11764705,False
100,300,100,evenly_split,4,1744688350,152636,152636,8.162238836288452,921620480.0,223424275.6923077,False
100,300,100,evenly_split,8,1744688943,668860,668860,8.238008975982666,917442560.0,192625651.2,False
100,300,100,evenly_split,8,1744689023,888,888,9.389599800109863,905412608.0,191551020.52173913,False
100,300,100,evenly_split,8,1744689133,994690,994690,9.456194400787354,938024960.0,191944102.95652175,False
100,300,100,memaware,1,1744687113,476718,476718,9.672368288040161,466722816.0,263899353.8723404,False
100,300,100,memaware,1,1744687168,5296,5296,9.745705842971802,461451264.0,262863274.66666666,False
100,300,100,memaware,1,1744687225,363908,363908,11.262906312942505,466513920.0,269072822.85714287,False
100,300,100,memaware,2,1744687754,626047,626047,10.691738605499268,458813440.0,235597705.84615386,False
100,300,100,memaware,2,1744687840,13716,13716,10.69059443473816,422846464.0,232945664.0,False
100,300,100,memaware,2,1744687908,243349,243349,10.667313575744629,452886528.0,237133462.5882353,False
100,300,100,memaware,4,1744688451,616030,616030,11.373346090316772,425254912.0,211600624.94117647,False
100,300,100,memaware,4,1744688517,51851,51851,11.390421628952026,424960000.0,201431654.4,False
100,300,100,memaware,4,1744688583,416825,416825,13.235719919204712,440664064.0,201921253.51724136,False
100,300,100,memaware,8,1744689260,304392,304392,13.259536504745483,426131456.0,186886647.01754385,False
100,300,100,memaware,8,1744689340,918855,918855,13.440452098846436,426545152.0,186499172.57142857,False
100,300,100,memaware,8,1744689418,405412,405412,12.978374242782593,442155008.0,179002916.57142857,False
100,300,200,auto,1,1744689592,951939,951939,11.89583945274353,1709211648.0,797205504.0,False
100,300,200,auto,1,1744689647,173748,173748,11.57188105583191,1686208512.0,812947968.0,False
100,300,200,auto,1,1744689704,811726,811726,12.595746517181396,1705394176.0,853063812.1290323,False
100,300,200,auto,2,1744690260,280545,280545,10.618615865707397,1685848064.0,500740214.15384614,False
100,300,200,auto,2,1744690318,14505,14505,11.88901138305664,1712766976.0,491473425.6551724,False
100,300,200,auto,2,1744690378,851484,851484,11.973196268081665,1704194048.0,504196872.8275862,False
100,300,200,auto,4,1744691012,411358,411358,11.29763674736023,1674207232.0,328148154.1818182,False
100,300,200,auto,4,1744691077,90320,90320,13.439163208007812,1656365056.0,326166279.75757575,False
100,300,200,auto,4,1744691147,945328,945328,12.315249681472778,1670881280.0,317883784.5333333,False
100,300,200,auto,8,1744691807,208765,208765,13.24319052696228,1684561920.0,247794460.44444445,False
100,300,200,auto,8,1744691898,435338,435338,13.90229606628418,1739759616.0,251877927.3846154,False
100,300,200,auto,8,1744691982,60623,60623,13.340839862823486,1683890176.0,244796928.0,False
100,300,200,evenly_split,1,1744689799,10323,10323,10.715227127075195,1676439552.0,841246247.3846154,False
100,300,200,evenly_split,1,1744689854,871415,871415,12.414231061935425,1722347520.0,866942907.7333333,False
100,300,200,evenly_split,1,1744689918,324688,324688,10.681919813156128,1677516800.0,841964544.0,False
100,300,200,evenly_split,2,1744690485,859463,859463,12.517966747283936,1719586816.0,510665926.1935484,False
100,300,200,evenly_split,2,1744690558,664081,664081,10.674847602844238,1685778432.0,501194829.2830189,False
100,300,200,evenly_split,2,1744690615,907294,907294,10.657195329666138,1686183936.0,500759394.46153843,False
100,300,200,evenly_split,4,1744691260,8226,8226,12.822683572769165,1677012992.0,327791500.38709676,False
100,300,200,evenly_split,4,1744691338,453556,453556,13.812388181686401,1713700864.0,333486436.8484849,False
100,300,200,evenly_split,4,1744691431,540356,540356,11.152503252029419,1686142976.0,333629838.2222222,False
100,300,200,evenly_split,8,1744692168,290392,290392,13.315338850021362,1686642688.0,247828912.0,False
100,300,200,evenly_split,8,1744692247,883340,883340,16.630918264389038,1704984576.0,246221779.2,False
100,300,200,evenly_split,8,1744692336,160750,160750,15.920084953308105,1700417536.0,248318733.47368422,False
100,300,200,memaware,1,1744690016,485050,485050,17.07177758216858,605417472.0,371288112.7619048,False
100,300,200,memaware,1,1744690078,518328,518328,18.56094717979431,609177600.0,368253227.14606744,False
100,300,200,memaware,1,1744690148,252916,252916,19.330501079559326,605962240.0,383554712.5106383,False
100,300,200,memaware,2,1744690721,32752,32752,19.98615026473999,541028352.0,294053972.4536083,False
100,300,200,memaware,2,1744690790,699112,699112,23.31729817390442,539840512.0,295587932.2522522,False
100,300,200,memaware,2,1744690910,322487,322487,19.936365365982056,506249216.0,295134442.6666666,False
100,300,200,memaware,4,1744691536,664196,664196,21.919564247131348,457101312.0,252601522.08695653,False
100,300,200,memaware,4,1744691613,341645,341645,21.89969229698181,465301504.0,263510628.17391303,False
100,300,200,memaware,4,1744691691,720611,720611,25.1086905002594,472641536.0,243553624.43636364,False
100,300,200,memaware,8,1744692456,786651,786651,25.578533172607422,440655872.0,207549811.8736842,False
100,300,200,memaware,8,1744692548,315843,315843,29.607547283172607,437174272.0,220461006.29126215,False
100,300,200,memaware,8,1744692657,409117,409117,25.280530214309692,446320640.0,219269339.42857143,False
100,300,300,auto,1,1744692786,295287,295287,17.718369007110596,2476224512.0,1334496539.759036,False
100,300,300,auto,1,1744692871,67132,67132,14.666998624801636,2452963328.0,1273015751.1111112,False
100,300,300,auto,1,1744692932,629380,629380,14.898103952407837,2485297152.0,1297100631.671233,False
100,300,300,auto,2,1744693575,176499,176499,17.427729606628418,2505519104.0,747017758.117647,False
100,300,300,auto,2,1744693647,585284,585284,15.589237928390503,2466185216.0,708550386.5263158,False
100,300,300,auto,2,1744693711,999285,999285,16.021767377853394,2470772736.0,707206879.1794871,False
100,300,300,auto,4,1744694369,501281,501281,18.321248531341553,2477457408.0,451632151.27272725,False
100,300,300,auto,4,1744694455,914341,914341,17.712674617767334,2464612352.0,440465492.32941175,False
100,300,300,auto,4,1744694551,243810,243810,17.28586220741272,2503884800.0,443259780.62650603,False
100,300,300,auto,8,,,,,,,True
100,300,300,evenly_split,1,1744693059,596006,596006,15.590784549713135,2460528640.0,1258618388.48,False
100,300,300,evenly_split,1,1744693121,242426,242426,16.83446741104126,2489458688.0,1311815098.4691358,False
100,300,300,evenly_split,1,1744693185,987856,987856,16.83560085296631,2492243968.0,1322094996.5432098,False
100,300,300,evenly_split,2,1744693811,69647,69647,17.432998180389404,2505441280.0,740768298.1647059,False
100,300,300,evenly_split,2,1744693900,656678,656678,15.936763525009155,2485669888.0,706463447.5789474,False
100,300,300,evenly_split,2,1744693963,405838,405838,16.92272973060608,2513575936.0,720944313.060241,False
100,300,300,evenly_split,4,1744694657,562743,562743,18.562965393066406,2501967872.0,449605199.64444447,False
100,300,300,evenly_split,4,1744694732,229946,229946,18.344964027404785,2477907968.0,449634039.3707865,False
100,300,300,evenly_split,4,1744694805,461794,461794,17.545188903808594,2474987520.0,431627553.12941176,False
100,300,300,evenly_split,8,,,,,,,True
100,300,300,memaware,1,1744693310,198230,198230,26.50614094734192,706551808.0,451871136.0,False
100,300,300,memaware,1,1744693381,99103,99103,26.727370023727417,699150336.0,444834522.29457366,False
100,300,300,memaware,1,1744693461,783803,783803,26.515581607818604,697835520.0,445205440.0,False
100,300,300,memaware,2,1744694070,468202,468202,33.10615277290344,595689472.0,336419755.2101911,False
100,300,300,memaware,2,1744694151,409495,409495,32.83971929550171,574533632.0,333380006.8129032,False
100,300,300,memaware,2,1744694243,714858,714858,32.91087031364441,601235456.0,332084970.52903223,False
100,300,300,memaware,4,1744694922,718590,718590,31.38848328590393,517066752.0,279660520.18604654,False
100,300,300,memaware,4,1744695019,727588,727588,36.4847412109375,513318912.0,273251733.47651005,False
100,300,300,memaware,4,1744695114,146001,146001,36.4408814907074,527794176.0,276710611.86206895,False
100,300,300,memaware,8,1744696087,83505,83505,44.05367970466614,441929728.0,243930546.31724137,False
100,300,300,memaware,8,1744696208,448491,448491,37.00701904296875,448438272.0,244986433.53599998,False
100,300,300,memaware,8,1744696311,883882,883882,43.4828085899353,448720896.0,239922904.8888889,False
100,300,400,auto,1,1744696458,612434,612434,21.9654438495636,3275493376.0,1780299912.5333333,False
100,300,400,auto,1,1744696525,99276,99276,19.59442162513733,3292827648.0,1710521074.5263157,False
100,300,400,auto,1,1744696592,476739,476739,21.8391854763031,3288010752.0,1807594369.2190475,False
100,300,400,auto,2,1744697254,498163,498163,21.994290590286255,3284029440.0,981724762.9158878,False
100,300,400,auto,2,1744697347,699048,699048,20.367234230041504,3259641856.0,940463941.8181818,False
100,300,400,auto,2,1744697418,243384,243384,20.124452114105225,3290652672.0,945945737.2371134,False
100,300,400,auto,4,1744698140,92235,92235,25.31682801246643,3313655808.0,573133865.9672132,False
100,300,400,auto,4,1744698228,941009,941009,22.15838599205017,3249750016.0,554293605.4339623,False
100,300,400,auto,4,1744698342,41632,41632,22.355619430541992,3289305088.0,563631237.9813083,False
100,300,400,auto,8,,,,,,,True
100,300,400,evenly_split,1,1744696695,593345,593345,21.670702695846558,3254243328.0,1772566898.5904763,False
100,300,400,evenly_split,1,1744696776,761945,761945,20.047065258026123,3234410496.0,1701765579.7551022,False
100,300,400,evenly_split,1,1744696871,287176,287176,19.455336332321167,3245735936.0,1700788418.0210526,False
100,300,400,evenly_split,2,1744697546,924177,924177,22.57368516921997,3272163328.0,992610792.5137615,False
100,300,400,evenly_split,2,1744697627,675473,675473,20.360430240631104,3264131072.0,934627162.5050505,False
100,300,400,evenly_split,2,1744697705,14719,14719,20.182475328445435,3283406848.0,940539005.387755,False
100,300,400,evenly_split,4,1744698477,386493,386493,24.9679057598114,3250511872.0,568648004.2666667,False
100,300,400,evenly_split,4,1744698555,86260,86260,24.735844612121582,3282477056.0,574124333.1764705,False
100,300,400,evenly_split,4,1744698678,546568,546568,24.342479467391968,3272466432.0,580721103.8632479,False
100,300,400,evenly_split,8,,,,,,,True
100,300,400,memaware,1,1744696969,263109,263109,32.529573917388916,803852288.0,537900468.9936305,False
100,300,400,memaware,1,1744697051,903991,903991,35.30922293663025,822865920.0,538429199.0588236,False
100,300,400,memaware,1,1744697138,417742,417742,32.673651933670044,779337728.0,535756048.20253164,False
100,300,400,memaware,2,1744697814,699528,699528,42.860854148864746,621125632.0,376999142.90196073,False
100,300,400,memaware,2,1744697910,589962,589962,43.591901540756226,630902784.0,380131198.75728154,False
100,300,400,memaware,2,1744698012,677149,677149,37.91462993621826,616472576.0,382770102.4530387,False
100,300,400,memaware,4,1744698808,579577,579577,41.807204484939575,517730304.0,298385199.627907,False
100,300,400,memaware,4,1744698913,875181,875181,48.14697551727295,553267200.0,321611893.947644,False
100,300,400,memaware,4,1744699025,241062,241062,47.73091220855713,566312960.0,319327472.0,False
100,300,400,memaware,8,1744699982,868619,868619,56.71860933303833,463200256.0,242036869.17919075,False
100,300,400,memaware,8,1744700115,221164,221164,57.220921993255615,485154816.0,258135430.65895954,False
100,300,400,memaware,8,1744700239,948803,948803,57.871894121170044,488300544.0,266384199.91011235,False
100,400,100,auto,1,1744700408,623819,623819,8.797701358795166,1160122368.0,523313249.52380955,False
100,400,100,auto,1,1744700462,927441,927441,8.656973361968994,1179217920.0,521219238.6976744,False
100,400,100,auto,1,1744700517,686739,686739,8.52091670036316,1141108736.0,522292948.29268295,False
100,400,100,auto,2,1744701056,587660,587660,7.804635524749756,1169489920.0,353742255.15789473,False
100,400,100,auto,2,1744701111,141583,141583,7.809466123580933,1161662464.0,344192708.9230769,False
100,400,100,auto,2,1744701167,420954,420954,8.552314043045044,1190973440.0,348055698.28571427,False
100,400,100,auto,4,1744701733,632622,632622,8.316949367523193,1169178624.0,255991475.2,False
100,400,100,auto,4,1744701837,479542,479542,9.600129127502441,1201754112.0,252563545.04347825,False
100,400,100,auto,4,1744701901,883864,883864,9.885085821151733,1173499904.0,258362304.0,False
100,400,100,auto,8,1744702522,232734,232734,9.458987474441528,1160413184.0,207879980.52173913,False
100,400,100,auto,8,1744702602,853872,853872,9.477273941040039,1164713984.0,207981033.73913044,False
100,400,100,auto,8,1744702681,77399,77399,9.616029262542725,1189036032.0,205962599.4893617,False
100,400,100,evenly_split,1,1744700612,585861,585861,7.934848070144653,1147375616.0,528146216.42105263,False
100,400,100,evenly_split,1,1744700664,592396,592396,7.978744268417358,1144717312.0,539329772.3076923,False
100,400,100,evenly_split,1,1744700716,286899,286899,9.223235607147217,1187295232.0,562429860.9777777,False
100,400,100,evenly_split,2,1744701260,568499,568499,9.138270616531372,1194844160.0,356101415.82222223,False
100,400,100,evenly_split,2,1744701327,979463,979463,7.872032403945923,1161232384.0,351021163.78947365,False
100,400,100,evenly_split,2,1744701381,200935,200935,9.142430305480957,1195380736.0,355836177.06666666,False
100,400,100,evenly_split,4,1744702007,345190,345190,9.774841547012329,1186271232.0,257018325.3333333,False
100,400,100,evenly_split,4,1744702071,787653,787653,8.32948112487793,1164365824.0,252516401.9512195,False
100,400,100,evenly_split,4,1744702134,778162,778162,9.982685804367065,1170677760.0,259897218.6122449,False
100,400,100,evenly_split,8,1744702812,685837,685837,11.295364618301392,1177845760.0,208705334.85714287,False
100,400,100,evenly_split,8,1744702922,500537,500537,9.540319204330444,1162194944.0,207881861.56521738,False
100,400,100,evenly_split,8,1744703025,511109,511109,9.515401124954224,1154527232.0,206494447.65957448,False
100,400,100,memaware,1,1744700837,84893,84893,12.711965560913086,492568576.0,291686952.63492066,False
100,400,100,memaware,1,1744700897,189188,189188,14.652789115905762,526970880.0,294030677.3333333,False
100,400,100,memaware,1,1744700960,809839,809839,12.555168151855469,493010944.0,282051352.7741935,False
100,400,100,memaware,2,1744701493,124613,124613,13.718760013580322,498388992.0,246898781.0909091,False
100,400,100,memaware,2,1744701557,955914,955914,15.626758813858032,479772672.0,252316186.9473684,False
100,400,100,memaware,2,1744701623,454585,454585,15.968766927719116,485937152.0,255618407.0649351,False
100,400,100,memaware,4,1744702260,594781,594781,14.990857601165771,445345792.0,223035056.0,False
100,400,100,memaware,4,1744702332,49259,49259,17.443786144256592,433631232.0,221494471.1111111,False
100,400,100,memaware,4,1744702412,105350,105350,17.443164587020874,446906368.0,211190908.54054055,False
100,400,100,memaware,8,1744703159,657428,657428,17.06412935256958,428109824.0,189212701.68115944,False
100,400,100,memaware,8,1744703270,387695,387695,20.28414797782898,435654656.0,189448217.28395063,False
100,400,100,memaware,8,1744703360,194717,194717,20.85940408706665,436232192.0,191158227.75308642,False
100,400,200,auto,1,1744703511,745201,745201,14.816141366958618,2214727680.0,1109859026.8235295,False
100,400,200,auto,1,1744703572,822213,822213,15.383015155792236,2228772864.0,1147932726.6133332,False
100,400,200,auto,1,1744703650,527123,527123,14.214594602584839,2222002176.0,1081369395.2,False
100,400,200,auto,2,1744704316,154542,154542,15.666245222091675,2202255360.0,658288932.5714285,False
100,400,200,auto,2,1744704392,689092,689092,15.64077615737915,2204639232.0,666481205.8947368,False
100,400,200,auto,2,1744704456,488757,488757,14.830324172973633,2215059456.0,641057048.5479451,False
100,400,200,auto,4,1744705109,306311,306311,16.149693965911865,2241536000.0,409555034.73417723,False
100,400,200,auto,4,1744705179,468149,468149,16.80220079421997,2203590656.0,414022580.1481482,False
100,400,200,auto,4,1744705308,288513,288513,14.18108081817627,2236354560.0,404377377.3913044,False
100,400,200,auto,8,,,,,,,True
100,400,200,evenly_split,1,1744703777,812288,812288,14.198774814605713,2224230400.0,1096778781.2571428,False
100,400,200,evenly_split,1,1744703837,124834,124834,15.44376540184021,2223214592.0,1163047130.4533334,False
100,400,200,evenly_split,1,1744703962,276963,276963,14.089787721633911,2232061952.0,1082165633.8550725,False
100,400,200,evenly_split,2,1744704595,440034,440034,14.515068292617798,2191052800.0,632692531.1999999,False
100,400,200,evenly_split,2,1744704675,905971,905971,14.157471418380737,2236588032.0,629517178.4347826,False
100,400,200,evenly_split,2,1744704737,664477,664477,14.332780122756958,2220830720.0,626841951.0857143,False
100,400,200,evenly_split,4,1744705414,814991,814991,16.186373472213745,2230706176.0,395846630.0759494,False
100,400,200,evenly_split,4,1744705487,454819,454819,16.4560604095459,2239782912.0,393823833.6,False
100,400,200,evenly_split,4,1744705560,70519,70519,16.535887002944946,2230394880.0,410798617.59999996,False
100,400,200,evenly_split,8,,,,,,,True
100,400,200,memaware,1,1744704055,925405,925405,26.28041696548462,689991680.0,427844672.0,False
100,400,200,memaware,1,1744704128,524439,524439,24.709513425827026,648511488.0,422414370.1333333,False
100,400,200,memaware,1,1744704198,824792,824792,26.391074180603027,690503680.0,430939456.0,False
100,400,200,memaware,2,1744704835,250189,250189,26.227943181991577,550981632.0,321650278.4,False
100,400,200,memaware,2,1744704910,506043,506043,30.431882619857788,548990976.0,317519155.91608393,False
100,400,200,memaware,2,1744704992,318824,318824,30.29780101776123,591724544.0,327485858.25352114,False
100,400,200,memaware,4,1744705719,446878,446878,33.09022378921509,494919680.0,275510449.08270675,False
100,400,200,memaware,4,1744705818,690793,690793,28.563274383544922,485273600.0,263286474.2184874,False
100,400,200,memaware,4,1744705900,497289,497289,33.07720112800598,486010880.0,286040248.7819549,False
100,400,200,memaware,8,1744706867,970870,970870,39.498748540878296,442699776.0,247347740.672,False
100,400,200,memaware,8,1744706975,999153,999153,33.38327956199646,438779904.0,246017137.27433628,False
100,400,200,memaware,8,1744707076,869119,869119,39.929577112197876,435519488.0,246496441.4488189,False
100,400,300,auto,1,1744707219,492819,492819,21.339829206466675,3258609664.0,1698094112.336842,False
100,400,300,auto,1,1744707288,942341,942341,19.388175010681152,3245907968.0,1694389269.787234,False
100,400,300,auto,1,1744707352,25622,25622,19.6086585521698,3289354240.0,1710331235.7052631,False
100,400,300,auto,2,1744708043,678947,678947,22.016327381134033,3275907072.0,981644603.8130841,False
100,400,300,auto,2,1744708142,47623,47623,19.888087511062622,3258056704.0,948016021.3333333,False
100,400,300,auto,2,1744708239,445753,445753,19.91471791267395,3257204736.0,949772182.4329897,False
100,400,300,auto,4,1744709123,918275,918275,24.18869709968567,3284918272.0,581318241.1034483,False
100,400,300,auto,4,1744709215,700803,700803,23.2311429977417,3236438016.0,560078608.1441442,False
100,400,300,auto,4,1744709327,547293,547293,24.6297824382782,3292229632.0,579507191.394958,False
100,400,300,auto,8,,,,,,,True
100,400,300,evenly_split,1,1744707454,856505,856505,19.63999032974243,3281494016.0,1711318485.3333333,False
100,400,300,evenly_split,1,1744707520,143812,143812,20.63714051246643,3282292736.0,1743590227.6435645,False
100,400,300,evenly_split,1,1744707613,623080,623080,19.369181871414185,3254988800.0,1729016160.344086,False
100,400,300,evenly_split,2,1744708357,266518,266518,23.673274278640747,3255726080.0,987560505.8782609,False
100,400,300,evenly_split,2,1744708539,211233,211233,19.83943271636963,3270995968.0,937655914.6666666,False
100,400,300,evenly_split,2,1744708610,816546,816546,21.748616218566895,3256373248.0,982672441.9622642,False
100,400,300,evenly_split,4,1744709473,125289,125289,22.100770473480225,3264786432.0,557692114.5420561,False
100,400,300,evenly_split,4,1744709575,435826,435826,21.942516565322876,3281178624.0,555678217.6603774,False
100,400,300,evenly_split,4,1744709651,902452,902452,23.943597555160522,3268915200.0,580942998.0689656,False
100,400,300,evenly_split,8,,,,,,,True
100,400,300,memaware,1,1744707712,564094,564094,32.87314462661743,803786752.0,541037394.1132076,False
100,400,300,memaware,1,1744707850,537432,537432,32.838242530822754,812863488.0,544181053.5696203,False
100,400,300,memaware,1,1744707927,34712,34712,34.41083359718323,799891456.0,536706252.8,False
100,400,300,memaware,2,1744708754,883077,883077,43.7375648021698,670773248.0,387339555.8647343,False
100,400,300,memaware,2,1744708871,353309,353309,38.35879707336426,659103744.0,385762849.3913044,False
100,400,300,memaware,2,1744708991,559784,559784,37.71521306037903,651579392.0,380974523.73333335,False
100,400,300,memaware,4,1744709799,902664,902664,47.69569206237793,544866304.0,309022014.3419689,False
100,400,300,memaware,4,1744709910,778563,778563,48.3113272190094,546926592.0,319383962.6666667,False
100,400,300,memaware,4,1744710020,618770,618770,47.93086361885071,533577728.0,296326739.978836,False
100,400,300,memaware,8,1744710982,364265,364265,57.57958984375,460742656.0,260184843.37777779,False
100,400,300,memaware,8,1744711114,34003,34003,57.166459798812866,457650176.0,259384133.54913294,False
100,400,300,memaware,8,1744711246,909178,909178,57.447686433792114,481947648.0,262695756.50574714,False
100,400,400,auto,1,1744711410,434686,434686,26.12790560722351,4337348608.0,2322338191.609756,False
100,400,400,auto,1,1744711484,706231,706231,26.553414821624756,4293386240.0,2421052256.0,False
100,400,400,auto,1,1744711557,806810,806810,25.03811001777649,4288286720.0,2307621439.4710746,False
100,400,400,auto,2,1744712311,52956,52956,26.499688148498535,4359065600.0,1249524896.0,False
100,400,400,auto,2,1744712431,704228,704228,26.07478165626526,4293869568.0,1248959276.6984127,False
100,400,400,auto,2,1744712537,75209,75209,25.724202871322632,4330995712.0,1263643373.268293,False
100,400,400,auto,4,,,,,,,True
100,400,400,auto,8,,,,,,,True
100,400,400,evenly_split,1,1744711668,971310,971310,27.292253732681274,4313718784.0,2407486534.3511453,False
100,400,400,evenly_split,1,1744711739,709755,709755,26.419636964797974,4307017728.0,2348859776.0,False
100,400,400,evenly_split,1,1744711839,291,291,25.24277973175049,4323663872.0,2356422672.9256196,False
100,400,400,evenly_split,2,1744712664,43471,43471,26.759194374084473,4330295296.0,1266491968.0,False
100,400,400,evenly_split,2,1744712740,665215,665215,28.62906289100647,4330549248.0,1293450611.0144928,False
100,400,400,evenly_split,2,1744712819,148994,148994,27.185425758361816,4337721344.0,1264092652.4580154,False
100,400,400,evenly_split,4,,,,,,,True
100,400,400,evenly_split,8,,,,,,,True
100,400,400,memaware,1,1744712002,639204,639204,42.91289496421814,948379648.0,653903911.7669903,False
100,400,400,memaware,1,1744712094,784090,784090,44.796700954437256,942096384.0,640300354.1032864,False
100,400,400,memaware,1,1744712185,148912,148912,44.896631956100464,943898624.0,644064686.6542056,False
100,400,400,memaware,2,1744712939,245114,245114,56.9435670375824,690417664.0,442866898.9363296,False
100,400,400,memaware,2,1744713055,304160,304160,56.37034201622009,718606336.0,437298560.96240604,False
100,400,400,memaware,2,1744713168,614428,614428,56.42083954811096,720248832.0,444015874.89811325,False
100,400,400,memaware,4,1744714284,304043,304043,54.67119574546814,599826432.0,336314230.24215245,False
100,400,400,memaware,4,1744714402,275773,275773,54.76389956474304,559382528.0,330202748.0528634,False
100,400,400,memaware,4,1744714520,227125,227125,54.772765159606934,580677632.0,333908504.8105727,False
100,400,400,memaware,8,1744715558,593304,593304,75.69944429397583,496218112.0,290918132.67256635,False
100,400,400,memaware,8,1744715710,235258,235258,74.8625819683075,477470720.0,267731736.1076233,False
100,400,400,memaware,8,1744715862,813131,813131,75.73520827293396,500948992.0,271383053.2987013,False
200,100,100,auto,1,1744716046,37476,37476,5.498910188674927,588656640.0,274519906.46153843,False
200,100,100,auto,1,1744716105,941371,941371,5.366774797439575,606334976.0,276294577.2307692,False
200,100,100,auto,1,1744716155,722150,722150,6.153010845184326,647667712.0,297652497.06666666,False
200,100,100,auto,2,1744716696,977239,977239,5.0974249839782715,643207168.0,220777185.28,False
200,100,100,auto,2,1744716748,30576,30576,5.176507472991943,634986496.0,216795687.38461536,False
200,100,100,auto,2,1744716800,760980,760980,5.206628084182739,625881088.0,218815119.36,False
200,100,100,auto,4,1744717323,265330,265330,5.515597105026245,604442624.0,186967827.69230768,False
200,100,100,auto,4,1744717394,181032,181032,6.280494213104248,628719616.0,188578716.9032258,False
200,100,100,auto,4,1744717482,857321,857321,5.458328008651733,604610560.0,188924888.6153846,False
200,100,100,auto,8,1744718047,777570,777570,6.264306306838989,637153280.0,173206971.73333332,False
200,100,100,auto,8,1744718121,562270,562270,6.169164657592773,637505536.0,173407545.80645162,False
200,100,100,auto,8,1744718194,695314,695314,6.247169733047485,631283712.0,173749521.06666666,False
200,100,100,evenly_split,1,1744716241,304318,304318,5.443420171737671,605966336.0,268598035.6923077,False
200,100,100,evenly_split,1,1744716291,996427,996427,6.231102466583252,639721472.0,279350899.61290324,False
200,100,100,evenly_split,1,1744716344,82375,82375,5.415675401687622,605913088.0,269863699.6923077,False
200,100,100,evenly_split,2,1744716890,827060,827060,5.626553535461426,633810944.0,222770249.14285713,False
200,100,100,evenly_split,2,1744716942,726515,726515,5.22011399269104,628236288.0,216768984.6153846,False
200,100,100,evenly_split,2,1744716996,593734,593734,6.060614109039307,609628160.0,226606468.4137931,False
200,100,100,evenly_split,4,1744717582,788192,788192,5.511655330657959,601935872.0,186635027.6923077,False
200,100,100,evenly_split,4,1744717641,917757,917757,6.296478271484375,622403584.0,189781124.12903225,False
200,100,100,evenly_split,4,1744717703,907700,907700,6.31014084815979,628494336.0,191234594.13333333,False
200,100,100,evenly_split,8,1744718305,919545,919545,6.749083995819092,620777472.0,174183392.96969697,False
200,100,100,evenly_split,8,1744718378,621737,621737,6.286176681518555,620208128.0,173664085.33333334,False
200,100,100,evenly_split,8,1744718451,379980,379980,7.579486131668091,654348288.0,175427114.66666666,False
200,100,100,memaware,1,1744716470,669960,669960,6.843875169754028,454213632.0,235447958.5882353,False
200,100,100,memaware,1,1744716548,305299,305299,6.818729639053345,451715072.0,238935943.52941176,False
200,100,100,memaware,1,1744716608,187047,187047,7.842112064361572,473157632.0,243678477.47368422,False
200,100,100,memaware,2,1744717092,496826,496826,7.376112222671509,414339072.0,218908160.0,False
200,100,100,memaware,2,1744717151,550382,550382,8.453726530075073,416038912.0,223345189.46341464,False
200,100,100,memaware,2,1744717233,802683,802683,7.257083892822266,417886208.0,217779541.33333334,False
200,100,100,memaware,4,1744717820,931686,931686,7.78679633140564,415674368.0,188187897.0810811,False
200,100,100,memaware,4,1744717882,977159,977159,9.10122036933899,412880896.0,190674781.0909091,False
200,100,100,memaware,4,1744717947,922878,922878,9.224788188934326,422658048.0,190882077.76744187,False
200,100,100,memaware,8,1744718596,217059,217059,9.027423620223999,412254208.0,173341969.8604651,False
200,100,100,memaware,8,1744718674,883995,883995,10.516987562179565,409620480.0,174394538.66666666,False
200,100,100,memaware,8,1744718757,345057,345057,8.916387796401978,417292288.0,173690867.80952382,False
200,100,200,auto,1,1744718877,358784,358784,8.914699792861938,1158557696.0,520971239.0243902,False
200,100,200,auto,1,1744718930,63882,63882,9.569114685058594,1157926912.0,539665168.3404255,False
200,100,200,auto,1,1744719010,676669,676669,8.135437965393066,1190113280.0,534863155.2,False
200,100,200,auto,2,1744719589,597851,597851,8.733672142028809,1175470080.0,353338709.3333334,False
200,100,200,auto,2,1744719644,271973,271973,9.324874639511108,1185406976.0,362142408.34782606,False
200,100,200,auto,2,1744719712,386795,386795,9.083138942718506,1139597312.0,352393835.1627907,False
200,100,200,auto,4,1744720304,769155,769155,10.0910325050354,1162543104.0,257884870.53061223,False
200,100,200,auto,4,1744720368,419467,419467,8.440416812896729,1163563008.0,255942306.34146342,False
200,100,200,auto,4,1744720429,254104,254104,8.516427516937256,1157292032.0,255096032.7804878,False
200,100,200,auto,8,1744721123,736616,736616,9.62943983078003,1158647808.0,207679955.47826087,False
200,100,200,auto,8,1744721198,393978,393978,11.608583450317383,1171611648.0,208994797.71428573,False
200,100,200,auto,8,1744721293,4969,4969,11.602540493011475,1165881344.0,209124687.12727273,False
200,100,200,evenly_split,1,1744719115,717889,717889,8.9905366897583,1147670528.0,532187945.6744186,False
200,100,200,evenly_split,1,1744719176,480353,480353,9.355190992355347,1181261824.0,563708268.0888889,False
200,100,200,evenly_split,1,1744719267,348464,348464,8.104955196380615,1194229760.0,542197452.8,False
200,100,200,evenly_split,2,1744719808,411672,411672,8.864684104919434,1163153408.0,347241591.0697674,False
200,100,200,evenly_split,2,1744719866,250110,250110,8.8530855178833,1166082048.0,350830738.2857143,False
200,100,200,evenly_split,2,1744719927,692815,692815,8.9630868434906,1149947904.0,355617530.04651165,False
200,100,200,evenly_split,4,1744720552,292795,292795,8.42638897895813,1164677120.0,256716550.24390244,False
200,100,200,evenly_split,4,1744720625,595050,595050,10.119495868682861,1204887552.0,253437952.0,False
200,100,200,evenly_split,4,1744720733,56502,56502,8.42160677909851,1163313152.0,259007616.0,False
200,100,200,evenly_split,8,1744721443,394908,394908,11.608470916748047,1167048704.0,209605566.83636364,False
200,100,200,evenly_split,8,1744721522,30530,30530,10.037267446517944,1180364800.0,208309941.33333334,False
200,100,200,evenly_split,8,1744721602,266574,266574,11.529309034347534,1168863232.0,209885658.76363635,False
200,100,200,memaware,1,1744719353,634857,634857,11.835031509399414,472870912.0,295148438.0689655,False
200,100,200,memaware,1,1744719427,123001,123001,13.825222253799438,511774720.0,296204101.8181818,False
200,100,200,memaware,1,1744719491,532697,532697,13.1946439743042,478896128.0,296587264.0,False
200,100,200,memaware,2,1744720035,619731,619731,15.519663333892822,474636288.0,251000278.4864865,False
200,100,200,memaware,2,1744720098,552384,552384,13.529308080673218,490414080.0,248533056.0,False
200,100,200,memaware,2,1744720201,903831,903831,15.464778423309326,468967424.0,251484243.027027,False
200,100,200,memaware,4,1744720867,240292,240292,17.161496877670288,441303040.0,225828791.88732395,False
200,100,200,memaware,4,1744720938,890583,890583,15.241568565368652,424611840.0,240801051.56923077,False
200,100,200,memaware,4,1744721008,918099,918099,17.110156059265137,434208768.0,207435214.9041096,False
200,100,200,memaware,8,1744721726,254576,254576,16.791706562042236,448016384.0,185782447.76119402,False
200,100,200,memaware,8,1744721810,80942,80942,17.14977478981018,423632896.0,185298410.05714285,False
200,100,200,memaware,8,1744721893,203429,203429,20.20607280731201,434388992.0,187586534.07594937,False
200,100,300,auto,1,1744722019,842928,842928,12.314421892166138,1717571584.0,814387703.0175439,False
200,100,300,auto,1,1744722077,656261,656261,12.007862329483032,1697255424.0,823336324.4137931,False
200,100,300,auto,1,1744722134,262686,262686,12.45914340019226,1718231040.0,872092672.0,False
200,100,300,auto,2,1744722775,797735,797735,12.946996450424194,1742385152.0,520787740.4444445,False
200,100,300,auto,2,1744722838,651581,651581,11.863876581192017,1716817920.0,506373892.4912281,False
200,100,300,auto,2,1744722897,807547,807547,11.543719053268433,1696636928.0,493829436.5090909,False
200,100,300,auto,4,1744723488,93642,93642,13.466082572937012,1679187968.0,334444827.5692308,False
200,100,300,auto,4,1744723571,169357,169357,12.555728912353516,1701146624.0,328341000.6779661,False
200,100,300,auto,4,1744723642,981341,981341,12.388057231903076,1721839616.0,322809053.8666667,False
200,100,300,auto,8,1744724291,889946,889946,15.867370128631592,1697304576.0,249704441.17333335,False
200,100,300,auto,8,1744724387,882538,882538,16.03399968147278,1702432768.0,248628224.0,False
200,100,300,auto,8,1744724473,778090,778090,16.00780987739563,1717510144.0,248204713.55844155,False
200,100,300,evenly_split,1,1744722267,375441,375441,11.78458023071289,1722425344.0,825538267.4285715,False
200,100,300,evenly_split,1,1744722363,217939,217939,12.175044298171997,1678327808.0,831978409.220339,False
200,100,300,evenly_split,1,1744722422,438150,438150,12.441862344741821,1719259136.0,853375726.9333333,False
200,100,300,evenly_split,2,1744723004,53438,53438,11.96931505203247,1723379712.0,498134141.754386,False
200,100,300,evenly_split,2,1744723063,279921,279921,12.536149501800537,1712168960.0,511664765.90163934,False
200,100,300,evenly_split,2,1744723128,989126,989126,11.698215961456299,1676177408.0,484127797.8947369,False
200,100,300,evenly_split,4,1744723745,658328,658328,13.627334356307983,1710256128.0,337944938.3384615,False
200,100,300,evenly_split,4,1744723818,615979,615979,12.38700246810913,1717854208.0,326072146.44067794,False
200,100,300,evenly_split,4,1744723898,401620,401620,14.041121244430542,1737961472.0,337410454.5882353,False
200,100,300,evenly_split,8,1744724606,794619,794619,16.238526344299316,1713991680.0,249246814.3157895,False
200,100,300,evenly_split,8,1744724689,638627,638627,16.11100482940674,1688858624.0,247931457.64102563,False
200,100,300,evenly_split,8,1744724776,355175,355175,16.035151958465576,1694412800.0,248603860.77922076,False
200,100,300,memaware,1,1744722520,346761,346761,16.71525740623474,618369024.0,377662588.8780488,False
200,100,300,memaware,1,1744722608,111821,111821,16.53912329673767,599826432.0,373857689.6,False
200,100,300,memaware,1,1744722671,790969,790969,18.503185510635376,611688448.0,374449876.85393256,False
200,100,300,memaware,2,1744723239,26854,26854,21.817774772644043,534036480.0,288574294.99029124,False
200,100,300,memaware,2,1744723310,597799,597799,22.554596662521362,529326080.0,300932482.4150944,False
200,100,300,memaware,2,1744723383,259721,259721,22.453105688095093,554967040.0,299322058.8679246,False
200,100,300,memaware,4,1744724023,34282,34282,21.42999005317688,458833920.0,242287188.3956044,False
200,100,300,memaware,4,1744724099,258011,258011,24.67987036705017,464715776.0,247634493.44,False
200,100,300,memaware,4,1744724179,812039,812039,24.737767934799194,469884928.0,259543224.32,False
200,100,300,memaware,8,1744724906,526158,526158,28.83494734764099,431992832.0,234388061.0909091,False
200,100,300,memaware,8,1744725003,652040,652040,29.31372380256653,433016832.0,233111765.7475728,False
200,100,300,memaware,8,1744725105,326735,326735,29.48205590248108,440131584.0,219113416.23762375,False
200,100,400,auto,1,1744725236,140523,140523,15.219273090362549,2229706752.0,1085077679.5428572,False
200,100,400,auto,1,1744725295,210795,210795,15.573498010635376,2244972544.0,1179338670.08,False
200,100,400,auto,1,1744725380,16429,16429,14.256884813308716,2216165376.0,1102811437.1764705,False
200,100,400,auto,2,1744726056,874807,874807,15.50618600845337,2195202048.0,644866239.1466666,False
200,100,400,auto,2,1744726117,951902,951902,14.601039171218872,2242002944.0,645931651.6571429,False
200,100,400,auto,2,1744726181,453180,453180,15.85085129737854,2236313600.0,666357839.7922078,False
200,100,400,auto,4,1744726822,60270,60270,16.4487144947052,2207227904.0,407206510.1772152,False
200,100,400,auto,4,1744726893,247941,247941,16.954589128494263,2237157376.0,414230565.9259259,False
200,100,400,auto,4,1744727017,163543,163543,17.1109139919281,2220834816.0,407687414.74698794,False
200,100,400,auto,8,,,,,,,True
200,100,400,evenly_split,1,1744725485,523691,523691,14.673862934112549,2229415936.0,1090018378.2028985,False
200,100,400,evenly_split,1,1744725558,983199,983199,15.57212233543396,2239213568.0,1169201725.44,False
200,100,400,evenly_split,1,1744725648,318102,318102,14.414595127105713,2206269440.0,1083164847.5428572,False
200,100,400,evenly_split,2,1744726299,43041,43041,14.571248292922974,2241347584.0,638442337.3521127,False
200,100,400,evenly_split,2,1744726361,229710,229710,15.361727476119995,2210775040.0,649894275.4594594,False
200,100,400,evenly_split,2,1744726452,878004,878004,14.440698146820068,2199588864.0,633637507.6571428,False
200,100,400,evenly_split,4,1744727136,27496,27496,17.111891984939575,2223722496.0,407549717.5903614,False
200,100,400,evenly_split,4,1744727206,595235,595235,16.22371768951416,2232958976.0,402966843.0769231,False
200,100,400,evenly_split,4,1744727288,459099,459099,16.9967679977417,2230448128.0,407029173.0731707,False
200,100,400,evenly_split,8,,,,,,,True
200,100,400,memaware,1,1744725747,79520,79520,24.917959690093994,672268288.0,427791803.73333335,False
200,100,400,memaware,1,1744725868,50363,50363,24.781325340270996,683872256.0,426653934.93333334,False
200,100,400,memaware,1,1744725938,820630,820630,26.010350942611694,677957632.0,438602825.728,False
200,100,400,memaware,2,1744726553,299543,299543,29.455793857574463,546680832.0,327628625.7021277,False
200,100,400,memaware,2,1744726631,87082,87082,29.42025065422058,545406976.0,325003059.20000005,False
200,100,400,memaware,2,1744726710,425090,425090,29.354604482650757,560500736.0,318438260.028777,False
200,100,400,memaware,4,1744727419,338309,338309,32.27278923988342,476852224.0,271987215.75384617,False
200,100,400,memaware,4,1744727505,547509,547509,32.396403789520264,502071296.0,271412481.9541985,False
200,100,400,memaware,4,1744727596,716090,716090,32.57990074157715,488222720.0,272893723.5692308,False
200,100,400,memaware,8,1744728614,276805,276805,38.49247717857361,437071872.0,260345614.80991736,False
200,100,400,memaware,8,1744728728,661897,661897,38.72373986244202,434487296.0,261041764.64957264,False
200,100,400,memaware,8,1744728841,385661,385661,38.46910071372986,437706752.0,260801092.84033614,False
200,200,100,auto,1,1744728982,934963,934963,9.055415630340576,1139486720.0,520567564.1904762,False
200,200,100,auto,1,1744729035,217472,217472,9.420307397842407,1169022976.0,549599855.3043479,False
200,200,100,auto,1,1744729090,316540,316540,8.074783563613892,1195388928.0,543460640.8205128,False
200,200,100,auto,2,1744729648,641368,641368,8.44087815284729,1150844928.0,351757386.9268293,False
200,200,100,auto,2,1744729706,964347,964347,8.981223344802856,1155751936.0,352241997.3953488,False
200,200,100,auto,2,1744729763,27372,27372,9.315791368484497,1184673792.0,361893932.5217391,False
200,200,100,auto,4,1744730356,851525,851525,9.226221323013306,1184206848.0,247576803.55555555,False
200,200,100,auto,4,1744730426,497578,497578,9.195810079574585,1184387072.0,247293565.15555555,False
200,200,100,auto,4,1744730490,789891,789891,9.31483006477356,1173549056.0,252661292.52173913,False
200,200,100,auto,8,1744731097,935398,935398,11.895333766937256,1207287808.0,209596838.17543858,False
200,200,100,auto,8,1744731179,891142,891142,11.53877067565918,1165025280.0,209892603.34545454,False
200,200,100,auto,8,1744731291,655460,655460,9.699947118759155,1189146624.0,207305738.893617,False
200,200,100,evenly_split,1,1744729178,733601,733601,8.05919885635376,1197801472.0,532358656.0,False
200,200,100,evenly_split,1,1744729233,338032,338032,9.002758264541626,1200398336.0,543914914.9090909,False
200,200,100,evenly_split,1,1744729290,19046,19046,8.876516103744507,1160237056.0,538987972.4651163,False
200,200,100,evenly_split,2,1744729855,151577,151577,8.028239965438843,1148952576.0,348277401.6,False
200,200,100,evenly_split,2,1744729911,654490,654490,9.654691934585571,1195671552.0,356309863.4893617,False
200,200,100,evenly_split,2,1744729971,153860,153860,9.286235094070435,1190494208.0,360951941.5652174,False
200,200,100,evenly_split,4,1744730590,952180,952180,8.415685892105103,1165656064.0,255579710.4390244,False
200,200,100,evenly_split,4,1744730664,60601,60601,9.272326469421387,1179582464.0,251687051.63636363,False
200,200,100,evenly_split,4,1744730730,479725,479725,9.195844888687134,1188380672.0,252303825.45454544,False
200,200,100,evenly_split,8,1744731400,187842,187842,9.535226583480835,1165811712.0,205881147.9148936,False
200,200,100,evenly_split,8,1744731481,612184,612184,11.59087586402893,1171210240.0,209147140.49122807,False
200,200,100,evenly_split,8,1744731565,919770,919770,9.724076271057129,1182257152.0,209585271.82978722,False
200,200,100,memaware,1,1744729398,631291,631291,11.664626359939575,525316096.0,294029750.85714287,False
200,200,100,memaware,1,1744729467,970254,970254,11.744911670684814,518909952.0,287000576.0,False
200,200,100,memaware,1,1744729558,353171,353171,11.737174272537231,476680192.0,287013146.48275864,False
200,200,100,memaware,2,1744730076,506090,506090,13.774979591369629,475910144.0,255287051.46268657,False
200,200,100,memaware,2,1744730164,633170,633170,15.73242712020874,467218432.0,266845100.972973,False
200,200,100,memaware,2,1744730236,786222,786222,15.70702862739563,485986304.0,264357314.56,False
200,200,100,memaware,4,1744730831,580446,580446,14.790875911712646,446812160.0,230371978.15873015,False
200,200,100,memaware,4,1744730900,301536,301536,17.22916007041931,431280128.0,242270264.10958904,False
200,200,100,memaware,4,1744730994,845258,845258,14.657416820526123,458952704.0,209716736.0,False
200,200,100,memaware,8,1744731685,604571,604571,17.042937755584717,435032064.0,193121952.47761193,False
200,200,100,memaware,8,1744731769,679296,679296,20.18340754508972,433197056.0,204285420.30769232,False
200,200,100,memaware,8,1744731862,854365,854365,20.251317977905273,437444608.0,187641946.7341772,False
200,200,200,auto,1,1744731986,160199,160199,15.846690893173218,2238513152.0,1155711030.6133332,False
200,200,200,auto,1,1744732048,883604,883604,15.71425986289978,2251505664.0,1192394051.368421,False
200,200,200,auto,1,1744732111,230366,230366,14.955683469772339,2202447872.0,1131456000.0,False
200,200,200,auto,2,1744732709,330702,330702,15.691225051879883,2211962880.0,659344769.6623377,False
200,200,200,auto,2,1744732814,574347,574347,15.113221883773804,2273660928.0,652279694.2222222,False
200,200,200,auto,2,1744732877,948035,948035,14.420464038848877,2217721856.0,626215321.6,False
200,200,200,auto,4,1744733455,792681,792681,16.727479696273804,2247606272.0,412196982.15384614,False
200,200,200,auto,4,1744733527,189688,189688,15.63201355934143,2207948800.0,397495102.2702703,False
200,200,200,auto,4,1744733598,634396,634396,16.513648748397827,2213597184.0,407577664.81012654,False
200,200,200,auto,8,,,,,,,True
200,200,200,evenly_split,1,1744732225,240412,240412,15.439171552658081,2230661120.0,1148431073.28,False
200,200,200,evenly_split,1,1744732316,377634,377634,14.165539503097534,2245115904.0,1089059142.4927535,False
200,200,200,evenly_split,1,1744732374,824532,824532,14.915842056274414,2212077568.0,1138089073.7777777,False
200,200,200,evenly_split,2,1744732971,882826,882826,15.855829238891602,2243407872.0,662191303.4805194,False
200,200,200,evenly_split,2,1744733045,663243,663243,14.35264277458191,2221596672.0,625733749.0285714,False
200,200,200,evenly_split,2,1744733106,722371,722371,15.824654340744019,2246619136.0,668850041.2631578,False
200,200,200,evenly_split,4,1744733727,791650,791650,16.912108421325684,2246557696.0,414973294.61728394,False
200,200,200,evenly_split,4,1744733799,593364,593364,16.060155391693115,2212757504.0,403882888.3116883,False
200,200,200,evenly_split,4,1744733870,944958,944958,15.566324472427368,2209148928.0,399509393.2972973,False
200,200,200,evenly_split,8,,,,,,,True
200,200,200,memaware,1,1744732473,814876,814876,14.138805866241455,2243481600.0,1109981304.4705882,False
200,200,200,memaware,1,1744732532,693417,693417,15.13081693649292,2230075392.0,1157897342.2465754,False
200,200,200,memaware,1,1744732593,387746,387746,14.688151121139526,2224762880.0,1113596359.1111112,False
200,200,200,memaware,2,1744733228,250277,250277,14.317537546157837,2219048960.0,626168071.3142858,False
200,200,200,memaware,2,1744733292,237751,237751,14.316807270050049,2209247232.0,634037511.3142856,False
200,200,200,memaware,2,1744733356,289006,289006,15.536610126495361,2230743040.0,636853544.4210527,False
200,200,200,memaware,4,1744733977,246853,246853,16.199527263641357,2243493888.0,401312164.1025641,False
200,200,200,memaware,4,1744734047,451802,451802,15.920815706253052,2220158976.0,402522624.0,False
200,200,200,memaware,4,1744734117,924770,924770,16.90175175666809,2245029888.0,416158297.6,False
200,200,200,memaware,8,1744735144,704119,704119,39.07824635505676,435179520.0,269979764.1680672,False
200,200,200,memaware,8,1744735251,710937,710937,38.55655884742737,443392000.0,249985262.6440678,False
200,200,200,memaware,8,1744735367,107143,107143,32.67724680900574,445964288.0,246934715.88990825,False
200,200,300,auto,1,1744735500,947443,947443,22.790831327438354,3258671104.0,1801569673.8461537,False
200,200,300,auto,1,1744735568,331324,331324,19.91600728034973,3266818048.0,1710337322.6666667,False
200,200,300,auto,1,1744735632,604529,604529,19.78190779685974,3281711104.0,1707206741.3333333,False
200,200,300,auto,2,1744736246,467779,467779,20.26837134361267,3287744512.0,938966433.9591836,False
200,200,300,auto,2,1744736315,46273,46273,20.652867555618286,3348176896.0,949904497.7777778,False
200,200,300,auto,2,1744736384,469304,469304,20.07339596748352,3259899904.0,942224457.8969072,False
200,200,300,auto,4,1744737037,573240,573240,23.379351139068604,3292897280.0,569244882.2857143,False
200,200,300,auto,4,1744737115,454224,454224,24.265905141830444,3299536896.0,584249573.5172414,False
200,200,300,auto,4,1744737195,532845,532845,22.375200510025024,3297501184.0,558408343.7037038,False
200,200,300,auto,8,,,,,,,True
200,200,300,evenly_split,1,1744735730,436921,436921,21.78130316734314,3258724352.0,1789872482.4615386,False
200,200,300,evenly_split,1,1744735806,580647,580647,19.661410808563232,3297288192.0,1735401773.8105264,False
200,200,300,evenly_split,1,1744735869,106896,106896,21.09270429611206,3303616512.0,1775651900.235294,False
200,200,300,evenly_split,2,1744736487,624088,624088,20.695661306381226,3299295232.0,948346798.08,False
200,200,300,evenly_split,2,1744736559,350543,350543,21.1447970867157,3305574400.0,959275454.0990099,False
200,200,300,evenly_split,2,1744736628,258574,258574,21.595486640930176,3307225088.0,978930176.0,False
200,200,300,evenly_split,4,1744737333,29626,29626,24.48972201347351,3274203136.0,578198825.5726495,False
200,200,300,evenly_split,4,1744737411,931192,931192,22.369208812713623,3302785024.0,565228407.4666667,False
200,200,300,evenly_split,4,1744737489,633141,633141,22.27137279510498,3256680448.0,559451232.6037736,False
200,200,300,evenly_split,8,,,,,,,True
200,200,300,memaware,1,1744735975,259769,259769,31.785674810409546,834342912.0,543919779.9738562,False
200,200,300,memaware,1,1744736053,159078,159078,34.55618143081665,807559168.0,540973142.8848485,False
200,200,300,memaware,1,1744736132,792070,792070,34.430620193481445,816345088.0,544170430.8363637,False
200,200,300,memaware,2,1744736731,134962,134962,41.44561433792114,682971136.0,379514339.4111675,False
200,200,300,memaware,2,1744736825,256652,256652,41.27627968788147,677728256.0,382395172.57142854,False
200,200,300,memaware,2,1744736916,832024,832024,37.02033352851868,648482816.0,382133496.76836157,False
200,200,300,memaware,4,1744737601,577170,577170,40.9642014503479,569495552.0,317203719.6646707,False
200,200,300,memaware,4,1744737704,704801,704801,47.33338236808777,551686144.0,309212710.12765956,False
200,200,300,memaware,4,1744737815,203264,203264,47.09453845024109,550780928.0,317550559.14438504,False
200,200,300,memaware,8,1744738772,694545,694545,57.101311922073364,461426688.0,263061187.59550563,False
200,200,300,memaware,8,1744738905,808095,808095,57.0186710357666,479383552.0,267039082.66666666,False
200,200,300,memaware,8,1744739030,990715,990715,56.841508626937866,467296256.0,260174779.93063584,False
200,200,400,auto,1,1744739189,58264,58264,25.917577505111694,4325908480.0,2367077621.421488,False
200,200,400,auto,1,1744739264,549677,549677,27.56436324119568,4358623232.0,2409337817.5037594,False
200,200,400,auto,1,1744739336,617496,617496,25.20434331893921,4351016960.0,2343261218.133333,False
200,200,400,auto,2,1744740016,130528,130528,25.9128577709198,4328402944.0,1244959991.7419355,False
200,200,400,auto,2,1744740090,614000,614000,27.028005361557007,4373385216.0,1272152365.6434107,False
200,200,400,auto,2,1744740165,713674,713674,26.562777757644653,4313563136.0,1254820960.0,False
200,200,400,auto,4,,,,,,,True
200,200,400,auto,8,,,,,,,True
200,200,400,evenly_split,1,1744739442,417930,417930,26.027910232543945,4302798848.0,2319867740.16,False
200,200,400,evenly_split,1,1744739576,562143,562143,26.190108060836792,4352540672.0,2366997757.952,False
200,200,400,evenly_split,1,1744739647,272352,272352,25.174317836761475,4353081344.0,2346784886.4793386,False
200,200,400,evenly_split,2,1744740272,286162,286162,28.207913398742676,4350320640.0,1290875497.4117646,False
200,200,400,evenly_split,2,1744740347,150739,150739,26.45626997947693,4328796160.0,1262237744.761905,False
200,200,400,evenly_split,2,1744740422,158350,158350,26.900192260742188,4331814912.0,1255069870.6356587,False
200,200,400,evenly_split,4,,,,,,,True
200,200,400,evenly_split,8,,,,,,,True
200,200,400,memaware,1,1744739759,400595,400595,26.94240975379944,2635513856.0,1421402588.2790697,False
200,200,400,memaware,1,1744739833,629635,629635,26.924907207489014,2635374592.0,1422791132.2790697,False
200,200,400,memaware,1,1744739906,798802,798802,26.917322397232056,2633388032.0,1426987500.1550388,False
200,200,400,memaware,2,1744740547,783249,783249,29.15769863128662,2446020608.0,782515015.8273381,False
200,200,400,memaware,2,1744740624,279848,279848,29.16327142715454,2462318592.0,788001814.1007195,False
200,200,400,memaware,2,1744740701,872962,872962,31.908975839614868,2287009792.0,1262679349.8947368,False
200,200,400,memaware,4,1744741767,479294,479294,34.79321241378784,2283094016.0,707213387.8518518,False
200,200,400,memaware,4,1744741857,594965,594965,35.23300385475159,2320535552.0,712450664.8674699,False
200,200,400,memaware,4,1744741956,944771,944771,34.33475995063782,2254495744.0,691836488.2453988,False
200,200,400,memaware,8,1744742981,455103,455103,74.12781000137329,498737152.0,285697782.6055046,False
200,200,400,memaware,8,1744743132,300358,300358,75.19075179100037,483553280.0,289353431.08675796,False
200,200,400,memaware,8,1744743274,728989,728989,74.77809453010559,495509504.0,274870668.460177,False
200,300,100,auto,1,1744743449,975687,975687,12.411492109298706,1721184256.0,868441037.6393442,False
200,300,100,auto,1,1744743507,206109,206109,12.077695846557617,1688625152.0,842083151.4482758,False
200,300,100,auto,1,1744743563,164326,164326,10.642873048782349,1679147008.0,817268342.1538461,False
200,300,100,auto,2,1744744098,532488,532488,10.821497440338135,1719181312.0,500999728.3018868,False
200,300,100,auto,2,1744744155,793657,793657,11.366976499557495,1716523008.0,492476602.1818182,False
200,300,100,auto,2,1744744216,186649,186649,11.830230712890625,1719148544.0,499114548.9655172,False
200,300,100,auto,4,1744744799,250472,250472,13.322735071182251,1694801920.0,329312208.73846155,False
200,300,100,auto,4,1744744864,724098,724098,13.274406433105469,1697173504.0,329614383.26153845,False
200,300,100,auto,4,1744744934,836506,836506,12.293943405151367,1672179712.0,319505169.06666666,False
200,300,100,auto,8,1744745550,893220,893220,13.11677074432373,1694375936.0,245685440.0,False
200,300,100,auto,8,1744745638,927099,927099,16.005749464035034,1702830080.0,247666101.89473683,False
200,300,100,auto,8,1744745723,189184,189184,16.49393367767334,1716576256.0,247667508.5128205,False
200,300,100,evenly_split,1,1744743654,880731,880731,10.803733825683594,1722081280.0,847893346.4615384,False
200,300,100,evenly_split,1,1744743710,325850,325850,10.605820178985596,1685504000.0,821930265.0980393,False
200,300,100,evenly_split,1,1744743766,951495,951495,11.688955068588257,1676398592.0,823547026.2857143,False
200,300,100,evenly_split,2,1744744308,680759,680759,12.891284227371216,1700126720.0,506910882.53968257,False
200,300,100,evenly_split,2,1744744374,874606,874606,11.75825023651123,1720979456.0,497453515.0344828,False
200,300,100,evenly_split,2,1744744436,292276,292276,11.701430320739746,1672929280.0,491691812.5714286,False
200,300,100,evenly_split,4,1744745035,608440,608440,13.258535861968994,1700634624.0,331225749.6615385,False
200,300,100,evenly_split,4,1744745104,203721,203721,13.08943223953247,1697202176.0,331264406.3492063,False
200,300,100,evenly_split,4,1744745171,151605,151605,12.207931756973267,1685344256.0,317045504.0,False
200,300,100,evenly_split,8,1744745868,253358,253358,13.288644075393677,1688481792.0,246752122.0923077,False
200,300,100,evenly_split,8,1744745947,258482,258482,15.974698305130005,1704382464.0,247857218.4935065,False
200,300,100,evenly_split,8,1744746031,924881,924881,13.293360471725464,1688391680.0,245339576.0,False
200,300,100,memaware,1,1744743870,440739,440739,17.027217149734497,596303872.0,370656451.04761904,False
200,300,100,memaware,1,1744743933,215133,215133,18.231476068496704,604753920.0,368403316.3636364,False
200,300,100,memaware,1,1744743998,868577,868577,18.113585233688354,618749952.0,368109102.54545456,False
200,300,100,memaware,2,1744744552,665759,665759,19.57864260673523,514215936.0,282117863.74736845,False
200,300,100,memaware,2,1744744620,178917,178917,23.02737522125244,516538368.0,296153012.1481482,False
200,300,100,memaware,2,1744744692,318387,318387,23.209145307540894,534052864.0,297049755.00917435,False
200,300,100,memaware,4,1744745273,438656,438656,25.03104305267334,469868544.0,248373027.1372549,False
200,300,100,memaware,4,1744745354,148370,148370,24.729466676712036,480845824.0,243825473.25490195,False
200,300,100,memaware,4,1744745435,549489,549489,25.44566535949707,482316288.0,256611194.0186916,False
200,300,100,memaware,8,1744746158,130878,130878,24.94002103805542,439316480.0,208904990.94505495,False
200,300,100,memaware,8,1744746251,212135,212135,29.720849752426147,428335104.0,229128096.62745097,False
200,300,100,memaware,8,1744746360,970675,970675,25.417343378067017,433831936.0,232003188.86956522,False
200,300,200,auto,1,1744746492,852427,852427,20.242116928100586,3290370048.0,1723492890.9473684,False
200,300,200,auto,1,1744746559,776747,776747,19.62981128692627,3298988032.0,1707214179.7052631,False
200,300,200,auto,1,1744746625,47754,47754,19.834430932998657,3276554240.0,1692605568.0,False
200,300,200,auto,2,1744747316,242234,242234,19.99610948562622,3267932160.0,956004565.3333334,False
200,300,200,auto,2,1744747384,807353,807353,20.560253381729126,3255730176.0,946715492.8484848,False
200,300,200,auto,2,1744747455,768310,768310,20.92673635482788,3272581120.0,962096783.36,False
200,300,200,auto,4,1744748144,49762,49762,24.924232721328735,3283488768.0,570017689.6,False
200,300,200,auto,4,1744748222,643505,643505,22.805969953536987,3302551552.0,557123360.5818182,False
200,300,200,auto,4,1744748300,360799,360799,22.04756808280945,3289092096.0,556717828.8301888,False
200,300,200,auto,8,,,,,,,True
200,300,200,evenly_split,1,1744746725,342066,342066,19.51311230659485,3255685120.0,1735419192.5894737,False
200,300,200,evenly_split,1,1744746845,827745,827745,19.91962194442749,3267997696.0,1707638952.9072165,False
200,300,200,evenly_split,1,1744746911,424459,424459,19.53576159477234,3251490816.0,1693018478.4842105,False
200,300,200,evenly_split,2,1744747592,537185,537185,20.96971035003662,3265929216.0,971674857.1881188,False
200,300,200,evenly_split,2,1744747668,383852,383852,19.917837858200073,3273068544.0,959339918.8210527,False
200,300,200,evenly_split,2,1744747738,849828,849828,19.893234252929688,3280322560.0,949044989.3052632,False
200,300,200,evenly_split,4,1744748426,835730,835730,23.80063772201538,3304517632.0,577674088.626087,False
200,300,200,evenly_split,4,1744748504,64052,64052,22.45039176940918,3293081600.0,557809588.1481482,False
200,300,200,evenly_split,4,1744748582,362307,362307,22.51423454284668,3283972096.0,556204821.1376146,False
200,300,200,evenly_split,8,,,,,,,True
200,300,200,memaware,1,1744747016,414381,414381,34.46718406677246,819916800.0,544166184.0963856,False
200,300,200,memaware,1,1744747099,442466,442466,36.806397438049316,828727296.0,548815147.1460674,False
200,300,200,memaware,1,1744747184,633743,633743,34.00184655189514,800358400.0,537263022.3312883,False
200,300,200,memaware,2,1744747842,907752,907752,42.45644760131836,640557056.0,386657774.1691542,False
200,300,200,memaware,2,1744747935,677849,677849,36.83067727088928,621576192.0,377156654.5454545,False
200,300,200,memaware,2,1744748023,405722,405722,38.115538597106934,631390208.0,378876017.1491713,False
200,300,200,memaware,4,1744748709,816977,816977,47.51818585395813,551104512.0,322236033.3473684,False
200,300,200,memaware,4,1744748821,359792,359792,41.03402066230774,536584192.0,307937072.7619048,False
200,300,200,memaware,4,1744748924,416973,416973,47.370421409606934,535719936.0,294008858.6666667,False
200,300,200,memaware,8,1744749881,845217,845217,56.996626138687134,462811136.0,259473571.84,False
200,300,200,memaware,8,1744750011,266886,266886,57.02462887763977,466337792.0,261662870.06896552,False
200,300,200,memaware,8,1744750143,687507,687507,57.17665505409241,459776000.0,263906560.0,False
200,300,300,auto,1,1744750300,173753,173753,31.65403151512146,4871544832.0,2801582684.7785234,False
200,300,300,auto,1,1744750375,727709,727709,28.243080615997314,4846706688.0,2662630571.912409,False
200,300,300,auto,1,1744750449,470715,470715,28.11513113975525,4864237568.0,2681016896.474074,False
200,300,300,auto,2,1744751152,25214,25214,31.018786907196045,4877275136.0,1459629301.76,False
200,300,300,auto,2,1744751229,17984,17984,28.201112508773804,4855021568.0,1427321302.2814815,False
200,300,300,auto,2,1744751308,418,418,28.90400505065918,4839440384.0,1417392791.0215828,False
200,300,300,auto,4,,,,,,,True
200,300,300,auto,8,,,,,,,True
200,300,300,evenly_split,1,1744750562,345154,345154,28.29655957221985,4846415872.0,2674400891.3284674,False
200,300,300,evenly_split,1,1744750636,880376,880376,27.591938972473145,4865372160.0,2711422820.848485,False
200,300,300,evenly_split,1,1744750710,36121,36121,27.98775339126587,4879282176.0,2655218377.007407,False
200,300,300,evenly_split,2,1744751434,615748,615748,28.344529390335083,4845510656.0,1430463973.839416,False
200,300,300,evenly_split,2,1744751511,632970,632970,29.5548038482666,4879892480.0,1442987022.4225352,False
200,300,300,evenly_split,2,1744751589,261663,261663,29.05686330795288,4875542528.0,1414790773.0285716,False
200,300,300,evenly_split,4,,,,,,,True
200,300,300,evenly_split,8,,,,,,,True
200,300,300,memaware,1,1744750822,99565,99565,51.14196705818176,1012649984.0,697238209.0491803,False
200,300,300,memaware,1,1744750927,645570,645570,46.707887172698975,1005748224.0,701866241.1479821,False
200,300,300,memaware,1,1744751027,658230,658230,46.690617084503174,1005690880.0,701626847.7117118,False
200,300,300,memaware,2,1744751738,307541,307541,54.66748809814453,764993536.0,476864496.0622568,False
200,300,300,memaware,2,1744751851,655033,655033,54.396586418151855,816619520.0,472762941.75875485,False
200,300,300,memaware,2,1744751962,761045,761045,62.59038996696472,789032960.0,473946852.9146758,False
200,300,300,memaware,4,1744752982,967198,967198,69.22485446929932,661692416.0,372147790.4817518,False
200,300,300,memaware,4,1744753115,813625,813625,60.60894274711609,624427008.0,347756145.7777778,False
200,300,300,memaware,4,1744753238,738865,738865,60.388025760650635,676241408.0,368193423.6097561,False
200,300,300,memaware,8,1744754262,768410,768410,83.9808189868927,516677632.0,293862742.74380165,False
200,300,300,memaware,8,1744754412,684824,684824,83.13125157356262,500211712.0,285604641.300813,False
200,300,300,memaware,8,1744754562,625596,625596,83.02372550964355,515866624.0,287539705.78137654,False
200,300,400,auto,1,1744754752,331203,331203,38.11305236816406,6470508544.0,3619749326.262857,False
200,300,400,auto,1,1744754839,677415,677415,36.17492127418518,6469046272.0,3663015415.1213875,False
200,300,400,auto,1,1744754920,549720,549720,36.40053057670593,6442823680.0,3614629139.017143,False
200,300,400,auto,2,1744755706,835194,835194,40.058090686798096,6447947776.0,1908107200.3316061,False
200,300,400,auto,2,1744755802,119783,119783,38.238287687301636,6425153536.0,1914797746.0869565,False
200,300,400,auto,2,1744755888,111792,111792,38.24230670928955,6427938816.0,1918913765.420765,False
200,300,400,auto,4,,,,,,,True
200,300,400,auto,8,,,,,,,True
200,300,400,evenly_split,1,1744755036,651289,651289,38.45182991027832,6434484224.0,3620652699.826087,False
200,300,400,evenly_split,1,1744755121,662275,662275,36.02604126930237,6427107328.0,3651012798.5116277,False
200,300,400,evenly_split,1,1744755201,46716,46716,36.94124794006348,6435958784.0,3624391944.6292133,False
200,300,400,evenly_split,2,1744756005,656874,656874,38.47180700302124,6461239296.0,1924071180.454054,False
200,300,400,evenly_split,2,1744756093,744679,744679,39.294394731521606,6425694208.0,1943051442.7936509,False
200,300,400,evenly_split,2,1744756182,267867,267867,38.16628122329712,6441058304.0,1925081210.4347825,False
200,300,400,evenly_split,4,,,,,,,True
200,300,400,evenly_split,8,,,,,,,True
200,300,400,memaware,1,1744755332,261149,261149,61.386229515075684,1216454656.0,863976125.369863,False
200,300,400,memaware,1,1744755448,780338,780338,62.95377230644226,1208356864.0,875943674.8456376,False
200,300,400,memaware,1,1744755565,813378,813378,61.33122396469116,1209442304.0,872794217.5670103,False
200,300,400,memaware,2,1744756301,40137,40137,72.21782207489014,899747840.0,560289677.5529412,False
200,300,400,memaware,2,1744756424,841306,841306,71.68940734863281,872181760.0,556555939.5343283,False
200,300,400,memaware,2,1744756545,810294,810294,71.97516012191772,884699136.0,561794360.9732938,False
200,300,400,memaware,4,1744757527,805807,805807,91.45672082901001,685322240.0,392504929.9838275,False
200,300,400,memaware,4,1744757682,645663,645663,79.05135679244995,663961600.0,412031167.4018692,False
200,300,400,memaware,4,1744757825,532408,532408,79.34469366073608,692260864.0,397333941.95692307,False
200,300,400,memaware,8,1744758937,198944,198944,110.4381697177887,520822784.0,305245406.8305648,False
200,300,400,memaware,8,1744759123,335064,335064,110.60275053977966,592797696.0,307216591.84158415,False
200,300,400,memaware,8,1744759308,925951,925951,110.3608922958374,552357888.0,315169057.96763754,False
200,400,100,auto,1,1744759523,500601,500601,14.75486969947815,2220511232.0,1094281276.235294,False
200,400,100,auto,1,1744759582,983162,983162,14.220172643661499,2223280128.0,1076247626.2028985,False
200,400,100,auto,1,1744759641,685291,685291,15.124610185623169,2237403136.0,1150952490.0821917,False
200,400,100,auto,2,1744760221,727267,727267,15.491992473602295,2221096960.0,664029566.2933333,False
200,400,100,auto,2,1744760284,750501,750501,15.039273738861084,2215137280.0,633431362.6301371,False
200,400,100,auto,2,1744760348,859797,859797,14.90705394744873,2194247680.0,632405785.2394366,False
200,400,100,auto,4,1744760960,186997,186997,16.68259882926941,2213380096.0,413962969.59999996,False
200,400,100,auto,4,1744761029,465470,465470,17.348146200180054,2268459008.0,412702951.61904764,False
200,400,100,auto,4,1744761109,456369,456369,15.37718415260315,2220228608.0,395961039.5675676,False
200,400,100,auto,8,,,,,,,True
200,400,100,evenly_split,1,1744759735,895900,895900,15.463001251220703,2223599616.0,1137846972.631579,False
200,400,100,evenly_split,1,1744759797,905199,905199,15.563664197921753,2212298752.0,1157449081.2631578,False
200,400,100,evenly_split,1,1744759858,369570,369570,14.662198305130005,2224766976.0,1121644370.9295774,False
200,400,100,evenly_split,2,1744760450,653055,653055,14.219154119491577,2224181248.0,625077233.1594203,False
200,400,100,evenly_split,2,1744760512,881878,881878,15.369025945663452,2207088640.0,657494569.5135136,False
200,400,100,evenly_split,2,1744760573,22326,22326,15.560245513916016,2268803072.0,657064673.2800001,False
200,400,100,evenly_split,4,1744761237,137003,137003,15.453092813491821,2214969344.0,394024236.37333333,False
200,400,100,evenly_split,4,1744761306,962115,962115,16.103988885879517,2226769920.0,396797531.8974359,False
200,400,100,evenly_split,4,1744761377,874938,874938,15.691288232803345,2240966656.0,402484183.04,False
200,400,100,evenly_split,8,,,,,,,True
200,400,100,memaware,1,1744759958,447596,447596,23.551488876342773,662818816.0,422521119.4385965,False
200,400,100,memaware,1,1744760028,505383,505383,24.37399172782898,664477696.0,423264606.0854701,False
200,400,100,memaware,1,1744760119,717037,717037,22.007747888565063,656805888.0,421913150.2056075,False
200,400,100,memaware,2,1744760682,487791,487791,29.844868659973145,552230912.0,325106587.0422535,False
200,400,100,memaware,2,1744760767,777754,777754,26.645037174224854,590184448.0,324397830.0472441,False
200,400,100,memaware,2,1744760842,190469,190469,30.084340572357178,561807360.0,325225043.5177305,False
200,400,100,memaware,4,1744761494,739460,739460,28.284727096557617,476651520.0,272139544.06837606,False
200,400,100,memaware,4,1744761576,532411,532411,28.490987062454224,515706880.0,265449008.13675213,False
200,400,100,memaware,4,1744761663,749113,749113,32.73298668861389,472399872.0,273882848.969697,False
200,400,100,memaware,8,1744762675,302331,302331,39.5025897026062,440479744.0,249761255.6190476,False
200,400,100,memaware,8,1744762783,442088,442088,39.08878755569458,437919744.0,244447559.68,False
200,400,100,memaware,8,1744762899,801493,801493,33.45592975616455,446906368.0,249569897.14285713,False
200,400,200,auto,1,1744763032,211791,211791,26.586187839508057,4304375808.0,2355716532.4590163,False
200,400,200,auto,1,1744763108,669072,669072,25.25623321533203,4343529472.0,2361602014.1487603,False
200,400,200,auto,1,1744763179,791505,791505,25.752060890197754,4343193600.0,2404423430.243902,False
200,400,200,auto,2,1744763834,937988,937988,25.78165555000305,4351246336.0,1273743210.1463413,False
200,400,200,auto,2,1744763909,172740,172740,27.652772903442383,4357263360.0,1307112680.7272727,False
200,400,200,auto,2,1744763989,818767,818767,25.699346780776978,4354617344.0,1262209915.8709676,False
200,400,200,auto,4,,,,,,,True
200,400,200,auto,8,,,,,,,True
200,400,200,evenly_split,1,1744763294,313221,313221,25.04238533973694,4309843968.0,2346079866.710744,False
200,400,200,evenly_split,1,1744763365,490503,490503,25.386357307434082,4330393600.0,2351438606.5691056,False
200,400,200,evenly_split,1,1744763458,763072,763072,25.18535041809082,4355330048.0,2386038039.2727275,False
200,400,200,evenly_split,2,1744764110,598378,598378,27.366225719451904,4326731776.0,1257189970.076336,False
200,400,200,evenly_split,2,1744764191,189230,189230,25.554721355438232,4320444416.0,1268568836.1967213,False
200,400,200,evenly_split,2,1744764290,395677,395677,26.049295902252197,4322009088.0,1277290332.16,False
200,400,200,evenly_split,4,,,,,,,True
200,400,200,evenly_split,8,,,,,,,True
200,400,200,memaware,1,1744763565,808523,808523,29.544187307357788,2642092032.0,1483661456.225352,False
200,400,200,memaware,1,1744763641,531348,531348,26.786362409591675,2648211456.0,1430863488.0,False
200,400,200,memaware,1,1744763716,996320,996320,27.231892824172974,2661117952.0,1434815818.8307693,False
200,400,200,memaware,2,1744764399,919440,919440,33.03861689567566,2288926720.0,1215038560.6037736,False
200,400,200,memaware,2,1744764491,154715,154715,32.3372757434845,2291257344.0,1225568016.6233766,False
200,400,200,memaware,2,1744764571,876513,876513,29.31802988052368,2481197056.0,775630978.7234043,False
200,400,200,memaware,4,1744765635,644426,644426,31.918012857437134,2294964224.0,466578800.64,False
200,400,200,memaware,4,1744765729,682598,682598,34.98708486557007,2258903040.0,700164158.0606061,False
200,400,200,memaware,4,1744765820,728073,728073,35.74694871902466,2276327424.0,696835447.6686391,False
200,400,200,memaware,8,1744766833,30751,30751,74.5631332397461,488509440.0,280573649.9907834,False
200,400,200,memaware,8,1744766983,895926,895926,74.5894889831543,483192832.0,276948503.92523366,False
200,400,200,memaware,8,1744767131,113455,113455,75.2384421825409,482082816.0,277677362.28571427,False
200,400,300,auto,1,1744767306,674150,674150,39.89856171607971,6441218048.0,3616543865.1182795,False
200,400,300,auto,1,1744767393,943663,943663,35.88277745246887,6441230336.0,3624800895.2601156,False
200,400,300,auto,1,1744767472,601459,601459,36.55954957008362,6419341312.0,3578285963.6363635,False
200,400,300,auto,2,1744768259,533879,533879,40.66176724433899,6439743488.0,1935239903.179487,False
200,400,300,auto,2,1744768348,867327,867327,37.930580854415894,6469038080.0,1941112406.7322404,False
200,400,300,auto,2,1744768436,646959,646959,37.87441658973694,6472503296.0,1940075865.1049724,False
200,400,300,auto,4,,,,,,,True
200,400,300,auto,8,,,,,,,True
200,400,300,evenly_split,1,1744767588,779602,779602,37.477381467819214,6432956416.0,3593985052.287293,False
200,400,300,evenly_split,1,1744767680,862457,862457,36.486077308654785,6425767936.0,3602415732.3636365,False
200,400,300,evenly_split,1,1744767763,945082,945082,36.0187623500824,6426210304.0,3643146969.7471266,False
200,400,300,evenly_split,2,1744768569,925854,925854,38.0380916595459,6453194752.0,1915020853.15847,False
200,400,300,evenly_split,2,1744768659,534326,534326,38.1012237071991,6442917888.0,1929256599.912088,False
200,400,300,evenly_split,2,1744768747,228890,228890,38.23316717147827,6428028928.0,1916455393.2240436,False
200,400,300,evenly_split,4,,,,,,,True
200,400,300,evenly_split,8,,,,,,,True
200,400,300,memaware,1,1744767886,234511,234511,64.1220293045044,1237938176.0,849892929.0423453,False
200,400,300,memaware,1,1744768007,39711,39711,63.903302907943726,1239482368.0,852267424.3147541,False
200,400,300,memaware,1,1744768118,437440,437440,61.62555122375488,1220300800.0,864294675.1564626,False
200,400,300,memaware,2,1744768877,410768,410768,71.67883038520813,875057152.0,556287070.1958457,False
200,400,300,memaware,2,1744768998,342749,342749,72.02416324615479,830717952.0,558382405.1275964,False
200,400,300,memaware,2,1744769127,288291,288291,81.64490151405334,886136832.0,557129186.513089,False
200,400,300,memaware,4,1744770143,720838,720838,91.33626580238342,686379008.0,408910235.82608694,False
200,400,300,memaware,4,1744770297,601808,601808,78.73647975921631,726781952.0,380388885.98773,False
200,400,300,memaware,4,1744770439,44054,44054,79.49130630493164,668975104.0,399033696.7804878,False
200,400,300,memaware,8,1744771568,169286,169286,110.5117917060852,514215936.0,314870208.0,False
200,400,300,memaware,8,1744771747,794127,794127,97.37312173843384,543690752.0,296598270.29333335,False
200,400,300,memaware,8,1744771918,549042,549042,96.72667813301086,526376960.0,314832020.816609,False
200,400,400,auto,1,1744772123,151905,151905,48.89770770072937,8554971136.0,4877755035.629956,False
200,400,400,auto,1,1744772228,577142,577142,47.58932685852051,8537583616.0,4892198223.371179,False
200,400,400,auto,1,1744772329,553432,553432,47.461607933044434,8554196992.0,4911478658.245614,False
200,400,400,auto,2,,,,,,,True
200,400,400,auto,4,,,,,,,True
200,400,400,auto,8,,,,,,,True
200,400,400,evenly_split,1,1744772460,883153,883153,49.26852893829346,8571645952.0,4796091899.697479,False
200,400,400,evenly_split,1,1744772556,762988,762988,47.05022168159485,8536793088.0,4887246460.052863,False
200,400,400,evenly_split,1,1744772665,83993,83993,46.51792669296265,8544759808.0,4936149644.053812,False
200,400,400,evenly_split,2,,,,,,,True
200,400,400,evenly_split,4,,,,,,,True
200,400,400,evenly_split,8,,,,,,,True
200,400,400,memaware,1,1744772803,150692,150692,51.16533946990967,2951155712.0,1737132737.0491803,False
200,400,400,memaware,1,1744772901,629895,629895,51.61905264854431,2970570752.0,1753309365.6774194,False
200,400,400,memaware,1,1744773007,699518,699518,50.96003866195679,2943791104.0,1717349998.7591836,False
200,400,400,memaware,2,1744774417,48799,48799,55.724496841430664,2815418368.0,1241687059.17603,False
200,400,400,memaware,2,1744774529,825905,825905,62.06354546546936,2649120768.0,1277678702.7027028,False
200,400,400,memaware,2,1744774646,480445,480445,61.745365858078,2707030016.0,1302785923.0372882,False
200,400,400,memaware,4,1744775700,850585,850585,59.803343534469604,2509410304.0,952178207.8827839,False
200,400,400,memaware,4,1744775822,401167,401167,63.425140380859375,2470789120.0,929221528.5296167,False
200,400,400,memaware,4,1744775949,925261,925261,69.71396684646606,2486394880.0,878467722.4654088,False
200,400,400,memaware,8,1744777085,293331,293331,146.29413557052612,564092928.0,330373696.32160807,False
200,400,400,memaware,8,1744777308,767235,767235,145.9681692123413,639967232.0,339904256.63840395,False
200,400,400,memaware,8,1744777521,764138,764138,145.24502420425415,580132864.0,335773413.3861386,False
300,100,100,auto,1,1744777770,627775,627775,8.229982137680054,910544896.0,417980523.7894737,False
300,100,100,auto,1,1744777821,294056,294056,6.888394117355347,885571584.0,404965189.8181818,False
300,100,100,auto,1,1744777873,145794,145794,6.968913316726685,872497152.0,399000048.4848485,False
300,100,100,auto,2,1744778361,268232,268232,7.3545167446136475,887848960.0,281352426.05714285,False
300,100,100,auto,2,1744778417,655986,655986,7.483441114425659,871665664.0,273817658.5142857,False
300,100,100,auto,2,1744778475,950508,950508,7.746328353881836,910680064.0,282211705.2631579,False
300,100,100,auto,4,1744778997,715348,715348,8.359018087387085,906649600.0,224619366.4,False
300,100,100,auto,4,1744779059,944166,944166,7.087963581085205,920100864.0,220398320.94117647,False
300,100,100,auto,4,1744779120,513609,513609,8.397223472595215,902713344.0,224174080.0,False
300,100,100,auto,8,1744779675,500157,500157,9.729060173034668,920928256.0,191312917.78723404,False
300,100,100,auto,8,1744779751,656689,656689,9.803122282028198,912158720.0,192522629.56521738,False
300,100,100,auto,8,1744779830,454574,454574,8.097288846969604,882335744.0,189454664.2051282,False
300,100,100,evenly_split,1,1744777965,596580,596580,6.83661675453186,886304768.0,406782200.24242425,False
300,100,100,evenly_split,1,1744778017,702558,702558,7.799820899963379,908148736.0,398618516.2105263,False
300,100,100,evenly_split,1,1744778070,788087,788087,7.782081365585327,907493376.0,400171762.5263158,False
300,100,100,evenly_split,2,1744778566,78132,78132,8.257580280303955,904388608.0,291091482.25641024,False
300,100,100,evenly_split,2,1744778621,930343,930343,7.863102674484253,902164480.0,287697111.57894737,False
300,100,100,evenly_split,2,1744778679,226680,226680,7.371114253997803,885923840.0,277949001.14285713,False
300,100,100,evenly_split,4,1744779217,169453,169453,8.270536661148071,914444288.0,224423461.46341464,False
300,100,100,evenly_split,4,1744779279,496655,496655,7.131678104400635,920109056.0,218960866.74285713,False
300,100,100,evenly_split,4,1744779340,18114,18114,7.585208177566528,914636800.0,221127043.45945945,False
300,100,100,evenly_split,8,1744779938,342552,342552,8.055101156234741,903962624.0,188721808.41025642,False
300,100,100,evenly_split,8,1744780020,897127,897127,9.684097528457642,929067008.0,189580091.91489363,False
300,100,100,evenly_split,8,1744780123,673384,673384,8.20415711402893,906940416.0,190792297.02564102,False
300,100,100,memaware,1,1744778158,960261,960261,9.136582374572754,451137536.0,263364142.54545453,False
300,100,100,memaware,1,1744778211,271188,271188,9.308956861495972,486223872.0,272877795.5555556,False
300,100,100,memaware,1,1744778266,799812,799812,9.234665393829346,473010176.0,268774513.7777778,False
300,100,100,memaware,2,1744778774,800222,800222,10.298280000686646,433102848.0,229274394.12244898,False
300,100,100,memaware,2,1744778837,269121,269121,11.897203922271729,437841920.0,234130432.0,False
300,100,100,memaware,2,1744778900,422876,422876,12.132507801055908,428376064.0,244013020.07017544,False
300,100,100,memaware,4,1744779437,143802,143802,11.340052604675293,440082432.0,201537064.96,False
300,100,100,memaware,4,1744779504,349543,349543,11.635865211486816,427257856.0,200213504.0,False
300,100,100,memaware,4,1744779570,572655,572655,11.527886867523193,427724800.0,202426106.98039216,False
300,100,100,memaware,8,1744780260,826867,826867,12.802106618881226,427077632.0,179353344.0,False
300,100,100,memaware,8,1744780342,788790,788790,15.188807487487793,458485760.0,179946772.31746033,False
300,100,100,memaware,8,1744780428,556549,556549,15.156581163406372,432128000.0,179988015.26153845,False
300,100,200,auto,1,1744780614,466477,466477,12.151478290557861,1684938752.0,817101677.7142857,False
300,100,200,auto,1,1744780675,542743,542743,12.597630023956299,1705279488.0,850202282.6666666,False
300,100,200,auto,1,1744780757,173606,173606,11.63444209098816,1678569472.0,776453046.8571428,False
300,100,200,auto,2,1744781388,715163,715163,11.629290342330933,1686605824.0,489875456.0,False
300,100,200,auto,2,1744781447,782174,782174,11.703952074050903,1675747328.0,479160394.4727273,False
300,100,200,auto,2,1744781506,739142,739142,11.736437797546387,1679929344.0,486781790.31578946,False
300,100,200,auto,4,1744782106,710980,710980,12.741971731185913,1678995456.0,316941748.4590164,False
300,100,200,auto,4,1744782172,589000,589000,13.427871704101562,1731534848.0,322883760.0,False
300,100,200,auto,4,1744782244,307982,307982,13.217187404632568,1705000960.0,315495814.0952381,False
300,100,200,auto,8,1744782899,810689,810689,16.136704683303833,1693851648.0,248238746.94736844,False
300,100,200,auto,8,1744783000,218098,218098,16.25011968612671,1713709056.0,247077796.1025641,False
300,100,200,auto,8,1744783106,105856,105856,16.09883141517639,1688555520.0,248859358.3157895,False
300,100,200,evenly_split,1,1744780887,790817,790817,11.972951412200928,1702584320.0,818628069.0526316,False
300,100,200,evenly_split,1,1744780980,835321,835321,11.628641605377197,1685487616.0,787794106.1818181,False
300,100,200,evenly_split,1,1744781040,119861,119861,12.432406425476074,1709277184.0,830611729.0666667,False
300,100,200,evenly_split,2,1744781616,620183,620183,12.057464122772217,1694543872.0,498585779.64912283,False
300,100,200,evenly_split,2,1744781677,465584,465584,11.66527247428894,1677283328.0,483959379.7818182,False
300,100,200,evenly_split,2,1744781755,555104,555104,11.684815168380737,1679286272.0,481541920.58181816,False
300,100,200,evenly_split,4,1744782354,36806,36806,13.850335121154785,1690537984.0,332906113.9104477,False
300,100,200,evenly_split,4,1744782448,351382,351382,12.630637884140015,1695731712.0,327386982.4,False
300,100,200,evenly_split,4,1744782514,774826,774826,13.23003625869751,1679273984.0,333931454.984127,False
300,100,200,evenly_split,8,1744783240,592279,592279,16.399274587631226,1703231488.0,247472167.3846154,False
300,100,200,evenly_split,8,1744783324,121989,121989,16.335932970046997,1705226240.0,246056507.07692307,False
300,100,200,evenly_split,8,1744783414,918725,918725,16.492142915725708,1704742912.0,247441348.92307693,False
300,100,200,memaware,1,1744781147,419446,419446,19.684524536132812,602091520.0,364376322.69473684,False
300,100,200,memaware,1,1744781217,294164,294164,18.853330850601196,597409792.0,362642591.2888889,False
300,100,200,memaware,1,1744781282,272956,272956,18.56272006034851,597643264.0,354108680.6292135,False
300,100,200,memaware,2,1744781850,596950,596950,22.701412200927734,513359872.0,297166235.5140187,False
300,100,200,memaware,2,1744781921,363113,363113,22.448140621185303,518275072.0,293316067.01886797,False
300,100,200,memaware,2,1744781995,324342,324342,22.71033477783203,539000832.0,298864311.5471698,False
300,100,200,memaware,4,1744782615,554406,554406,24.49929165840149,465469440.0,246067717.0693069,False
300,100,200,memaware,4,1744782695,525174,525174,24.74097967147827,473096192.0,250916608.0,False
300,100,200,memaware,4,1744782781,99729,99729,24.514829635620117,467595264.0,255663600.4848485,False
300,100,200,memaware,8,1744783551,851993,851993,29.08838677406311,437399552.0,220228698.3529412,False
300,100,200,memaware,8,1744783648,11979,11979,29.39496350288391,432656384.0,233640928.6530612,False
300,100,200,memaware,8,1744783756,378782,378782,29.456351041793823,438349824.0,221177080.24242425,False
300,100,300,auto,1,1744783885,532694,532694,16.538912534713745,2464542720.0,1267295431.4805195,False
300,100,300,auto,1,1744783976,109066,109066,15.725616931915283,2503553024.0,1277106640.2133334,False
300,100,300,auto,1,1744784042,304976,304976,16.542197465896606,2459471872.0,1283969638.4,False
300,100,300,auto,2,1744784678,938237,938237,17.472572088241577,2502639616.0,755371316.433735,False
300,100,300,auto,2,1744784763,382412,382412,16.49055027961731,2475028480.0,707460966.4,False
300,100,300,auto,2,1744784826,276413,276413,16.412845849990845,2482892800.0,713907886.9873418,False
300,100,300,auto,4,1744785456,732701,732701,17.860538005828857,2501197824.0,437670745.30232555,False
300,100,300,auto,4,1744785528,880952,880952,17.192993879318237,2468646912.0,438297500.097561,False
300,100,300,auto,4,1744785604,923842,923842,18.637166738510132,2497748992.0,453003252.62222224,False
300,100,300,auto,8,,,,,,,True
300,100,300,evenly_split,1,1744784162,746790,746790,16.744667291641235,2499411968.0,1287670038.1234567,False
300,100,300,evenly_split,1,1744784266,431285,431285,15.587250471115112,2457395200.0,1252438348.108108,False
300,100,300,evenly_split,1,1744784325,970445,970445,16.75229001045227,2501246976.0,1308443281.382716,False
300,100,300,evenly_split,2,1744784928,88408,88408,17.311675786972046,2467676160.0,738878659.0476191,False
300,100,300,evenly_split,2,1744785012,425150,425150,15.786955833435059,2498174976.0,719901600.4266666,False
300,100,300,evenly_split,2,1744785075,964299,964299,16.81574296951294,2492780544.0,733347789.4320987,False
300,100,300,evenly_split,4,1744785730,891367,891367,17.169222831726074,2468491264.0,434949070.0487805,False
300,100,300,evenly_split,4,1744785805,969516,969516,17.460163354873657,2490986496.0,436254695.61904764,False
300,100,300,evenly_split,4,1744785878,176767,176767,17.602044820785522,2479595520.0,440450936.2891566,False
300,100,300,evenly_split,8,,,,,,,True
300,100,300,memaware,1,1744784425,37142,37142,28.404080152511597,690200576.0,429612017.1594203,False
300,100,300,memaware,1,1744784498,873228,873228,26.77164363861084,699031552.0,423787559.68992245,False
300,100,300,memaware,1,1744784571,180378,180378,26.538291454315186,702517248.0,424714748.03100777,False
300,100,300,memaware,2,1744785179,419996,419996,32.47597670555115,619991040.0,330664461.4736842,False
300,100,300,memaware,2,1744785260,724075,724075,30.356445789337158,623824896.0,320007341.07042253,False
300,100,300,memaware,2,1744785340,366227,366227,32.80953240394592,581537792.0,333866713.5163399,False
300,100,300,memaware,4,1744785984,818032,818032,36.05825638771057,496201728.0,286257521.7777778,False
300,100,300,memaware,4,1744786082,529112,529112,35.57310938835144,504786944.0,267940309.33333334,False
300,100,300,memaware,4,1744786180,888573,888573,35.800132751464844,490352640.0,266523075.13286713,False
300,100,300,memaware,8,1744787168,553102,553102,43.07596445083618,469852160.0,254601322.98507464,False
300,100,300,memaware,8,1744787281,22305,22305,43.38325786590576,445448192.0,248647518.31578946,False
300,100,300,memaware,8,1744787399,804558,804558,42.6106481552124,460738560.0,258539837.13432837,False
300,100,400,auto,1,1744787545,119209,119209,23.962265729904175,3275993088.0,1799441813.7358491,False
300,100,400,auto,1,1744787618,377541,377541,21.049062728881836,3293782016.0,1748451983.36,False
300,100,400,auto,1,1744787685,742248,742248,19.946266889572144,3240652800.0,1665434197.3333333,False
300,100,400,auto,2,1744788352,562208,562208,22.553545236587524,3238760448.0,962468816.1495328,False
300,100,400,auto,2,1744788427,104672,104672,20.66910147666931,3289104384.0,943355444.244898,False
300,100,400,auto,2,1744788503,4185,4185,22.591549396514893,3270283264.0,979038648.2242991,False
300,100,400,auto,4,1744789190,901902,901902,24.59698987007141,3292672000.0,576119712.542373,False
300,100,400,auto,4,1744789269,553553,553553,23.148633241653442,3256827904.0,563956447.4181818,False
300,100,400,auto,4,1744789355,483164,483164,22.524632453918457,3265089536.0,555449837.037037,False
300,100,400,auto,8,,,,,,,True
300,100,400,evenly_split,1,1744787791,503509,503509,19.974813222885132,3249434624.0,1688287081.0947368,False
300,100,400,evenly_split,1,1744787882,88449,88449,20.192984580993652,3279740928.0,1701367850.226804,False
300,100,400,evenly_split,1,1744787955,714822,714822,20.462435483932495,3247435776.0,1692405467.4285715,False
300,100,400,evenly_split,2,1744788645,342474,342474,20.979413986206055,3259486208.0,948397248.6336634,False
300,100,400,evenly_split,2,1744788715,293685,293685,20.3787784576416,3266076672.0,941700181.3333333,False
300,100,400,evenly_split,2,1744788783,589331,589331,20.864375114440918,3301539840.0,935658373.12,False
300,100,400,evenly_split,4,1744789485,241575,241575,22.69525980949402,3248889856.0,550753488.5925926,False
300,100,400,evenly_split,4,1744789577,751309,751309,22.495134830474854,3272916992.0,551656884.1481482,False
300,100,400,evenly_split,4,1744789664,120894,120894,22.509788274765015,3271622656.0,554306898.1132076,False
300,100,400,evenly_split,8,,,,,,,True
300,100,400,memaware,1,1744788053,145322,145322,32.2661657333374,773668864.0,503456483.92258066,False
300,100,400,memaware,1,1744788162,545909,545909,32.33003306388855,772317184.0,507648053.1948052,False
300,100,400,memaware,1,1744788238,30901,30901,34.97003984451294,775987200.0,500695677.7005988,False
300,100,400,memaware,2,1744788887,675376,675376,37.18977093696594,639905792.0,376697134.54545456,False
300,100,400,memaware,2,1744788980,872843,872843,37.4250373840332,636522496.0,383855063.7303371,False
300,100,400,memaware,2,1744789065,542622,542622,42.298975467681885,607580160.0,379472592.4020101,False
300,100,400,memaware,4,1744789799,816815,816815,47.5572829246521,549490688.0,315676518.134715,False
300,100,400,memaware,4,1744789910,455328,455328,40.949259996414185,531488768.0,303348452.89411765,False
300,100,400,memaware,4,1744790012,792745,792745,47.26346015930176,540168192.0,317512644.4021164,False
300,100,400,memaware,8,1744790989,71338,71338,56.25033450126648,471871488.0,262289905.02923977,False
300,100,400,memaware,8,1744791121,723548,723548,56.37953066825867,476585984.0,240337410.95953757,False
300,100,400,memaware,8,1744791253,223924,223924,56.76224708557129,461398016.0,262192506.1818182,False
300,200,100,auto,1,1744791410,684510,684510,12.071561574935913,1692962816.0,819142144.0,False
300,200,100,auto,1,1744791466,172915,172915,12.773420810699463,1693216768.0,830024604.9032258,False
300,200,100,auto,1,1744791524,369169,369169,11.595030069351196,1688788992.0,816564443.4285715,False
300,200,100,auto,2,1744792072,655335,655335,12.543164730072021,1713614848.0,512333555.4098361,False
300,200,100,auto,2,1744792132,47698,47698,11.720621585845947,1685700608.0,488465810.28571427,False
300,200,100,auto,2,1744792192,831722,831722,11.614957094192505,1686085632.0,489404342.85714287,False
300,200,100,auto,4,1744792806,885950,885950,13.917299747467041,1686364160.0,333206738.8235294,False
300,200,100,auto,4,1744792894,19561,19561,13.022010326385498,1702182912.0,332688317.9354839,False
300,200,100,auto,4,1744792959,790243,790243,12.284287452697754,1675988992.0,323668662.2372881,False
300,200,100,auto,8,1744793600,591160,591160,16.080291271209717,1692061696.0,248050090.66666666,False
300,200,100,auto,8,1744793687,19216,19216,16.906097173690796,1714233344.0,248338564.74074075,False
300,200,100,auto,8,1744793776,452618,452618,16.74027395248413,1713434624.0,249237484.55696204,False
300,200,100,evenly_split,1,1744791615,591009,591009,10.83607530593872,1720381440.0,830581624.754717,False
300,200,100,evenly_split,1,1744791671,356855,356855,11.849355936050415,1720279040.0,840700407.0175439,False
300,200,100,evenly_split,1,1744791727,491964,491964,12.388713836669922,1675452416.0,862457241.6,False
300,200,100,evenly_split,2,1744792290,96328,96328,13.051343441009521,1733103616.0,519945232.25396824,False
300,200,100,evenly_split,2,1744792352,469437,469437,11.531461238861084,1695932416.0,488496518.9818182,False
300,200,100,evenly_split,2,1744792416,470339,470339,11.729820251464844,1668984832.0,490055570.2857143,False
300,200,100,evenly_split,4,1744793087,619536,619536,11.836913585662842,1742811136.0,333754853.05263156,False
300,200,100,evenly_split,4,1744793154,89957,89957,12.310715436935425,1670553600.0,323354747.5862069,False
300,200,100,evenly_split,4,1744793222,51718,51718,12.453513622283936,1713057792.0,324325040.26229507,False
300,200,100,evenly_split,8,1744793908,172850,172850,16.154691219329834,1720045568.0,249472367.58974358,False
300,200,100,evenly_split,8,1744794001,111953,111953,16.095857620239258,1688166400.0,248208416.8205128,False
300,200,100,evenly_split,8,1744794115,850793,850793,16.195819854736328,1687781376.0,247817340.7179487,False
300,200,100,memaware,1,1744791846,180730,180730,16.674403429031372,566566912.0,355399030.63414633,False
300,200,100,memaware,1,1744791909,954780,954780,19.481560945510864,578260992.0,355745748.4255319,False
300,200,100,memaware,1,1744791973,250656,250656,18.717010736465454,592179200.0,352931119.82417583,False
300,200,100,memaware,2,1744792524,419588,419588,22.679284811019897,547512320.0,284441169.34579444,False
300,200,100,memaware,2,1744792607,801265,801265,22.727765560150146,506257408.0,293634029.037037,False
300,200,100,memaware,2,1744792702,390585,390585,19.552423238754272,532131840.0,288377420.2553191,False
300,200,100,memaware,4,1744793323,790903,790903,24.525166273117065,466182144.0,252313128.95999998,False
300,200,100,memaware,4,1744793402,425856,425856,24.914453506469727,443650048.0,259938816.0,False
300,200,100,memaware,4,1744793485,508950,508950,24.77116322517395,476622848.0,238082965.73584908,False
300,200,100,memaware,8,1744794265,984757,984757,24.846821308135986,430825472.0,208908901.27472526,False
300,200,100,memaware,8,1744794361,509466,509466,29.508015632629395,441901056.0,222112005.01960784,False
300,200,100,memaware,8,1744794469,49199,49199,25.20733880996704,431456256.0,232510350.22222224,False
300,200,200,auto,1,1744794595,966536,966536,21.779075860977173,3284332544.0,1732530013.7821782,False
300,200,200,auto,1,1744794677,80417,80417,21.275179147720337,3287216128.0,1758016283.3398058,False
300,200,200,auto,1,1744794747,897585,897585,20.50237488746643,3255459840.0,1728369308.7346938,False
300,200,200,auto,2,1744795454,543515,543515,22.704768180847168,3278643200.0,991012249.6,False
300,200,200,auto,2,1744795565,676001,676001,20.91264533996582,3275235328.0,952812067.4851484,False
300,200,200,auto,2,1744795638,575379,575379,20.52714204788208,3261034496.0,940393931.755102,False
300,200,200,auto,4,1744796333,182405,182405,22.909803867340088,3290779648.0,562723290.7636364,False
300,200,200,auto,4,1744796418,76695,76695,24.068765878677368,3276394496.0,579362450.9217391,False
300,200,200,auto,4,1744796516,161147,161147,22.78496265411377,3256942592.0,561262159.853211,False
300,200,200,auto,8,,,,,,,True
300,200,200,evenly_split,1,1744794879,93824,93824,20.246151447296143,3288596480.0,1716522036.7835052,False
300,200,200,evenly_split,1,1744795000,984038,984038,19.874406576156616,3272658944.0,1723048410.2736843,False
300,200,200,evenly_split,1,1744795071,423519,423519,20.610860347747803,3305758720.0,1751520183.5959597,False
300,200,200,evenly_split,2,1744795775,910624,910624,20.48765993118286,3263954944.0,943425763.5555556,False
300,200,200,evenly_split,2,1744795843,845201,845201,22.257746934890747,3329376256.0,951944450.3925234,False
300,200,200,evenly_split,2,1744795921,71061,71061,20.052894353866577,3268116480.0,944063829.3333334,False
300,200,200,evenly_split,4,1744796639,344037,344037,24.596803903579712,3265470464.0,575980821.6949153,False
300,200,200,evenly_split,4,1744796745,795521,795521,22.646002531051636,3271843840.0,557187588.6972477,False
300,200,200,evenly_split,4,1744796822,771065,771065,25.007267475128174,3271966720.0,578099991.6638656,False
300,200,200,evenly_split,8,,,,,,,True
300,200,200,memaware,1,1744795172,691508,691508,35.95192337036133,766521344.0,512206457.3410405,False
300,200,200,memaware,1,1744795256,129782,129782,36.19568991661072,760070144.0,512286861.2413793,False
300,200,200,memaware,1,1744795339,758217,758217,36.53899931907654,760639488.0,510278800.63276833,False
300,200,200,memaware,2,1744796024,332404,332404,40.98486113548279,655704064.0,387229958.56410253,False
300,200,200,memaware,2,1744796115,659560,659560,37.152958154678345,643149824.0,374793053.0909091,False
300,200,200,memaware,2,1744796209,954528,954528,41.12221050262451,633241600.0,382221966.51546395,False
300,200,200,memaware,4,1744796966,100751,100751,46.8979697227478,535851008.0,311623593.76842105,False
300,200,200,memaware,4,1744797076,273224,273224,46.56243968009949,539328512.0,295513242.1505376,False
300,200,200,memaware,4,1744797185,704196,704196,45.40487313270569,545656832.0,300703374.6885246,False
300,200,200,memaware,8,1744798152,922621,922621,56.962000131607056,494952448.0,247306470.95652175,False
300,200,200,memaware,8,1744798283,311605,311605,56.416306018829346,468205568.0,260783582.6745562,False
300,200,200,memaware,8,1744798415,321351,321351,56.77759623527527,487288832.0,268110557.96531793,False
300,200,300,auto,1,1744798573,1306,1306,31.348586082458496,4889980928.0,2744979790.367347,False
300,200,300,auto,1,1744798651,791657,791657,28.092841625213623,4870504448.0,2698580423.111111,False
300,200,300,auto,1,1744798726,209281,209281,28.365023612976074,4889927680.0,2681580001.882353,False
300,200,300,auto,2,1744799518,838986,838986,29.79378032684326,4844781568.0,1416903449.2394366,False
300,200,300,auto,2,1744799595,265404,265404,28.939552307128906,4889681920.0,1420691338.1294963,False
300,200,300,auto,2,1744799677,303050,303050,29.047654390335083,4872794112.0,1433240730.705036,False
300,200,300,auto,4,,,,,,,True
300,200,300,auto,8,,,,,,,True
300,200,300,evenly_split,1,1744798850,61331,61331,31.521309852600098,4861714432.0,2771516056.5827813,False
300,200,300,evenly_split,1,1744798954,448756,448756,27.943965911865234,4886040576.0,2679091138.8656716,False
300,200,300,evenly_split,1,1744799026,321715,321715,28.257121562957764,4838436864.0,2665419233.882353,False
300,200,300,evenly_split,2,1744799806,730056,730056,31.945685386657715,4870250496.0,1473355696.2077923,False
300,200,300,evenly_split,2,1744799909,546004,546004,29.043696641921997,4879282176.0,1412853185.381295,False
300,200,300,evenly_split,2,1744799992,914521,914521,29.132230520248413,4867547136.0,1427501100.201439,False
300,200,300,evenly_split,4,,,,,,,True
300,200,300,evenly_split,8,,,,,,,True
300,200,300,memaware,1,1744799197,940361,940361,46.641674757003784,1005490176.0,699418882.3063064,False
300,200,300,memaware,1,1744799291,208045,208045,46.42146325111389,1023504384.0,711824027.2217195,False
300,200,300,memaware,1,1744799393,146891,146891,46.47969150543213,1023598592.0,710443432.3603604,False
300,200,300,memaware,2,1744800122,658348,658348,62.00249743461609,804184064.0,469174836.9655173,False
300,200,300,memaware,2,1744800240,205025,205025,61.38466787338257,743567360.0,475478508.3763066,False
300,200,300,memaware,2,1744800357,550254,550254,62.616416215896606,787030016.0,481638253.71428573,False
300,200,300,memaware,4,1744801404,153020,153020,60.544723987579346,581738496.0,354503696.384,False
300,200,300,memaware,4,1744801518,876594,876594,69.46384596824646,607195136.0,350916727.82978725,False
300,200,300,memaware,4,1744801653,167925,167925,69.4093427658081,625348608.0,363880952.52554744,False
300,200,300,memaware,8,1744802682,738090,738090,83.259352684021,498855936.0,286083445.9087137,False
300,200,300,memaware,8,1744802840,493410,493410,82.86081671714783,495308800.0,292106725.85531914,False
300,200,300,memaware,8,1744802998,609807,609807,83.62211918830872,478588928.0,288887061.7651822,False
300,200,400,auto,1,1744803182,616527,616527,37.32837128639221,6447452160.0,3677167166.150289,False
300,200,400,auto,1,1744803264,652926,652926,37.433393478393555,6442749952.0,3592596753.0666666,False
300,200,400,auto,1,1744803350,137818,137818,36.280832290649414,6459170816.0,3648780939.098266,False
300,200,400,auto,2,1744804141,460129,460129,40.95264291763306,6464479232.0,1936124683.6954315,False
300,200,400,auto,2,1744804239,34757,34757,38.23855710029602,6424489984.0,1908455614.2513661,False
300,200,400,auto,2,1744804326,135137,135137,38.61131238937378,6444998656.0,1936504753.6612022,False
300,200,400,auto,4,,,,,,,True
300,200,400,auto,8,,,,,,,True
300,200,400,evenly_split,1,1744803466,827421,827421,36.59217667579651,6422302720.0,3600569279.634286,False
300,200,400,evenly_split,1,1744803549,351307,351307,36.82913517951965,6447296512.0,3617829581.378531,False
300,200,400,evenly_split,1,1744803635,765292,765292,36.117496490478516,6475771904.0,3655715040.9248557,False
300,200,400,evenly_split,2,1744804447,169097,169097,38.442014932632446,6464999424.0,1939975184.786885,False
300,200,400,evenly_split,2,1744804533,487471,487471,38.39313244819641,6469464064.0,1923014088.347826,False
300,200,400,evenly_split,2,1744804622,346476,346476,38.22128510475159,6431928320.0,1919887941.9453552,False
300,200,400,evenly_split,4,,,,,,,True
300,200,400,evenly_split,8,,,,,,,True
300,200,400,memaware,1,1744803769,372135,372135,60.935598611831665,1244979200.0,873372812.2739726,False
300,200,400,memaware,1,1744803885,752589,752589,60.79680395126343,1225179136.0,872988812.7560138,False
300,200,400,memaware,1,1744804001,697351,697351,61.28805994987488,1213095936.0,865330913.4197953,False
300,200,400,memaware,2,1744804742,167180,167180,81.86628556251526,863481856.0,559127487.6649215,False
300,200,400,memaware,2,1744804881,279601,279601,82.8829140663147,874565632.0,562644547.4728682,False
300,200,400,memaware,2,1744805011,648857,648857,71.48692727088928,905719808.0,554171804.6567163,False
300,200,400,memaware,4,1744805981,399245,399245,91.12896466255188,658857984.0,394076364.24043715,False
300,200,400,memaware,4,1744806135,810248,810248,79.16662812232971,677670912.0,404623115.1304348,False
300,200,400,memaware,4,1744806277,523028,523028,79.00986862182617,717918208.0,385928849.61467886,False
300,200,400,memaware,8,1744807394,627427,627427,111.0007996559143,533929984.0,317196862.7612903,False
300,200,400,memaware,8,1744807571,490838,490838,110.8101794719696,517488640.0,318786281.485342,False
300,200,400,memaware,8,1744807760,493828,493828,110.84599566459656,535633920.0,311987444.13245034,False
300,300,100,auto,1,1744807972,248691,248691,15.971866369247437,2474516480.0,1250514479.7866666,False
300,300,100,auto,1,1744808032,269185,269185,15.796637058258057,2499751936.0,1271050021.5466666,False
300,300,100,auto,1,1744808096,499457,499457,15.628927230834961,2453262336.0,1253693716.7567568,False
300,300,100,auto,2,1744808675,188229,188229,16.151315450668335,2454364160.0,710983995.076923,False
300,300,100,auto,2,1744808741,499985,499985,15.583160400390625,2463977472.0,699117540.6933334,False
300,300,100,auto,2,1744808806,623853,623853,15.596784591674805,2462236672.0,714302614.1866667,False
300,300,100,auto,4,1744809448,182285,182285,16.8012433052063,2509467648.0,435640914.1728395,False
300,300,100,auto,4,1744809524,649178,649178,16.757456064224243,2461503488.0,432566575.4074074,False
300,300,100,auto,4,1744809633,403845,403845,17.05968976020813,2477912064.0,435199292.0493827,False
300,300,100,auto,8,,,,,,,True
300,300,100,evenly_split,1,1744808196,299672,299672,15.529246807098389,2462101504.0,1256946881.7297297,False
300,300,100,evenly_split,1,1744808256,896522,896522,15.626001119613647,2456616960.0,1261674441.3866668,False
300,300,100,evenly_split,1,1744808317,814619,814619,15.472054958343506,2478256128.0,1243217155.4133334,False
300,300,100,evenly_split,2,1744808910,373261,373261,17.369841814041138,2464157696.0,736081066.6666666,False
300,300,100,evenly_split,2,1744808992,960707,960707,17.1373291015625,2461265920.0,742392457.3658537,False
300,300,100,evenly_split,2,1744809056,221920,221920,16.454145431518555,2476306432.0,728279843.6455697,False
300,300,100,evenly_split,4,1744809767,49313,49313,17.50168013572693,2484023296.0,439194794.6666666,False
300,300,100,evenly_split,4,1744809861,628164,628164,16.94872546195984,2494382080.0,439642352.19753087,False
300,300,100,evenly_split,4,1744809931,211623,211623,17.346150875091553,2500546560.0,442155489.1566265,False
300,300,100,evenly_split,8,,,,,,,True
300,300,100,memaware,1,1744808415,578104,578104,25.040220260620117,696119296.0,429380164.26666665,False
300,300,100,memaware,1,1744808487,268779,268779,27.212806463241577,698589184.0,425776010.7480916,False
300,300,100,memaware,1,1744808563,147381,147381,26.988117933273315,699437056.0,424973507.4198473,False
300,300,100,memaware,2,1744809162,662211,662211,32.577226400375366,581095424.0,330274004.7792208,False
300,300,100,memaware,2,1744809245,408166,408166,33.06784391403198,570040320.0,332404514.24203825,False
300,300,100,memaware,2,1744809329,327403,327403,32.58132457733154,615211008.0,335344245.12418306,False
300,300,100,memaware,4,1744810053,590575,590575,31.562920093536377,507879424.0,281837107.5968992,False
300,300,100,memaware,4,1744810142,339087,339087,31.618582725524902,496304128.0,261633165.7846154,False
300,300,100,memaware,4,1744810249,43644,43644,36.69124674797058,504528896.0,289889830.8413793,False
300,300,100,memaware,8,1744811256,531899,531899,43.6981475353241,448389120.0,251842212.15267175,False
300,300,100,memaware,8,1744811376,464879,464879,43.39919900894165,448131072.0,242880351.08571428,False
300,300,100,memaware,8,1744811493,315110,315110,43.06839442253113,444481536.0,246211840.0,False
300,300,200,auto,1,1744811636,208091,208091,28.82099223136902,4889931776.0,2695727028.148148,False
300,300,200,auto,1,1744811711,817784,817784,28.36312961578369,4839108608.0,2678558689.882353,False
300,300,200,auto,1,1744811784,316197,316197,28.12770175933838,4865150976.0,2655818850.6074076,False
300,300,200,auto,2,1744812506,980176,980176,28.770084857940674,4854034432.0,1413281688.115942,False
300,300,200,auto,2,1744812582,766194,766194,28.728448390960693,4855885824.0,1420357677.1764705,False
300,300,200,auto,2,1744812677,818055,818055,29.22081446647644,4859199488.0,1423152120.6330936,False
300,300,200,auto,4,,,,,,,True
300,300,200,auto,8,,,,,,,True
300,300,200,evenly_split,1,1744811901,802664,802664,28.004119634628296,4871999488.0,2686908691.1044774,False
300,300,200,evenly_split,1,1744811975,27978,27978,28.105744123458862,4861874176.0,2691896509.6296296,False
300,300,200,evenly_split,1,1744812054,122326,122326,28.376969814300537,4889853952.0,2666270750.3407407,False
300,300,200,evenly_split,2,1744812811,534845,534845,28.59751057624817,4871290880.0,1409450522.160584,False
300,300,200,evenly_split,2,1744812895,589334,589334,28.94452142715454,4836614144.0,1423623924.8695652,False
300,300,200,evenly_split,2,1744812975,851357,851357,28.85546064376831,4839079936.0,1402869804.201439,False
300,300,200,evenly_split,4,,,,,,,True
300,300,200,evenly_split,8,,,,,,,True
300,300,200,memaware,1,1744812175,647250,647250,46.45923709869385,1029697536.0,709198598.918919,False
300,300,200,memaware,1,1744812284,457031,457031,46.428613901138306,1032609792.0,711469046.7330316,False
300,300,200,memaware,1,1744812377,109803,109803,46.54392623901367,1013592064.0,705242459.5113122,False
300,300,200,memaware,2,1744813107,591385,591385,54.54898476600647,756449280.0,475211942.6976744,False
300,300,200,memaware,2,1744813211,400901,400901,54.161927700042725,809267200.0,466294815.8754864,False
300,300,200,memaware,2,1744813316,714046,714046,54.15639615058899,794562560.0,467561560.6929134,False
300,300,200,memaware,4,1744814344,233947,233947,68.99026608467102,607830016.0,377667360.5818182,False
300,300,200,memaware,4,1744814476,459564,459564,60.31295299530029,613720064.0,366461897.44262296,False
300,300,200,memaware,4,1744814599,909977,909977,60.32541751861572,601784320.0,358069788.672,False
300,300,200,memaware,8,1744815628,739863,739863,84.2222318649292,514961408.0,284720365.26829267,False
300,300,200,memaware,8,1744815788,807893,807893,83.87607884407043,492363776.0,292457522.98755187,False
300,300,200,memaware,8,1744815946,666047,666047,83.32855558395386,509857792.0,294292942.5210084,False
300,300,300,auto,1,1744816129,776497,776497,42.71380114555359,7248007168.0,4176998898.4550266,False
300,300,300,auto,1,1744816218,206609,206609,39.19002079963684,7250571264.0,4222358358.2459893,False
300,300,300,auto,1,1744816309,88864,88864,40.85796141624451,7232610304.0,4106342925.1282053,False
300,300,300,auto,2,1744817040,951212,951212,45.382638454437256,7262801920.0,2165587297.917051,False
300,300,300,auto,2,1744817141,757053,757053,42.632644176483154,7230169088.0,2165149746.6930695,False
300,300,300,auto,2,1744817233,873615,873615,42.6580924987793,7234400256.0,2155356119.6453204,False
300,300,300,auto,4,,,,,,,True
300,300,300,auto,8,,,,,,,True
300,300,300,evenly_split,1,1744816429,615202,615202,39.921630859375,7221604352.0,4158008955.957895,False
300,300,300,evenly_split,1,1744816516,644629,644629,39.842451095581055,7231754240.0,4158616731.47644,False
300,300,300,evenly_split,1,1744816602,902972,902972,40.37547945976257,7230967808.0,4154600410.8601036,False
300,300,300,evenly_split,2,1744817357,45358,45358,46.08216691017151,7234961408.0,2169752431.050228,False
300,300,300,evenly_split,2,1744817460,693801,693801,42.735109090805054,7222292480.0,2150244695.014778,False
300,300,300,evenly_split,2,1744817559,46452,46452,42.96172738075256,7255273472.0,2168033912.470588,False
300,300,300,evenly_split,4,,,,,,,True
300,300,300,evenly_split,8,,,,,,,True
300,300,300,memaware,1,1744816722,208049,208049,41.88301420211792,7223963648.0,4084320665.6,False
300,300,300,memaware,1,1744816819,321322,321322,41.04787993431091,7265099776.0,4122085731.265306,False
300,300,300,memaware,1,1744816907,508046,508046,40.84780788421631,7221383168.0,4120161016.082474,False
300,300,300,memaware,2,1744817687,87923,87923,46.01398491859436,7247106048.0,2179130194.995434,False
300,300,300,memaware,2,1744817781,419840,419840,42.695428133010864,7263473664.0,2173071158.226601,False
300,300,300,memaware,2,1744817873,379118,379118,42.158775329589844,7273381888.0,2199327015.482587,False
300,300,300,memaware,4,1744818880,166570,166570,65.85445737838745,1295024128.0,647809060.1837456,False
300,300,300,memaware,4,1744819008,828966,828966,62.81099462509155,1299976192.0,562528335.6444445,False
300,300,300,memaware,4,1744819125,665476,665476,69.72120833396912,1296080896.0,722469357.2890365,False
300,300,300,memaware,8,1744820192,388193,388193,81.06499242782593,1083125760.0,661002159.1578947,False
300,300,300,memaware,8,1744820348,205088,205088,80.59153604507446,1107755008.0,567047395.9708029,False
300,300,300,memaware,8,1744820504,529938,529938,81.1360456943512,1109061632.0,549820117.6541353,False
300,300,400,auto,1,1744820685,766576,766576,61.85710024833679,9038516224.0,4775046067.582089,False
300,300,400,auto,1,1744820799,312092,312092,53.67425894737244,9003048960.0,4924002609.192157,False
300,300,400,auto,1,1744820905,61043,61043,53.57167077064514,9014009856.0,4937802033.192157,False
300,300,400,auto,2,,,,,,,True
300,300,400,auto,4,,,,,,,True
300,300,400,auto,8,,,,,,,True
300,300,400,evenly_split,1,1744821039,809432,809432,54.79502892494202,8986050560.0,4848365081.501916,False
300,300,400,evenly_split,1,1744821153,696407,696407,54.29792499542236,8988688384.0,4883031508.341085,False
300,300,400,evenly_split,1,1744821253,133909,133909,55.325868129730225,8986103808.0,4817999422.060606,False
300,300,400,evenly_split,2,,,,,,,True
300,300,400,evenly_split,4,,,,,,,True
300,300,400,evenly_split,8,,,,,,,True
300,300,400,memaware,1,1744821387,686304,686304,93.67047762870789,1616326656.0,1118945711.6412556,False
300,300,400,memaware,1,1744821528,32395,32395,90.5390682220459,1730764800.0,1112898986.6666667,False
300,300,400,memaware,1,1744821673,59534,59534,90.09230875968933,1739665408.0,1194919598.62645,False
300,300,400,memaware,2,1744823214,677083,677083,117.17319297790527,1125711872.0,696609529.9600725,False
300,300,400,memaware,2,1744823389,211981,211981,105.37379598617554,1086201856.0,690696257.6673347,False
300,300,400,memaware,2,1744823550,982836,982836,105.08594632148743,1041416192.0,691740490.6881287,False
300,300,400,memaware,4,1744824787,951989,951989,116.46924948692322,796635136.0,472547442.25684214,False
300,300,400,memaware,4,1744824965,974279,974279,116.13256216049194,766988288.0,460478658.9456067,False
300,300,400,memaware,4,1744825143,778819,778819,117.22617554664612,804343808.0,476135893.5103735,False
300,300,400,memaware,8,1744826447,32941,32941,161.93364429473877,655867904.0,357600208.5067873,False
300,300,400,memaware,8,1744826678,814468,814468,161.89518189430237,611409920.0,356745665.44796383,False
300,300,400,memaware,8,1744826916,549487,549487,162.7438383102417,612659200.0,350337741.70419425,False
300,400,100,auto,1,1744827186,120487,120487,21.150006532669067,3282280448.0,1761185670.3366337,False
300,400,100,auto,1,1744827252,432826,432826,19.978734970092773,3241680896.0,1681586154.8865979,False
300,400,100,auto,1,1744827317,563881,563881,20.104459285736084,3281891328.0,1695970659.2653062,False
300,400,100,auto,2,1744827937,135914,135914,19.982866525650024,3250528256.0,936796565.3333334,False
300,400,100,auto,2,1744828005,514465,514465,21.236039638519287,3279536128.0,967556718.4313726,False
300,400,100,auto,2,1744828080,148376,148376,20.264596462249756,3273576448.0,938247774.0408163,False
300,400,100,auto,4,1744828801,977758,977758,24.928978204727173,3260649472.0,574356720.9411764,False
300,400,100,auto,4,1744828900,297833,297833,23.64445662498474,3248889856.0,558124434.2857143,False
300,400,100,auto,4,1744828980,445897,445897,25.357706546783447,3271897088.0,587326657.0491804,False
300,400,100,auto,8,,,,,,,True
300,400,100,evenly_split,1,1744827416,830515,830515,19.714049577713013,3272146944.0,1705139404.8,False
300,400,100,evenly_split,1,1744827480,321979,321979,19.760352611541748,3266027520.0,1679076565.3333333,False
300,400,100,evenly_split,1,1744827546,38149,38149,19.764747142791748,3266899968.0,1686597461.3333333,False
300,400,100,evenly_split,2,1744828217,448353,448353,19.928900003433228,3256332288.0,943042365.9789474,False
300,400,100,evenly_split,2,1744828287,324400,324400,22.127696752548218,3271933952.0,984583940.8301888,False
300,400,100,evenly_split,2,1744828391,202563,202563,19.954827547073364,3250634752.0,925151041.9793814,False
300,400,100,evenly_split,4,1744829117,732004,732004,23.054165840148926,3309940736.0,556859050.6666666,False
300,400,100,evenly_split,4,1744829194,145275,145275,22.39593482017517,3283066880.0,555685432.8888888,False
300,400,100,evenly_split,4,1744829277,898564,898564,22.554073572158813,3265331200.0,561261539.5555556,False
300,400,100,evenly_split,8,,,,,,,True
300,400,100,memaware,1,1744827652,668521,668521,37.600451707839966,784408576.0,507578120.4395604,False
300,400,100,memaware,1,1744827735,467576,467576,35.45365643501282,773705728.0,499932509.36470586,False
300,400,100,memaware,1,1744827816,558469,558469,35.32272529602051,764837888.0,496277263.0588235,False
300,400,100,memaware,2,1744828500,903076,903076,37.764524698257446,635330560.0,379514015.2888889,False
300,400,100,memaware,2,1744828589,286924,286924,38.01757860183716,617967616.0,388769610.961326,False
300,400,100,memaware,2,1744828678,552721,552721,38.042906284332275,625790976.0,384721726.57777774,False
300,400,100,memaware,4,1744829406,73295,73295,41.123011112213135,539144192.0,299089695.8106509,False
300,400,100,memaware,4,1744829514,857821,857821,41.50685930252075,544464896.0,304408515.7647059,False
300,400,100,memaware,4,1744829617,967004,967004,45.425636768341064,549138432.0,289267761.81621623,False
300,400,100,memaware,8,1744830571,883833,883833,56.61583590507507,469233664.0,262898595.72093025,False
300,400,100,memaware,8,1744830703,276039,276039,57.434948682785034,461127680.0,260878526.08383232,False
300,400,100,memaware,8,1744830835,142945,142945,57.147929430007935,469958656.0,263526821.8181818,False
300,400,200,auto,1,1744830995,673548,673548,39.21076202392578,6464475136.0,3642787794.989011,False
300,400,200,auto,1,1744831086,345534,345534,36.565558671951294,6474870784.0,3641936796.5257144,False
300,400,200,auto,1,1744831167,801206,801206,37.090919971466064,6424113152.0,3694355996.764045,False
300,400,200,auto,2,1744831982,233096,233096,40.49193835258484,6462119936.0,1936008669.8666666,False
300,400,200,auto,2,1744832081,936316,936316,39.02685809135437,6457843712.0,1912859778.7234042,False
300,400,200,auto,2,1744832169,350551,350551,38.821430683135986,6469136384.0,1919510660.1290324,False
300,400,200,auto,4,,,,,,,True
300,400,200,auto,8,,,,,,,True
300,400,200,evenly_split,1,1744831292,335803,335803,36.82212591171265,6452330496.0,3642238870.674286,False
300,400,200,evenly_split,1,1744831380,638311,638311,36.465301513671875,6435385344.0,3630363334.289017,False
300,400,200,evenly_split,1,1744831474,169321,169321,36.476125717163086,6433849344.0,3571217015.9542856,False
300,400,200,evenly_split,2,1744832290,41098,41098,39.40080690383911,6469017600.0,1917724303.5767195,False
300,400,200,evenly_split,2,1744832385,63032,63032,37.924283266067505,6469713920.0,1937952813.0109892,False
300,400,200,evenly_split,2,1744832472,77989,77989,38.006685972213745,6452199424.0,1932535537.934066,False
300,400,200,evenly_split,4,,,,,,,True
300,400,200,evenly_split,8,,,,,,,True
300,400,200,memaware,1,1744831607,211462,211462,61.274888038635254,1212665856.0,864459169.9591837,False
300,400,200,memaware,1,1744831723,224555,224555,61.63958978652954,1242263552.0,867580035.9050847,False
300,400,200,memaware,1,1744831840,716240,716240,63.179370164871216,1243533312.0,879769336.3960396,False
300,400,200,memaware,2,1744832599,192643,192643,81.97174143791199,867868672.0,553493200.0,False
300,400,200,memaware,2,1744832729,792279,792279,72.14449262619019,886452224.0,562147116.5545723,False
300,400,200,memaware,2,1744832860,532810,532810,82.08677005767822,862638080.0,554822727.8129871,False
300,400,200,memaware,4,1744833828,567236,567236,79.0691888332367,723480576.0,389462464.1945289,False
300,400,200,memaware,4,1744833969,852997,852997,79.26850295066833,677703680.0,390620916.1846154,False
300,400,200,memaware,4,1744834110,869079,869079,79.7213339805603,666202112.0,407751321.9141104,False
300,400,200,memaware,8,1744835232,370881,370881,111.25619697570801,544358400.0,309697907.90879476,False
300,400,200,memaware,8,1744835420,258798,258798,95.92927169799805,588685312.0,316780468.86006826,False
300,400,200,memaware,8,1744835591,949113,949113,110.64248275756836,525127680.0,310415766.6366559,False
300,400,300,auto,1,1744835809,126885,126885,56.12907886505127,9012150272.0,4879813675.490348,False
300,400,300,auto,1,1744835918,118103,118103,54.39670753479004,9036447744.0,4933544165.312741,False
300,400,300,auto,1,1744836025,792944,792944,55.06816625595093,9019060224.0,4798113526.229008,False
300,400,300,auto,2,,,,,,,True
300,400,300,auto,4,,,,,,,True
300,400,300,auto,8,,,,,,,True
300,400,300,evenly_split,1,1744836157,56076,56076,56.53349304199219,9013481472.0,4703421695.048327,False
300,400,300,evenly_split,1,1744836267,73933,73933,55.08239793777466,9012453376.0,4835671200.858237,False
300,400,300,evenly_split,1,1744836376,244387,244387,53.61394190788269,9008177152.0,4911135413.417323,False
300,400,300,evenly_split,2,,,,,,,True
300,400,300,evenly_split,4,,,,,,,True
300,400,300,evenly_split,8,,,,,,,True
300,400,300,memaware,1,1744836509,609451,609451,93.69546055793762,1724534784.0,1106750355.847191,False
300,400,300,memaware,1,1744836650,725289,725289,89.97790551185608,1659527168.0,1161608473.004651,False
300,400,300,memaware,1,1744836789,947691,947691,89.90302157402039,1616674816.0,1131038748.576744,False
300,400,300,memaware,2,1744838292,432365,432365,106.05794429779053,1086177280.0,711920791.552,False
300,400,300,memaware,2,1744838448,172738,172738,105.65317153930664,1124642816.0,698903728.8353415,False
300,400,300,memaware,2,1744838611,585296,585296,105.35759139060974,1034092544.0,691835994.8387097,False
300,400,300,memaware,4,1744839858,998377,998377,134.9134123325348,808906752.0,477600859.53072625,False
300,400,300,memaware,4,1744840058,166435,166435,116.48558354377747,776744960.0,477654447.8329854,False
300,400,300,memaware,4,1744840229,944054,944054,136.7380850315094,768212992.0,477781781.99634373,False
300,400,300,memaware,8,1744841649,826853,826853,162.70420932769775,595484672.0,353463536.0369515,False
300,400,300,memaware,8,1744841890,624091,624091,161.61208367347717,609611776.0,354370701.3986637,False
300,400,300,memaware,8,1744842121,580281,580281,161.37576580047607,611680256.0,348948434.30663615,False
300,400,400,auto,1,1744842390,61315,61315,74.49903345108032,9391521792.0,4274537719.172414,False
300,400,400,auto,1,1744842516,164763,164763,73.3742618560791,9394110464.0,4317419891.827089,False
300,400,400,auto,1,1744842642,399116,399116,73.45936560630798,9434292224.0,4335841808.137536,False
300,400,400,auto,2,,,,,,,True
300,400,400,auto,4,,,,,,,True
300,400,400,auto,8,,,,,,,True
300,400,400,evenly_split,1,1744842794,651440,651440,75.84459066390991,9428135936.0,4213822415.7783933,False
300,400,400,evenly_split,1,1744842914,612894,612894,74.66417837142944,9423339520.0,4286165384.292958,False
300,400,400,evenly_split,1,1744843034,727538,727538,75.16555619239807,9433661440.0,4296601185.797752,False
300,400,400,evenly_split,2,,,,,,,True
300,400,400,evenly_split,4,,,,,,,True
300,400,400,evenly_split,8,,,,,,,True
300,400,400,memaware,1,1744843188,60140,60140,118.43065762519836,2191380480.0,1580190133.2953737,False
300,400,400,memaware,1,1744843362,971621,971621,118.32641887664795,2214064128.0,1603210678.857143,False
300,400,400,memaware,1,1744843533,645611,645611,118.01469254493713,2162028544.0,1574689854.3942652,False
300,400,400,memaware,2,1744845332,987156,987156,139.00501489639282,1350750208.0,916079267.3374233,False
300,400,400,memaware,2,1744845529,967322,967322,139.80246901512146,1307496448.0,909931710.4390244,False
300,400,400,memaware,2,1744845716,275818,275818,139.87110090255737,1365213184.0,914254175.7082067,False
300,400,400,memaware,4,1744847206,14464,14464,179.2678496837616,926060544.0,593924376.5674548,False
300,400,400,memaware,4,1744847450,845569,845569,153.31751108169556,942997504.0,583188580.7746031,False
300,400,400,memaware,4,1744847657,177289,177289,154.76298546791077,905646080.0,589964343.1759112,False
300,400,400,memaware,8,1744849536,997595,997595,215.31401753425598,767139840.0,386088843.0503597,False
300,400,400,memaware,8,1744849829,419026,419026,214.9155650138855,696692736.0,394969425.6630824,False
300,400,400,memaware,8,1744850121,61227,61227,216.37574553489685,697176064.0,388783481.459854,False
400,100,100,auto,1,1744850445,183989,183989,9.707301616668701,1186746368.0,550971164.4444444,False
400,100,100,auto,1,1744850500,612829,612829,8.341821432113647,1156628480.0,512353484.8,False
400,100,100,auto,1,1744850552,998555,998555,9.503633260726929,1157459968.0,548679497.9555556,False
400,100,100,auto,2,1744851044,567803,567803,9.532158613204956,1155100672.0,356758732.8,False
400,100,100,auto,2,1744851102,533749,533749,9.628000497817993,1193885696.0,356068809.5319149,False
400,100,100,auto,2,1744851164,443589,443589,8.866727590560913,1154940928.0,334639342.1395349,False
400,100,100,auto,4,1744851701,337464,337464,8.577846050262451,1195847680.0,253355739.42857143,False
400,100,100,auto,4,1744851763,618356,618356,10.184188842773438,1193254912.0,258721144.16326532,False
400,100,100,auto,4,1744851826,468687,468687,10.431186199188232,1176379392.0,257164455.18367347,False
400,100,100,auto,8,1744852484,240353,240353,12.322062492370605,1198821376.0,210736119.1724138,False
400,100,100,auto,8,1744852566,783262,783262,11.853299379348755,1192697856.0,210250015.4385965,False
400,100,100,auto,8,1744852655,251633,251633,9.925183057785034,1170632704.0,208274005.33333334,False
400,100,100,evenly_split,1,1744850641,212097,212097,9.498034477233887,1154879488.0,547724492.8,False
400,100,100,evenly_split,1,1744850695,313815,313815,8.288147687911987,1169674240.0,515183820.8,False
400,100,100,evenly_split,1,1744850747,885954,885954,8.326008796691895,1160761344.0,512531558.4,False
400,100,100,evenly_split,2,1744851254,100156,100156,9.5288724899292,1156538368.0,347966820.17391306,False
400,100,100,evenly_split,2,1744851315,806050,806050,8.77449107170105,1169121280.0,329332882.28571427,False
400,100,100,evenly_split,2,1744851372,41625,41625,8.919418811798096,1147715584.0,334883197.0232558,False
400,100,100,evenly_split,4,1744851925,333033,333033,9.528228759765625,1145978880.0,253094866.4888889,False
400,100,100,evenly_split,4,1744851988,114348,114348,10.064584255218506,1160564736.0,257044736.0,False
400,100,100,evenly_split,4,1744852060,563826,563826,9.38844108581543,1163141120.0,248894720.0,False
400,100,100,evenly_split,8,1744852784,221596,221596,10.230278491973877,1194389504.0,209836149.33333334,False
400,100,100,evenly_split,8,1744852865,267155,267155,11.875486135482788,1190051840.0,209126795.22807017,False
400,100,100,evenly_split,8,1744852948,565204,565204,10.009532690048218,1163001856.0,206364544.0,False
400,100,100,memaware,1,1744850835,215154,215154,11.960834264755249,504922112.0,299043875.3103448,False
400,100,100,memaware,1,1744850892,613574,613574,12.021511793136597,494575616.0,292512507.66101694,False
400,100,100,memaware,1,1744850950,710569,710569,13.46169137954712,524427264.0,293322184.86153847,False
400,100,100,memaware,2,1744851464,643821,643821,13.917157173156738,460824576.0,253912109.85074627,False
400,100,100,memaware,2,1744851531,606373,606373,15.534969091415405,452612096.0,261509007.78082192,False
400,100,100,memaware,2,1744851598,115681,115681,15.614943504333496,480071680.0,264906078.68493152,False
400,100,100,memaware,4,1744852227,97154,97154,14.687380075454712,465711104.0,215185684.31746033,False
400,100,100,memaware,4,1744852297,708138,708138,17.08851432800293,441720832.0,216065427.8309859,False
400,100,100,memaware,4,1744852371,118108,118108,16.949317455291748,421380096.0,246342987.29411763,False
400,100,100,memaware,8,1744853088,209905,209905,16.6424777507782,433340416.0,201820616.86153847,False
400,100,100,memaware,8,1744853188,458355,458355,16.902143001556396,434634752.0,200447156.70588237,False
400,100,100,memaware,8,1744853271,269348,269348,19.586410522460938,423190528.0,192607327.57333332,False
400,100,200,auto,1,1744853400,98463,98463,15.315485715866089,2212634624.0,1120537144.8888888,False
400,100,200,auto,1,1744853459,110517,110517,14.852689027786255,2208841728.0,1078093968.225352,False
400,100,200,auto,1,1744853520,973963,973963,14.432846307754517,2196561920.0,1069064963.7101449,False
400,100,200,auto,2,1744854168,437210,437210,14.662250995635986,2237382656.0,623477818.5142857,False
400,100,200,auto,2,1744854230,41873,41873,14.876309156417847,2212200448.0,619728290.2535212,False
400,100,200,auto,2,1744854296,975790,975790,15.342234134674072,2212118528.0,641079694.2222222,False
400,100,200,auto,4,1744854958,150164,150164,15.679541110992432,2241708032.0,395397488.64000005,False
400,100,200,auto,4,1744855028,95831,95831,16.501705169677734,2206515200.0,400953107.6923077,False
400,100,200,auto,4,1744855100,711387,711387,15.943162202835083,2216800256.0,392864494.93333334,False
400,100,200,auto,8,,,,,,,True
400,100,200,evenly_split,1,1744853644,639198,639198,14.485956907272339,2189639680.0,1071070638.3768116,False
400,100,200,evenly_split,1,1744853707,272257,272257,15.16255497932434,2229993472.0,1115678691.1549296,False
400,100,200,evenly_split,1,1744853818,245475,245475,14.66282606124878,2233348096.0,1084244728.6857142,False
400,100,200,evenly_split,2,1744854394,240901,240901,16.115864992141724,2211688448.0,660344379.8441558,False
400,100,200,evenly_split,2,1744854505,102895,102895,14.550650835037231,2245423104.0,636640270.8405797,False
400,100,200,evenly_split,2,1744854568,79167,79167,15.685078859329224,2229547008.0,650984598.1866667,False
400,100,200,evenly_split,4,1744855224,286480,286480,17.212700366973877,2212921344.0,408304177.9512195,False
400,100,200,evenly_split,4,1744855295,342611,342611,15.825030326843262,2231009280.0,397568567.3513514,False
400,100,200,evenly_split,4,1744855366,466086,466086,15.874157190322876,2220380160.0,391976245.8947368,False
400,100,200,evenly_split,8,,,,,,,True
400,100,200,memaware,1,1744853914,475959,475959,25.641642332077026,658411520.0,405059919.73770493,False
400,100,200,memaware,1,1744853986,21311,21311,24.5928316116333,667590656.0,399808650.84745765,False
400,100,200,memaware,1,1744854057,1122,1122,24.5675950050354,665591808.0,395721259.3898305,False
400,100,200,memaware,2,1744854666,954340,954340,29.701855421066284,557391872.0,323502138.0992908,False
400,100,200,memaware,2,1744854762,697128,697128,29.911396503448486,563318784.0,322377973.1830986,False
400,100,200,memaware,2,1744854841,471661,471661,29.647844552993774,548483072.0,311028234.89361703,False
400,100,200,memaware,4,1744855473,249496,249496,32.11512541770935,466837504.0,263772766.52307692,False
400,100,200,memaware,4,1744855561,215379,215379,32.16171908378601,497741824.0,267302872.0,False
400,100,200,memaware,4,1744855651,544143,544143,32.341896057128906,492355584.0,270576858.870229,False
400,100,200,memaware,8,1744856670,812673,812673,38.99927830696106,434880512.0,255025130.1196581,False
400,100,200,memaware,8,1744856784,243107,243107,38.63435125350952,453672960.0,235756721.5483871,False
400,100,200,memaware,8,1744856898,899764,899764,38.49199414253235,438341632.0,245692010.66666666,False
400,100,300,auto,1,1744857044,978850,978850,22.93995213508606,3280687104.0,1805744862.1886792,False
400,100,300,auto,1,1744857112,964137,964137,21.316508769989014,3263746048.0,1764322435.8019803,False
400,100,300,auto,1,1744857178,699041,699041,20.223912000656128,3267874816.0,1724805248.0,False
400,100,300,auto,2,1744857791,302680,302680,23.137576580047607,3314053120.0,987161327.559633,False
400,100,300,auto,2,1744857867,209247,209247,20.319611072540283,3266371584.0,944409834.6666666,False
400,100,300,auto,2,1744857936,876469,876469,20.9339542388916,3244875776.0,915859580.1212121,False
400,100,300,auto,4,1744858635,322380,322380,23.6896390914917,3250839552.0,568836434.2857143,False
400,100,300,auto,4,1744858714,291341,291341,25.588683605194092,3292872704.0,576742950.0826446,False
400,100,300,auto,4,1744858794,841729,841729,23.60204553604126,3299364864.0,559443968.0,False
400,100,300,auto,8,,,,,,,True
400,100,300,evenly_split,1,1744857281,732832,732832,19.93667507171631,3254579200.0,1728531957.106383,False
400,100,300,evenly_split,1,1744857344,282296,282296,19.85867166519165,3254550528.0,1727456234.212766,False
400,100,300,evenly_split,1,1744857409,656607,656607,19.804856538772583,3267575808.0,1680861663.319149,False
400,100,300,evenly_split,2,1744858060,10962,10962,20.9299578666687,3259187200.0,956073943.04,False
400,100,300,evenly_split,2,1744858138,190391,190391,20.265676259994507,3280027648.0,943977820.371134,False
400,100,300,evenly_split,2,1744858206,508623,508623,20.32679557800293,3272019968.0,943453469.0309278,False
400,100,300,evenly_split,4,1744858914,980969,980969,22.32599377632141,3293626368.0,562944156.0380952,False
400,100,300,evenly_split,4,1744858991,101620,101620,23.52962064743042,3255369728.0,556656852.1801802,False
400,100,300,evenly_split,4,1744859071,310549,310549,23.128754138946533,3257012224.0,555461998.3853211,False
400,100,300,evenly_split,8,,,,,,,True
400,100,300,memaware,1,1744857516,930763,930763,32.13771891593933,818483200.0,538578435.3464053,False
400,100,300,memaware,1,1744857596,895627,895627,33.93602275848389,807591936.0,524245055.60248446,False
400,100,300,memaware,1,1744857677,333305,333305,34.51551365852356,810758144.0,524327586.3414634,False
400,100,300,memaware,2,1744858311,120714,120714,36.96447205543518,699551744.0,371849298.39080465,False
400,100,300,memaware,2,1744858405,492197,492197,42.312939405441284,643428352.0,379882868.3636364,False
400,100,300,memaware,2,1744858504,851893,851893,43.21365427970886,616292352.0,383393390.4313725,False
400,100,300,memaware,4,1744859190,566897,566897,41.7841362953186,549842944.0,307559829.964497,False
400,100,300,memaware,4,1744859295,359965,359965,40.95826816558838,542195712.0,310848408.9940828,False
400,100,300,memaware,4,1744859398,400456,400456,40.91846823692322,547348480.0,310428684.26347303,False
400,100,300,memaware,8,1744860365,376050,376050,56.036338567733765,462393344.0,265456832.3699422,False
400,100,300,memaware,8,1744860490,865351,865351,55.558748722076416,464031744.0,262364881.04142013,False
400,100,300,memaware,8,1744860611,222852,222852,56.24005746841431,470216704.0,260933389.4736842,False
400,100,400,auto,1,1744860774,888882,888882,27.88293147087097,4306251776.0,2308851162.5365853,False
400,100,400,auto,1,1744860845,692150,692150,28.179534435272217,4338978816.0,2422865981.1343284,False
400,100,400,auto,1,1744860917,239877,239877,25.581100940704346,4288352256.0,2316250028.0655737,False
400,100,400,auto,2,1744861608,727364,727364,26.723037481307983,4332974080.0,1245827459.023622,False
400,100,400,auto,2,1744861685,220677,220677,27.032257318496704,4302548992.0,1254679520.0,False
400,100,400,auto,2,1744861760,503277,503277,27.2556893825531,4332765184.0,1266485792.0,False
400,100,400,auto,4,,,,,,,True
400,100,400,auto,8,,,,,,,True
400,100,400,evenly_split,1,1744861038,666751,666751,26.225234508514404,4327706624.0,2333935271.936,False
400,100,400,evenly_split,1,1744861111,205927,205927,25.92572832107544,4306223104.0,2361380830.4262295,False
400,100,400,evenly_split,1,1744861183,243575,243575,25.956287384033203,4301602816.0,2309173347.902439,False
400,100,400,evenly_split,2,1744861877,363090,363090,28.780741930007935,4318535680.0,1303493918.1176472,False
400,100,400,evenly_split,2,1744861953,926495,926495,26.506498098373413,4300795904.0,1244393244.4444444,False
400,100,400,evenly_split,2,1744862027,974177,974177,26.05324673652649,4293804032.0,1247017209.7560976,False
400,100,400,evenly_split,4,,,,,,,True
400,100,400,evenly_split,8,,,,,,,True
400,100,400,memaware,1,1744861290,941676,941676,46.90446639060974,949157888.0,649827355.6756756,False
400,100,400,memaware,1,1744861385,197236,197236,42.05955648422241,953593856.0,651633401.5678391,False
400,100,400,memaware,1,1744861482,875116,875116,42.158931016922,953679872.0,649816400.238806,False
400,100,400,memaware,2,1744862137,222938,222938,48.819103717803955,706547712.0,439639318.45614034,False
400,100,400,memaware,2,1744862237,46404,46404,49.223695278167725,710414336.0,443989036.5217391,False
400,100,400,memaware,2,1744862345,931663,931663,49.37633681297302,732303360.0,443578644.03478265,False
400,100,400,memaware,4,1744863442,328091,328091,61.528148889541626,583843840.0,323151255.9681275,False
400,100,400,memaware,4,1744863567,182237,182237,53.918511390686035,579334144.0,334231401.6880734,False
400,100,400,memaware,4,1744863684,643388,643388,53.589903116226196,581525504.0,328833782.5185185,False
400,100,400,memaware,8,1744864737,903051,903051,74.32335877418518,478932992.0,285395293.71428573,False
400,100,400,memaware,8,1744864879,725078,725078,73.13149380683899,486170624.0,278626540.6792453,False
400,100,400,memaware,8,1744865031,23992,23992,74.17006921768188,488886272.0,278209432.1843318,False
400,200,100,auto,1,1744865205,16377,16377,14.782396078109741,2213740544.0,1096209769.4117646,False
400,200,100,auto,1,1744865263,860163,860163,14.488598823547363,2196160512.0,1102674127.768116,False
400,200,100,auto,1,1744865321,266417,266417,14.50594425201416,2198548480.0,1105139419.4285715,False
400,200,100,auto,2,1744865885,987442,987442,14.610276699066162,2239303680.0,648076170.9714286,False
400,200,100,auto,2,1744865951,626261,626261,14.430680274963379,2199506944.0,637605145.9710145,False
400,200,100,auto,2,1744866028,908112,908112,14.744849681854248,2221887488.0,627690250.8169014,False
400,200,100,auto,4,1744866661,7415,7415,15.571590662002563,2198933504.0,397796365.8378379,False
400,200,100,auto,4,1744866734,226333,226333,16.028093338012695,2208137216.0,399287734.85714287,False
400,200,100,auto,4,1744866805,840738,840738,16.174538612365723,2241609728.0,402198647.6883117,False
400,200,100,auto,8,,,,,,,True
400,200,100,evenly_split,1,1744865416,756219,756219,14.59077501296997,2240360448.0,1115869357.0704226,False
400,200,100,evenly_split,1,1744865475,102714,102714,14.281890630722046,2214989824.0,1111788062.1176472,False
400,200,100,evenly_split,1,1744865534,914419,914419,14.290080547332764,2213888000.0,1096862378.6666667,False
400,200,100,evenly_split,2,1744866126,9770,9770,15.747714042663574,2245414912.0,668401340.6315789,False
400,200,100,evenly_split,2,1744866225,375367,375367,14.36831283569336,2213416960.0,624957440.0,False
400,200,100,evenly_split,2,1744866288,756244,756244,14.527350425720215,2189619200.0,633820293.5652175,False
400,200,100,evenly_split,4,1744866929,683182,683182,15.784236669540405,2229035008.0,399505107.62666667,False
400,200,100,evenly_split,4,1744866999,87992,87992,15.873013734817505,2224410624.0,400578613.8947368,False
400,200,100,evenly_split,4,1744867068,989818,989818,15.637911558151245,2243436544.0,400493817.08108103,False
400,200,100,evenly_split,8,,,,,,,True
400,200,100,memaware,1,1744865632,362009,362009,24.101401567459106,651685888.0,396669351.7241379,False
400,200,100,memaware,1,1744865706,599892,599892,24.143478631973267,641392640.0,400086392.3418803,False
400,200,100,memaware,1,1744865776,322439,322439,24.34105134010315,650674176.0,400446525.26495725,False
400,200,100,memaware,2,1744866386,63756,63756,29.625975370407104,548368384.0,327466456.0567376,False
400,200,100,memaware,2,1744866464,807773,807773,29.528793334960938,544550912.0,310736997.67375886,False
400,200,100,memaware,2,1744866544,707063,707063,29.76072406768799,540692480.0,320194430.19718313,False
400,200,100,memaware,4,1744867173,142192,142192,32.174959659576416,514494464.0,247616899.87878788,False
400,200,100,memaware,4,1744867262,331932,331932,32.44788217544556,506691584.0,278125266.35658914,False
400,200,100,memaware,4,1744867352,971504,971504,32.79020166397095,494325760.0,264594080.2442748,False
400,200,100,memaware,8,1744868393,263865,263865,38.82338094711304,433713152.0,260536651.29411766,False
400,200,100,memaware,8,1744868502,675325,675325,38.65621376037598,445833216.0,249644802.08130082,False
400,200,100,memaware,8,1744868616,798426,798426,38.507824659347534,439066624.0,245845689.00840336,False
400,200,200,auto,1,1744868756,691729,691729,27.902838945388794,4317577216.0,2418733274.8702292,False
400,200,200,auto,1,1744868831,975952,975952,25.36521625518799,4328660992.0,2367317457.4545455,False
400,200,200,auto,1,1744868900,650949,650949,26.66516876220703,4353671168.0,2374964448.0,False
400,200,200,auto,2,1744869558,181079,181079,26.19777226448059,4357709824.0,1266014059.3548386,False
400,200,200,auto,2,1744869632,886953,886953,26.378560781478882,4335239168.0,1259087238.0952382,False
400,200,200,auto,2,1744869706,330023,330023,26.926726818084717,4329443328.0,1268607088.0,False
400,200,200,auto,4,,,,,,,True
400,200,200,auto,8,,,,,,,True
400,200,200,evenly_split,1,1744869006,283009,283009,25.49101448059082,4318007296.0,2379802573.2231407,False
400,200,200,evenly_split,1,1744869081,575746,575746,26.73608708381653,4347174912.0,2355440224.0,False
400,200,200,evenly_split,1,1744869161,107072,107072,25.357792854309082,4330647552.0,2370187670.214876,False
400,200,200,evenly_split,2,1744869881,795115,795115,26.067612171173096,4312420352.0,1252734844.928,False
400,200,200,evenly_split,2,1744869957,942940,942940,26.02993416786194,4316016640.0,1256240019.7723577,False
400,200,200,evenly_split,2,1744870032,664516,664516,27.300870656967163,4346621952.0,1270216125.557252,False
400,200,200,evenly_split,4,,,,,,,True
400,200,200,evenly_split,8,,,,,,,True
400,200,200,memaware,1,1744869296,728282,728282,27.2703115940094,2652995584.0,1428267543.6307693,False
400,200,200,memaware,1,1744869370,63818,63818,28.177658319473267,2661433344.0,1469417669.214815,False
400,200,200,memaware,1,1744869445,125622,125622,27.093215465545654,2662535168.0,1414858972.5538461,False
400,200,200,memaware,2,1744870150,970779,970779,28.97056770324707,2432327680.0,771545963.5942029,False
400,200,200,memaware,2,1744870233,17964,17964,32.13072872161865,2287648768.0,1228036270.013072,False
400,200,200,memaware,2,1744870313,530777,530777,29.46530532836914,2415849472.0,794368435.7446809,False
400,200,200,memaware,4,1744871383,30959,30959,33.54342007637024,2336501760.0,465155914.5316456,False
400,200,200,memaware,4,1744871480,238349,238349,32.882203817367554,2358579200.0,471629161.025641,False
400,200,200,memaware,4,1744871567,144146,144146,34.834372997283936,2314633216.0,705381244.8780488,False
400,200,200,memaware,8,1744872585,885931,885931,74.4654393196106,501600256.0,263054932.95067266,False
400,200,200,memaware,8,1744872726,834687,834687,74.08068203926086,487342080.0,284005366.5185185,False
400,200,200,memaware,8,1744872877,772182,772182,74.74202537536621,492593152.0,275632696.8888889,False
400,200,300,auto,1,1744873058,904306,904306,38.55643105506897,6430703616.0,3649930816.7356324,False
400,200,300,auto,1,1744873142,909980,909980,37.07856249809265,6473379840.0,3649500811.6363635,False
400,200,300,auto,1,1744873233,579176,579176,36.52372765541077,6427566080.0,3683613181.0404625,False
400,200,300,auto,2,1744874057,978903,978903,38.74228286743164,6434992128.0,1921154507.4162164,False
400,200,300,auto,2,1744874147,144927,144927,38.7354941368103,6430498816.0,1910700474.8108108,False
400,200,300,auto,2,1744874238,175711,175711,38.14022779464722,6441349120.0,1935345787.7802198,False
400,200,300,auto,4,,,,,,,True
400,200,300,auto,8,,,,,,,True
400,200,300,evenly_split,1,1744873350,718028,718028,38.98440170288086,6430838784.0,3619663938.064516,False
400,200,300,evenly_split,1,1744873435,902524,902524,36.31030321121216,6450962432.0,3667886719.2601156,False
400,200,300,evenly_split,1,1744873554,311277,311277,36.919384717941284,6443069440.0,3587239656.7272725,False
400,200,300,evenly_split,2,1744874358,360226,360226,39.68551278114319,6434467840.0,1907986442.835979,False
400,200,300,evenly_split,2,1744874453,853081,853081,38.29106307029724,6423248896.0,1905757178.4043717,False
400,200,300,evenly_split,2,1744874540,350904,350904,38.559749603271484,6451781632.0,1928715045.7704918,False
400,200,300,evenly_split,4,,,,,,,True
400,200,300,evenly_split,8,,,,,,,True
400,200,300,memaware,1,1744873681,24480,24480,63.636290073394775,1227935744.0,856731823.7359736,False
400,200,300,memaware,1,1744873799,762201,762201,61.24981689453125,1212694528.0,868122960.6575342,False
400,200,300,memaware,1,1744873916,932884,932884,61.34355711936951,1210413056.0,869145319.4520547,False
400,200,300,memaware,2,1744874663,960851,960851,71.82200598716736,836206592.0,557930171.9880598,False
400,200,300,memaware,2,1744874783,784887,784887,71.78652000427246,919179264.0,561789741.0865672,False
400,200,300,memaware,2,1744874913,483109,483109,81.12390780448914,921849856.0,558283313.9841689,False
400,200,300,memaware,4,1744875889,408095,408095,92.28094100952148,662319104.0,405033092.4851752,False
400,200,300,memaware,4,1744876045,986351,986351,79.44661068916321,714280960.0,406702366.591195,False
400,200,300,memaware,4,1744876178,304394,304394,91.85774755477905,720199680.0,422075458.9645777,False
400,200,300,memaware,8,1744877321,914,914,109.85289025306702,564846592.0,314398357.6103896,False
400,200,300,memaware,8,1744877499,900237,900237,110.17611336708069,533569536.0,304126994.16774195,False
400,200,300,memaware,8,1744877686,375260,375260,109.52164483070374,543694848.0,297209763.3684211,False
400,200,400,auto,1,1744877896,133362,133362,48.50315284729004,8546717696.0,4960026934.857142,False
400,200,400,auto,1,1744877998,48421,48421,47.861401319503784,8566312960.0,4872817017.263158,False
400,200,400,auto,1,1744878091,817801,817801,47.23530340194702,8579252224.0,4950394725.262222,False
400,200,400,auto,2,,,,,,,True
400,200,400,auto,4,,,,,,,True
400,200,400,auto,8,,,,,,,True
400,200,400,evenly_split,1,1744878217,772545,772545,49.38759994506836,8556822528.0,4822095837.288136,False
400,200,400,evenly_split,1,1744878319,964205,964205,46.74586796760559,8580464640.0,4964272357.596413,False
400,200,400,evenly_split,1,1744878419,101420,101420,47.47691512107849,8549810176.0,4848179822.519824,False
400,200,400,evenly_split,2,,,,,,,True
400,200,400,evenly_split,4,,,,,,,True
400,200,400,evenly_split,8,,,,,,,True
400,200,400,memaware,1,1744878545,681285,681285,50.5119526386261,2960883712.0,1753093587.0125523,False
400,200,400,memaware,1,1744878649,972655,972655,50.31603813171387,2957651968.0,1733055419.7333333,False
400,200,400,memaware,1,1744878753,350013,350013,50.052788972854614,2975453184.0,1734737610.2184875,False
400,200,400,memaware,2,1744880165,207652,207652,54.977309703826904,2744610816.0,1302256714.5440612,False
400,200,400,memaware,2,1744880277,295969,295969,54.13640117645264,2782806016.0,1041744931.8599222,False
400,200,400,memaware,2,1744880387,166387,166387,57.9314398765564,2816180224.0,1046705617.4545455,False
400,200,400,memaware,4,1744881442,628324,628324,58.69097280502319,2389340160.0,852777937.9775281,False
400,200,400,memaware,4,1744881564,667903,667903,62.719828367233276,2489769984.0,941296241.3714286,False
400,200,400,memaware,4,1744881690,508613,508613,59.16697645187378,2608594944.0,724108265.3284132,False
400,200,400,memaware,8,1744882792,635419,635419,144.05014562606812,606261248.0,347281428.7392405,False
400,200,400,memaware,8,1744883003,776387,776387,146.6784586906433,591572992.0,336412440.8163265,False
400,200,400,memaware,8,1744883218,144366,144366,144.68478512763977,577171456.0,338762289.182266,False
400,300,100,auto,1,1744883472,57927,57927,20.615288496017456,3284873216.0,1717916563.06383,False
400,300,100,auto,1,1744883538,627231,627231,20.666501760482788,3281174528.0,1732478771.2,False
400,300,100,auto,1,1744883605,858727,858727,19.280643224716187,3259207680.0,1686481666.7526882,False
400,300,100,auto,2,1744884219,292463,292463,22.435413360595703,3286626304.0,986133314.3703704,False
400,300,100,auto,2,1744884311,542993,542993,20.14275074005127,3291213824.0,952377962.6666667,False
400,300,100,auto,2,1744884385,108804,108804,20.491631507873535,3249991680.0,948934279.8367347,False
400,300,100,auto,4,1744885088,13016,13016,24.41106915473938,3263729664.0,579382625.1034483,False
400,300,100,auto,4,1744885168,122617,122617,22.4607675075531,3274489856.0,553892162.3703704,False
400,300,100,auto,4,1744885252,620335,620335,22.395015239715576,3280736256.0,550902328.8888888,False
400,300,100,auto,8,,,,,,,True
400,300,100,evenly_split,1,1744883704,907952,907952,21.65456533432007,3257651200.0,1798897703.3846154,False
400,300,100,evenly_split,1,1744883770,168662,168662,19.775957107543945,3266621440.0,1687886147.368421,False
400,300,100,evenly_split,1,1744883836,588744,588744,19.447492599487305,3246194688.0,1685657687.1489363,False
400,300,100,evenly_split,2,1744884522,777879,777879,19.91423201560974,3257905152.0,955512939.7894737,False
400,300,100,evenly_split,2,1744884591,380799,380799,19.816515684127808,3266117632.0,938319311.4947369,False
400,300,100,evenly_split,2,1744884659,871544,871544,20.29620933532715,3268935680.0,946949573.9381443,False
400,300,100,evenly_split,4,1744885388,900977,900977,24.302298307418823,3275915264.0,575043478.0689656,False
400,300,100,evenly_split,4,1744885471,174973,174973,22.35247254371643,3283075072.0,554976839.7757009,False
400,300,100,evenly_split,4,1744885569,709952,709952,22.994421243667603,3261227008.0,552415880.2201835,False
400,300,100,evenly_split,8,,,,,,,True
400,300,100,memaware,1,1744883936,489572,489572,35.67114448547363,798998528.0,518334907.13450295,False
400,300,100,memaware,1,1744884026,107656,107656,32.593589067459106,819773440.0,525499424.611465,False
400,300,100,memaware,1,1744884104,620263,620263,33.99019241333008,805613568.0,522889354.20858896,False
400,300,100,memaware,2,1744884762,213025,213025,42.23396134376526,690544640.0,372289464.32,False
400,300,100,memaware,2,1744884866,762632,762632,43.620951890945435,618995712.0,380272719.5339806,False
400,300,100,memaware,2,1744884960,543859,543859,38.70645618438721,646606848.0,382820197.0162162,False
400,300,100,memaware,4,1744885690,866121,866121,41.407926082611084,535035904.0,292384461.9770115,False
400,300,100,memaware,4,1744885794,921093,921093,41.405301094055176,529547264.0,304476304.56470585,False
400,300,100,memaware,4,1744885898,383585,383585,47.91454768180847,532434944.0,293524904.45595855,False
400,300,100,memaware,8,1744886865,458815,458815,56.883938789367676,459255808.0,259389272.32748538,False
400,300,100,memaware,8,1744886998,753007,753007,56.578534841537476,474886144.0,250684500.84571427,False
400,300,100,memaware,8,1744887130,601162,601162,56.94481301307678,455294976.0,257013727.06432748,False
400,300,200,auto,1,1744887289,577398,577398,38.98565053939819,6427910144.0,3618457203.9779005,False
400,300,200,auto,1,1744887376,246841,246841,35.738304138183594,6464638976.0,3701784480.1871343,False
400,300,200,auto,1,1744887457,648539,648539,36.32263779640198,6456987648.0,3617997882.8505745,False
400,300,200,auto,2,1744888272,280554,280554,40.01766586303711,6457344000.0,1905325736.8795812,False
400,300,200,auto,2,1744888368,981984,981984,38.77175688743591,6424129536.0,1889720430.107527,False
400,300,200,auto,2,1744888456,113685,113685,38.867316246032715,6471925760.0,1915434622.623656,False
400,300,200,auto,4,,,,,,,True
400,300,200,auto,8,,,,,,,True
400,300,200,evenly_split,1,1744887578,387285,387285,36.3595507144928,6452379648.0,3647635268.754286,False
400,300,200,evenly_split,1,1744887662,111854,111854,36.624523639678955,6476472320.0,3647640862.72,False
400,300,200,evenly_split,1,1744887772,925811,925811,36.23722958564758,6459662336.0,3693144549.364162,False
400,300,200,evenly_split,2,1744888578,504397,504397,39.29123854637146,6426980352.0,1906905970.3829787,False
400,300,200,evenly_split,2,1744888672,204650,204650,38.377429246902466,6470320128.0,1908332677.5652175,False
400,300,200,evenly_split,2,1744888761,145916,145916,38.308939933776855,6426238976.0,1930357250.7978141,False
400,300,200,evenly_split,4,,,,,,,True
400,300,200,evenly_split,8,,,,,,,True
400,300,200,memaware,1,1744887900,717834,717834,61.006898403167725,1239240704.0,866057778.6757679,False
400,300,200,memaware,1,1744888015,794322,794322,61.22518610954285,1221853184.0,867414714.9761093,False
400,300,200,memaware,1,1744888130,752411,752411,61.067909479141235,1237147648.0,874283498.9589041,False
400,300,200,memaware,2,1744888884,13787,13787,82.67805695533752,860934144.0,560535445.3333333,False
400,300,200,memaware,2,1744889026,983831,983831,71.59007620811462,921985024.0,557837403.4285715,False
400,300,200,memaware,2,1744889155,487639,487639,78.17714047431946,936845312.0,551728836.9230769,False
400,300,200,memaware,4,1744890151,920386,920386,92.1348979473114,667054080.0,395779394.0645161,False
400,300,200,memaware,4,1744890306,939759,939759,79.35862708091736,665645056.0,398046182.5590062,False
400,300,200,memaware,4,1744890448,367338,367338,79.84586644172668,637349888.0,392891407.56231004,False
400,300,200,memaware,8,1744891545,356507,356507,109.75886154174805,532398080.0,306717993.9531773,False
400,300,200,memaware,8,1744891732,519793,519793,110.08313465118408,585883648.0,317721998.5928339,False
400,300,200,memaware,8,1744891918,883164,883164,110.73510265350342,567730176.0,311288232.1320132,False
400,300,300,auto,1,1744892130,93766,93766,55.89197540283203,9037946880.0,4941753889.867704,False
400,300,300,auto,1,1744892241,651470,651470,54.57192540168762,9020870656.0,4884166025.846154,False
400,300,300,auto,1,1744892348,207222,207222,53.4511513710022,9029971968.0,4955890354.698039,False
400,300,300,auto,2,,,,,,,True
400,300,300,auto,4,,,,,,,True
400,300,300,auto,8,,,,,,,True
400,300,300,evenly_split,1,1744892481,697431,697431,55.61817026138306,9009672192.0,4761415757.283019,False
400,300,300,evenly_split,1,1744892589,585303,585303,53.6885461807251,8999567360.0,4903074086.848249,False
400,300,300,evenly_split,1,1744892696,423897,423897,54.68721532821655,9003839488.0,4875401914.360153,False
400,300,300,evenly_split,2,,,,,,,True
400,300,300,evenly_split,4,,,,,,,True
400,300,300,evenly_split,8,,,,,,,True
400,300,300,memaware,1,1744892829,213624,213624,89.4550530910492,1748246528.0,1124562380.197647,False
400,300,300,memaware,1,1744892966,778126,778126,89.85029101371765,1629413376.0,1133865132.2616823,False
400,300,300,memaware,1,1744893110,139952,139952,90.01926970481873,1634811904.0,1144900828.1121495,False
400,300,300,memaware,2,1744894586,669399,669399,105.81459927558899,1094328320.0,693304494.4288578,False
400,300,300,memaware,2,1744894740,828324,828324,115.69508790969849,1045688320.0,695285921.5853212,False
400,300,300,memaware,2,1744894905,111913,111913,104.83271503448486,1137512448.0,728900192.1939394,False
400,300,300,memaware,4,1744896126,195255,195255,135.41402626037598,782954496.0,472458473.67717993,False
400,300,300,memaware,4,1744896326,131941,131941,115.98232364654541,851378176.0,484706477.8867924,False
400,300,300,memaware,4,1744896506,45252,45252,116.34329414367676,768622592.0,469283331.1933472,False
400,300,300,memaware,8,1744897835,634964,634964,162.04232931137085,646045696.0,350317013.72477067,False
400,300,300,memaware,8,1744898065,662970,662970,161.7424988746643,619278336.0,347106584.32579184,False
400,300,300,memaware,8,1744898303,499963,499963,161.50974440574646,642256896.0,350827502.6636569,False
400,300,400,auto,1,1744898566,897036,897036,75.2844934463501,9423544320.0,4320595097.011495,False
400,300,400,auto,1,1744898687,369194,369194,72.73141765594482,9405886464.0,4302208728.899136,False
400,300,400,auto,1,1744898815,780043,780043,76.92307257652283,9406062592.0,4181516377.2861037,False
400,300,400,auto,2,,,,,,,True
400,300,400,auto,4,,,,,,,True
400,300,400,auto,8,,,,,,,True
400,300,400,evenly_split,1,1744898970,669890,669890,74.80869817733765,9406464000.0,4234548965.31831,False
400,300,400,evenly_split,1,1744899105,387492,387492,73.12861776351929,9419087872.0,4338960213.82235,False
400,300,400,evenly_split,1,1744899225,820002,820002,73.05086088180542,9382535168.0,4317677302.409222,False
400,300,400,evenly_split,2,,,,,,,True
400,300,400,evenly_split,4,,,,,,,True
400,300,400,evenly_split,8,,,,,,,True
400,300,400,memaware,1,1744899382,752954,752954,120.82213473320007,2158579712.0,1568949462.8251748,False
400,300,400,memaware,1,1744899552,512063,512063,118.92653465270996,2140704768.0,1570904201.9858155,False
400,300,400,memaware,1,1744899726,338920,338920,118.85700488090515,2157817856.0,1571482770.8035398,False
400,300,400,memaware,2,1744901513,298938,298938,139.5602765083313,1331838976.0,913298139.6519084,False
400,300,400,memaware,2,1744901701,172188,172188,138.36153984069824,1390874624.0,922730533.925926,False
400,300,400,memaware,2,1744901895,537917,537917,138.94355082511902,1297858560.0,913940878.9202454,False
400,300,400,memaware,4,1744903364,739057,739057,154.72959280014038,941551616.0,588637143.8746082,False
400,300,400,memaware,4,1744903575,847543,847543,154.02454924583435,865030144.0,579566976.6009389,False
400,300,400,memaware,4,1744903792,994105,994105,155.6736192703247,929804288.0,585577640.5266458,False
400,300,400,memaware,8,1744905754,808716,808716,212.73283123970032,668463104.0,387427730.9877836,False
400,300,400,memaware,8,1744906044,98579,98579,213.6165931224823,678449152.0,380721045.0285714,False
400,300,400,memaware,8,1744906333,237346,237346,214.48266077041626,692015104.0,391552476.8450704,False
400,400,100,auto,1,1744906650,850487,850487,27.635814905166626,4327288832.0,2394257298.5648856,False
400,400,100,auto,1,1744906721,276445,276445,25.01562190055847,4294295552.0,2324871047.529412,False
400,400,100,auto,1,1744906792,230355,230355,25.062783241271973,4285734912.0,2311276764.0330577,False
400,400,100,auto,2,1744907454,841,841,27.52095365524292,4297535488.0,1270576888.2424242,False
400,400,100,auto,2,1744907528,605975,605975,25.459737300872803,4306296832.0,1266437517.7520661,False
400,400,100,auto,2,1744907603,573649,573649,25.796850442886353,4325113856.0,1261243899.8373985,False
400,400,100,auto,4,,,,,,,True
400,400,100,auto,8,,,,,,,True
400,400,100,evenly_split,1,1744906898,501998,501998,27.357470273971558,4301852672.0,2421009650.3206105,False
400,400,100,evenly_split,1,1744906971,994263,994263,25.313924312591553,4319539200.0,2337786143.735537,False
400,400,100,evenly_split,1,1744907042,652917,652917,25.206982612609863,4331200512.0,2332237346.133333,False
400,400,100,evenly_split,2,1744907733,552199,552199,26.366546154022217,4316155904.0,1269914477.7142859,False
400,400,100,evenly_split,2,1744907809,885232,885232,26.697877645492554,4391677952.0,1271782875.7165353,False
400,400,100,evenly_split,2,1744907883,388285,388285,26.884953022003174,4316225536.0,1274301120.0,False
400,400,100,evenly_split,4,,,,,,,True
400,400,100,evenly_split,8,,,,,,,True
400,400,100,memaware,1,1744907150,455258,455258,42.55881381034851,926404608.0,636734251.089109,False
400,400,100,memaware,1,1744907238,592990,592990,44.51908230781555,926302208.0,623759165.8767773,False
400,400,100,memaware,1,1744907331,414637,414637,42.56889200210571,928808960.0,641194065.1089109,False
400,400,100,memaware,2,1744907998,170183,170183,49.80022048950195,765128704.0,442355123.0901288,False
400,400,100,memaware,2,1744908106,910174,910174,57.12667727470398,737222656.0,447537213.13432837,False
400,400,100,memaware,2,1744908219,441492,441492,56.87367868423462,767897600.0,442099589.27340823,False
400,400,100,memaware,4,1744909311,343026,343026,63.22713804244995,577204224.0,332440771.2373541,False
400,400,100,memaware,4,1744909439,736669,736669,54.22000241279602,598339584.0,330517504.0,False
400,400,100,memaware,4,1744909556,907741,907741,54.358113527297974,575086592.0,336281852.5560538,False
400,400,100,memaware,8,1744910597,801380,801380,74.66226553916931,490090496.0,271787233.4678899,False
400,400,100,memaware,8,1744910738,431360,431360,75.04433989524841,481304576.0,278189981.2735426,False
400,400,100,memaware,8,1744910888,10984,10984,74.95365357398987,476184576.0,276037585.2420091,False
400,400,200,auto,1,1744911063,728789,728789,50.049952030181885,8538562560.0,4882935408.81356,False
400,400,200,auto,1,1744911166,969600,969600,47.582260608673096,8538345472.0,4927042416.280702,False
400,400,200,auto,1,1744911260,775662,775662,46.955846309661865,8548782080.0,4953026778.453333,False
400,400,200,auto,2,,,,,,,True
400,400,200,auto,4,,,,,,,True
400,400,200,auto,8,,,,,,,True
400,400,200,evenly_split,1,1744911385,874252,874252,46.50907778739929,8545300480.0,4962617929.142858,False
400,400,200,evenly_split,1,1744911477,800792,800792,46.95899939537048,8549990400.0,4952016704.853333,False
400,400,200,evenly_split,1,1744911578,941380,941380,46.31662130355835,8570646528.0,4976413324.053812,False
400,400,200,evenly_split,2,,,,,,,True
400,400,200,evenly_split,4,,,,,,,True
400,400,200,evenly_split,8,,,,,,,True
400,400,200,memaware,1,1744911703,142133,142133,50.21934771537781,2942976000.0,1721119079.8995817,False
400,400,200,memaware,1,1744911800,106640,106640,52.32479643821716,2951860224.0,1691710517.0358565,False
400,400,200,memaware,1,1744911907,509589,509589,50.2263503074646,2966573056.0,1741586585.6,False
400,400,200,memaware,2,1744913305,659817,659817,58.55063247680664,2751811584.0,1236008201.2086332,False
400,400,200,memaware,2,1744913419,58526,58526,62.0862135887146,2498113536.0,1271007350.020339,False
400,400,200,memaware,2,1744913537,776727,776727,61.847299098968506,2745184256.0,1329989347.362712,False
400,400,200,memaware,4,1744914607,918413,918413,69.15053629875183,2539323392.0,884047901.6334405,False
400,400,200,memaware,4,1744914739,973070,973070,63.492936849594116,2589097984.0,934618222.993007,False
400,400,200,memaware,4,1744914854,589205,589205,60.29401350021362,2510843904.0,950173014.5745455,False
400,400,200,memaware,8,1744915974,350957,350957,146.12177681922913,629161984.0,344411282.6532663,False
400,400,200,memaware,8,1744916187,407215,407215,147.02566766738892,675393536.0,340921216.9721519,False
400,400,200,memaware,8,1744916401,374046,374046,146.80094456672668,621895680.0,335921708.3464567,False
400,400,300,auto,1,1744916647,422212,422212,74.82256126403809,9414672384.0,4272064816.274286,False
400,400,300,auto,1,1744916766,600516,600516,74.11028218269348,9433075712.0,4269568453.818182,False
400,400,300,auto,1,1744916883,856723,856723,78.50975680351257,9398738944.0,4186037278.0373335,False
400,400,300,auto,2,,,,,,,True
400,400,300,auto,4,,,,,,,True
400,400,300,auto,8,,,,,,,True
400,400,300,evenly_split,1,1744917042,529455,529455,73.9214518070221,9390194688.0,4251378862.5454545,False
400,400,300,evenly_split,1,1744917170,510788,510788,73.3950366973877,9414176768.0,4314995776.365714,False
400,400,300,evenly_split,1,1744917296,725296,725296,73.40919017791748,9384394752.0,4306963177.260745,False
400,400,300,evenly_split,2,,,,,,,True
400,400,300,evenly_split,4,,,,,,,True
400,400,300,evenly_split,8,,,,,,,True
400,400,300,memaware,1,1744917449,416386,416386,123.65225386619568,2126598144.0,1546671040.8767123,False
400,400,300,memaware,1,1744917627,749784,749784,118.75417923927307,2197794816.0,1594749312.9078014,False
400,400,300,memaware,1,1744917800,873542,873542,119.17750096321106,2174590976.0,1575631140.5714285,False
400,400,300,memaware,2,1744919682,840996,840996,138.64318799972534,1347006464.0,919290118.3209877,False
400,400,300,memaware,2,1744919879,262123,262123,140.5384018421173,1280487424.0,909498214.0150375,False
400,400,300,memaware,2,1744920077,175062,175062,138.82120323181152,1399910400.0,915485378.7484663,False
400,400,300,memaware,4,1744921580,412820,412820,154.1747989654541,902807552.0,591183975.3690852,False
400,400,300,memaware,4,1744921799,34772,34772,154.7111897468567,923394048.0,583319208.0,False
400,400,300,memaware,4,1744922016,84023,84023,155.04095721244812,908509184.0,580454186.5329154,False
400,400,300,memaware,8,1744923946,426338,426338,215.9269278049469,704221184.0,381214187.1020408,False
400,400,300,memaware,8,1744924231,272134,272134,215.0434970855713,678862848.0,389550330.9624329,False
400,400,300,memaware,8,1744924526,859124,859124,215.90814304351807,756097024.0,384247245.0777577,False
400,400,400,auto,1,1744924850,427799,427799,104.6946668624878,10718674944.0,4511883807.346939,False
400,400,400,auto,1,1744925008,823767,823767,99.4770655632019,10762731520.0,4656189440.0,False
400,400,400,auto,1,1744925161,432713,432713,98.87330722808838,10750930944.0,4634252681.511678,False
400,400,400,auto,2,,,,,,,True
400,400,400,auto,4,,,,,,,True
400,400,400,auto,8,,,,,,,True
400,400,400,evenly_split,1,1744925339,258615,258615,99.32831263542175,10694545408.0,4594073947.118644,False
400,400,400,evenly_split,1,1744925490,236111,236111,103.14407014846802,10717667328.0,4496762671.020409,False
400,400,400,evenly_split,1,1744925645,77786,77786,99.40638279914856,10708414464.0,4623904785.319239,False
400,400,400,evenly_split,2,,,,,,,True
400,400,400,evenly_split,4,,,,,,,True
400,400,400,evenly_split,8,,,,,,,True
400,400,400,memaware,1,1744925823,37294,37294,98.99990916252136,4487331840.0,2982828561.355932,False
400,400,400,memaware,1,1744925977,993455,993455,98.95625114440918,4434604032.0,2964371970.1787233,False
400,400,400,memaware,1,1744926129,146247,146247,103.75271248817444,4419432448.0,2921629941.0953345,False
400,400,400,memaware,2,1744928158,768436,768436,109.73539161682129,3692408832.0,1872816532.8829174,False
400,400,400,memaware,2,1744928315,239860,239860,108.10051369667053,3629940736.0,1883446451.299611,False
400,400,400,memaware,2,1744928481,547906,547906,111.72863602638245,3487834112.0,1953108146.4242423,False
400,400,400,memaware,4,1744930315,275812,275812,134.53167867660522,2799710208.0,1327543609.9147542,False
400,400,400,memaware,4,1744930512,147923,147923,120.05064535140991,2793349120.0,1418713239.6343694,False
400,400,400,memaware,4,1744930695,134095,134095,120.1259388923645,2790469632.0,1368973866.9781022,False
400,400,400,memaware,8,1744932975,375357,375357,282.3802077770233,814780416.0,432233302.4772118,False
400,400,400,memaware,8,1744933333,123542,123542,281.1131634712219,787152896.0,437855435.81942546,False
400,400,400,memaware,8,1744933683,30493,30493,285.23385739326477,892428288.0,432533023.4026667,False
