inlines,xlines,samples,operator,avg_peak_memory_usage,volume,inlines_x_xlines,inlines_x_samples,xlines_x_samples,diagonal_length,surface_area,log_inlines,log_xlines,log_samples,log_volume,inline_to_xlines_ratio,inlines_to_samples_ratio,xlines_to_samples_ratio,inlines_to_total_ratio,xlines_to_total_ratio,samples_to_total_ratio,mean_inlines_xlines,std_inlines_xlines,quadratic_interaction,log_volume_x_log_diagonal
100,100,100,envelope,0.12813949584960938,1000000,10000,10000,10000,173.20508075688772,60000,6.643856189774724,6.643856189774724,6.643856189774724,19.931568569324174,1.0,1.0,1.0,0.3333333333333333,0.3333333333333333,0.3333333333333333,100.0,229.13936293319264,1000000000000,102.85154246185313
100,100,100,gaussian-filter,0.11447372436523437,1000000,10000,10000,10000,173.20508075688772,60000,6.643856189774724,6.643856189774724,6.643856189774724,19.931568569324174,1.0,1.0,1.0,0.3333333333333333,0.3333333333333333,0.3333333333333333,100.0,229.13936293319264,1000000000000,102.85154246185313
100,100,100,gst3d,0.3255287170410156,1000000,10000,10000,10000,173.20508075688772,60000,6.643856189774724,6.643856189774724,6.643856189774724,19.931568569324174,1.0,1.0,1.0,0.3333333333333333,0.3333333333333333,0.3333333333333333,100.0,229.13936293319264,1000000000000,102.85154246185313
100,100,200,envelope,0.15153350830078124,2000000,10000,20000,20000,244.94897427831782,100000,6.643856189774724,6.643856189774724,7.643856189774724,20.931568569324174,1.0,0.5,0.5,0.25,0.25,0.5,100.0,229.13936293319264,4000000000000,115.23088243076079
100,100,200,gaussian-filter,0.12197341918945312,2000000,10000,20000,20000,244.94897427831782,100000,6.643856189774724,6.643856189774724,7.643856189774724,20.931568569324174,1.0,0.5,0.5,0.25,0.25,0.5,100.0,229.13936293319264,4000000000000,115.23088243076079
100,100,200,gst3d,0.5485153198242188,2000000,10000,20000,20000,244.94897427831782,100000,6.643856189774724,6.643856189774724,7.643856189774724,20.931568569324174,1.0,0.5,0.5,0.25,0.25,0.5,100.0,229.13936293319264,4000000000000,115.23088243076079
100,100,300,envelope,0.1800537109375,3000000,10000,30000,30000,331.66247903554,140000,6.643856189774724,6.643856189774724,8.228818690495881,21.516531070045332,1.0,0.3333333333333333,0.3333333333333333,0.2,0.2,0.6,100.0,229.13936293319264,9000000000000,124.94925863546828
100,100,300,gaussian-filter,0.12960891723632811,3000000,10000,30000,30000,331.66247903554,140000,6.643856189774724,6.643856189774724,8.228818690495881,21.516531070045332,1.0,0.3333333333333333,0.3333333333333333,0.2,0.2,0.6,100.0,229.13936293319264,9000000000000,124.94925863546828
100,100,300,gst3d,0.7709701538085938,3000000,10000,30000,30000,331.66247903554,140000,6.643856189774724,6.643856189774724,8.228818690495881,21.516531070045332,1.0,0.3333333333333333,0.3333333333333333,0.2,0.2,0.6,100.0,229.13936293319264,9000000000000,124.94925863546828
100,100,400,envelope,0.20627593994140625,4000000,10000,40000,40000,424.26406871192853,180000,6.643856189774724,6.643856189774724,8.643856189774725,21.931568569324174,1.0,0.25,0.25,0.16666666666666666,0.16666666666666666,0.6666666666666666,100.0,229.13936293319264,16000000000000,132.7454312843676
100,100,400,gaussian-filter,0.1371307373046875,4000000,10000,40000,40000,424.26406871192853,180000,6.643856189774724,6.643856189774724,8.643856189774725,21.931568569324174,1.0,0.25,0.25,0.16666666666666666,0.16666666666666666,0.6666666666666666,100.0,229.13936293319264,16000000000000,132.7454312843676
100,100,400,gst3d,0.9940521240234375,4000000,10000,40000,40000,424.26406871192853,180000,6.643856189774724,6.643856189774724,8.643856189774725,21.931568569324174,1.0,0.25,0.25,0.16666666666666666,0.16666666666666666,0.6666666666666666,100.0,229.13936293319264,16000000000000,132.7454312843676
100,100,500,envelope,0.23348236083984375,5000000,10000,50000,50000,519.6152422706632,220000,6.643856189774724,6.643856189774724,8.965784284662087,22.253496664211536,1.0,0.2,0.2,0.14285714285714285,0.14285714285714285,0.7142857142857143,100.0,229.13936293319264,25000000000000,139.19587244063456
100,100,500,gaussian-filter,0.1441802978515625,5000000,10000,50000,50000,519.6152422706632,220000,6.643856189774724,6.643856189774724,8.965784284662087,22.253496664211536,1.0,0.2,0.2,0.14285714285714285,0.14285714285714285,0.7142857142857143,100.0,229.13936293319264,25000000000000,139.19587244063456
100,100,500,gst3d,1.2167129516601562,5000000,10000,50000,50000,519.6152422706632,220000,6.643856189774724,6.643856189774724,8.965784284662087,22.253496664211536,1.0,0.2,0.2,0.14285714285714285,0.14285714285714285,0.7142857142857143,100.0,229.13936293319264,25000000000000,139.19587244063456
100,100,600,envelope,0.2565773010253906,6000000,10000,60000,60000,616.4414002968977,260000,6.643856189774724,6.643856189774724,9.228818690495881,22.516531070045332,1.0,0.16666666666666666,0.16666666666666666,0.125,0.125,0.75,100.0,229.13936293319264,36000000000000,144.6818655100489
100,100,600,gaussian-filter,0.15199127197265624,6000000,10000,60000,60000,616.4414002968977,260000,6.643856189774724,6.643856189774724,9.228818690495881,22.516531070045332,1.0,0.16666666666666666,0.16666666666666666,0.125,0.125,0.75,100.0,229.13936293319264,36000000000000,144.6818655100489
100,100,600,gst3d,1.4397377014160155,6000000,10000,60000,60000,616.4414002968977,260000,6.643856189774724,6.643856189774724,9.228818690495881,22.516531070045332,1.0,0.16666666666666666,0.16666666666666666,0.125,0.125,0.75,100.0,229.13936293319264,36000000000000,144.6818655100489
100,100,700,envelope,0.281817626953125,7000000,10000,70000,70000,714.142842854285,300000,6.643856189774724,6.643856189774724,9.451211111832329,22.73892349138178,1.0,0.14285714285714285,0.14285714285714285,0.1111111111111111,0.1111111111111111,0.7777777777777778,100.0,229.13936293319264,49000000000000,149.45117223538585
100,100,700,gaussian-filter,0.1594635009765625,7000000,10000,70000,70000,714.142842854285,300000,6.643856189774724,6.643856189774724,9.451211111832329,22.73892349138178,1.0,0.14285714285714285,0.14285714285714285,0.1111111111111111,0.1111111111111111,0.7777777777777778,100.0,229.13936293319264,49000000000000,149.45117223538585
100,100,700,gst3d,1.6622634887695313,7000000,10000,70000,70000,714.142842854285,300000,6.643856189774724,6.643856189774724,9.451211111832329,22.73892349138178,1.0,0.14285714285714285,0.14285714285714285,0.1111111111111111,0.1111111111111111,0.7777777777777778,100.0,229.13936293319264,49000000000000,149.45117223538585
100,100,800,envelope,0.312579345703125,8000000,10000,80000,80000,812.403840463596,340000,6.643856189774724,6.643856189774724,9.643856189774725,22.931568569324174,1.0,0.125,0.125,0.1,0.1,0.8,100.0,229.13936293319264,64000000000000,153.6696628441792
100,100,800,gaussian-filter,0.16664352416992187,8000000,10000,80000,80000,812.403840463596,340000,6.643856189774724,6.643856189774724,9.643856189774725,22.931568569324174,1.0,0.125,0.125,0.1,0.1,0.8,100.0,229.13936293319264,64000000000000,153.6696628441792
100,100,800,gst3d,1.8849319458007812,8000000,10000,80000,80000,812.403840463596,340000,6.643856189774724,6.643856189774724,9.643856189774725,22.931568569324174,1.0,0.125,0.125,0.1,0.1,0.8,100.0,229.13936293319264,64000000000000,153.6696628441792
100,200,100,envelope,0.15367965698242186,2000000,20000,10000,20000,244.94897427831782,100000,6.643856189774724,7.643856189774724,6.643856189774724,20.931568569324174,0.5,1.0,2.0,0.25,0.5,0.25,150.0,229.13936293319264,4000000000000,115.23088243076079
100,200,100,gaussian-filter,0.1219024658203125,2000000,20000,10000,20000,244.94897427831782,100000,6.643856189774724,7.643856189774724,6.643856189774724,20.931568569324174,0.5,1.0,2.0,0.25,0.5,0.25,150.0,229.13936293319264,4000000000000,115.23088243076079
100,200,100,gst3d,0.54840087890625,2000000,20000,10000,20000,244.94897427831782,100000,6.643856189774724,7.643856189774724,6.643856189774724,20.931568569324174,0.5,1.0,2.0,0.25,0.5,0.25,150.0,229.13936293319264,4000000000000,115.23088243076079
100,200,200,envelope,0.20840682983398437,4000000,20000,20000,40000,300.0,160000,6.643856189774724,7.643856189774724,7.643856189774724,21.931568569324174,0.5,0.5,1.0,0.2,0.4,0.4,150.0,229.13936293319264,16000000000000,125.1658801040338
100,200,200,gaussian-filter,0.1370697021484375,4000000,20000,20000,40000,300.0,160000,6.643856189774724,7.643856189774724,7.643856189774724,21.931568569324174,0.5,0.5,1.0,0.2,0.4,0.4,150.0,229.13936293319264,16000000000000,125.1658801040338
100,200,200,gst3d,0.9977165222167969,4000000,20000,20000,40000,300.0,160000,6.643856189774724,7.643856189774724,7.643856189774724,21.931568569324174,0.5,0.5,1.0,0.2,0.4,0.4,150.0,229.13936293319264,16000000000000,125.1658801040338
100,200,300,envelope,0.25821609497070314,6000000,20000,30000,60000,374.16573867739413,220000,6.643856189774724,7.643856189774724,8.228818690495881,22.516531070045332,0.5,0.3333333333333333,0.6666666666666666,0.16666666666666666,0.3333333333333333,0.5,150.0,229.13936293319264,36000000000000,133.463763441989
100,200,300,gaussian-filter,0.15188446044921874,6000000,20000,30000,60000,374.16573867739413,220000,6.643856189774724,7.643856189774724,8.228818690495881,22.516531070045332,0.5,0.3333333333333333,0.6666666666666666,0.16666666666666666,0.3333333333333333,0.5,150.0,229.13936293319264,36000000000000,133.463763441989
100,200,300,gst3d,1.4472068786621093,6000000,20000,30000,60000,374.16573867739413,220000,6.643856189774724,7.643856189774724,8.228818690495881,22.516531070045332,0.5,0.3333333333333333,0.6666666666666666,0.16666666666666666,0.3333333333333333,0.5,150.0,229.13936293319264,36000000000000,133.463763441989
100,200,400,envelope,0.31189422607421874,8000000,20000,40000,80000,458.257569495584,280000,6.643856189774724,7.643856189774724,8.643856189774725,22.931568569324174,0.5,0.25,0.5,0.14285714285714285,0.2857142857142857,0.5714285714285714,150.0,229.13936293319264,64000000000000,140.56159967960087
100,200,400,gaussian-filter,0.16658859252929686,8000000,20000,40000,80000,458.257569495584,280000,6.643856189774724,7.643856189774724,8.643856189774725,22.931568569324174,0.5,0.25,0.5,0.14285714285714285,0.2857142857142857,0.5714285714285714,150.0,229.13936293319264,64000000000000,140.56159967960087
100,200,400,gst3d,1.8974189758300781,8000000,20000,40000,80000,458.257569495584,280000,6.643856189774724,7.643856189774724,8.643856189774725,22.931568569324174,0.5,0.25,0.5,0.14285714285714285,0.2857142857142857,0.5714285714285714,150.0,229.13936293319264,64000000000000,140.56159967960087
100,200,500,envelope,0.36311874389648435,10000000,20000,50000,100000,547.7225575051662,340000,6.643856189774724,7.643856189774724,8.965784284662087,23.253496664211536,0.5,0.2,0.4,0.125,0.25,0.625,150.0,229.13936293319264,100000000000000,146.67359171589615
100,200,500,gaussian-filter,0.18170700073242188,10000000,20000,50000,100000,547.7225575051662,340000,6.643856189774724,7.643856189774724,8.965784284662087,23.253496664211536,0.5,0.2,0.4,0.125,0.25,0.625,150.0,229.13936293319264,100000000000000,146.67359171589615
100,200,500,gst3d,2.307569885253906,10000000,20000,50000,100000,547.7225575051662,340000,6.643856189774724,7.643856189774724,8.965784284662087,23.253496664211536,0.5,0.2,0.4,0.125,0.25,0.625,150.0,229.13936293319264,100000000000000,146.67359171589615
100,200,600,envelope,0.41361846923828127,12000000,20000,60000,120000,640.3124237432849,400000,6.643856189774724,7.643856189774724,9.228818690495881,23.516531070045332,0.5,0.16666666666666666,0.3333333333333333,0.1111111111111111,0.2222222222222222,0.6666666666666666,150.0,229.13936293319264,144000000000000,151.99949220775304
100,200,600,gaussian-filter,0.19640884399414063,12000000,20000,60000,120000,640.3124237432849,400000,6.643856189774724,7.643856189774724,9.228818690495881,23.516531070045332,0.5,0.16666666666666666,0.3333333333333333,0.1111111111111111,0.2222222222222222,0.6666666666666666,150.0,229.13936293319264,144000000000000,151.99949220775304
100,200,600,gst3d,2.7500213623046874,12000000,20000,60000,120000,640.3124237432849,400000,6.643856189774724,7.643856189774724,9.228818690495881,23.516531070045332,0.5,0.16666666666666666,0.3333333333333333,0.1111111111111111,0.2222222222222222,0.6666666666666666,150.0,229.13936293319264,144000000000000,151.99949220775304
100,200,700,envelope,0.46877059936523435,14000000,20000,70000,140000,734.8469228349534,460000,6.643856189774724,7.643856189774724,9.451211111832329,23.73892349138178,0.5,0.14285714285714285,0.2857142857142857,0.1,0.2,0.7,150.0,229.13936293319264,196000000000000,156.701158877375
100,200,700,gaussian-filter,0.21155471801757814,14000000,20000,70000,140000,734.8469228349534,460000,6.643856189774724,7.643856189774724,9.451211111832329,23.73892349138178,0.5,0.14285714285714285,0.2857142857142857,0.1,0.2,0.7,150.0,229.13936293319264,196000000000000,156.701158877375
100,200,700,gst3d,3.1919601440429686,14000000,20000,70000,140000,734.8469228349534,460000,6.643856189774724,7.643856189774724,9.451211111832329,23.73892349138178,0.5,0.14285714285714285,0.2857142857142857,0.1,0.2,0.7,150.0,229.13936293319264,196000000000000,156.701158877375
100,200,800,envelope,0.5199394226074219,16000000,20000,80000,160000,830.6623862918075,520000,6.643856189774724,7.643856189774724,9.643856189774725,23.931568569324174,0.5,0.125,0.25,0.09090909090909091,0.18181818181818182,0.7272727272727273,150.0,229.13936293319264,256000000000000,160.90214404684482
100,200,800,gaussian-filter,0.22635345458984374,16000000,20000,80000,160000,830.6623862918075,520000,6.643856189774724,7.643856189774724,9.643856189774725,23.931568569324174,0.5,0.125,0.25,0.09090909090909091,0.18181818181818182,0.7272727272727273,150.0,229.13936293319264,256000000000000,160.90214404684482
100,200,800,gst3d,3.633444976806641,16000000,20000,80000,160000,830.6623862918075,520000,6.643856189774724,7.643856189774724,9.643856189774725,23.931568569324174,0.5,0.125,0.25,0.09090909090909091,0.18181818181818182,0.7272727272727273,150.0,229.13936293319264,256000000000000,160.90214404684482
100,300,100,envelope,0.18253402709960936,3000000,30000,10000,30000,331.66247903554,140000,6.643856189774724,8.228818690495881,6.643856189774724,21.516531070045332,0.3333333333333333,1.0,3.0,0.2,0.6,0.2,200.0,229.13936293319264,9000000000000,124.94925863546828
100,300,100,gaussian-filter,0.1293914794921875,3000000,30000,10000,30000,331.66247903554,140000,6.643856189774724,8.228818690495881,6.643856189774724,21.516531070045332,0.3333333333333333,1.0,3.0,0.2,0.6,0.2,200.0,229.13936293319264,9000000000000,124.94925863546828
100,300,100,gst3d,0.7711448669433594,3000000,30000,10000,30000,331.66247903554,140000,6.643856189774724,8.228818690495881,6.643856189774724,21.516531070045332,0.3333333333333333,1.0,3.0,0.2,0.6,0.2,200.0,229.13936293319264,9000000000000,124.94925863546828
100,300,200,envelope,0.25530166625976564,6000000,30000,20000,60000,374.16573867739413,220000,6.643856189774724,8.228818690495881,7.643856189774724,22.516531070045332,0.3333333333333333,0.5,1.5,0.16666666666666666,0.5,0.3333333333333333,200.0,229.13936293319264,36000000000000,133.463763441989
100,300,200,gaussian-filter,0.15175018310546876,6000000,30000,20000,60000,374.16573867739413,220000,6.643856189774724,8.228818690495881,7.643856189774724,22.516531070045332,0.3333333333333333,0.5,1.5,0.16666666666666666,0.5,0.3333333333333333,200.0,229.13936293319264,36000000000000,133.463763441989
100,300,200,gst3d,1.44715576171875,6000000,30000,20000,60000,374.16573867739413,220000,6.643856189774724,8.228818690495881,7.643856189774724,22.516531070045332,0.3333333333333333,0.5,1.5,0.16666666666666666,0.5,0.3333333333333333,200.0,229.13936293319264,36000000000000,133.463763441989
100,300,300,envelope,0.3367912292480469,9000000,30000,30000,90000,435.88989435406734,300000,6.643856189774724,8.228818690495881,8.228818690495881,23.101493570766486,0.3333333333333333,0.3333333333333333,1.0,0.14285714285714285,0.42857142857142855,0.42857142857142855,200.0,229.13936293319264,81000000000000,140.44971627767964
100,300,300,gaussian-filter,0.17420196533203125,9000000,30000,30000,90000,435.88989435406734,300000,6.643856189774724,8.228818690495881,8.228818690495881,23.101493570766486,0.3333333333333333,0.3333333333333333,1.0,0.14285714285714285,0.42857142857142855,0.42857142857142855,200.0,229.13936293319264,81000000000000,140.44971627767964
100,300,300,gst3d,2.089051055908203,9000000,30000,30000,90000,435.88989435406734,300000,6.643856189774724,8.228818690495881,8.228818690495881,23.101493570766486,0.3333333333333333,0.3333333333333333,1.0,0.14285714285714285,0.42857142857142855,0.42857142857142855,200.0,229.13936293319264,81000000000000,140.44971627767964
100,300,400,envelope,0.4120918273925781,12000000,30000,40000,120000,509.9019513592785,380000,6.643856189774724,8.228818690495881,8.643856189774725,23.516531070045332,0.3333333333333333,0.25,0.75,0.125,0.375,0.5,200.0,229.13936293319264,144000000000000,146.65326654122597
100,300,400,gaussian-filter,0.19635009765625,12000000,30000,40000,120000,509.9019513592785,380000,6.643856189774724,8.228818690495881,8.643856189774725,23.516531070045332,0.3333333333333333,0.25,0.75,0.125,0.375,0.5,200.0,229.13936293319264,144000000000000,146.65326654122597
100,300,400,gst3d,2.754729461669922,12000000,30000,40000,120000,509.9019513592785,380000,6.643856189774724,8.228818690495881,8.643856189774725,23.516531070045332,0.3333333333333333,0.25,0.75,0.125,0.375,0.5,200.0,229.13936293319264,144000000000000,146.65326654122597
100,300,500,envelope,0.4903846740722656,15000000,30000,50000,150000,591.6079783099616,460000,6.643856189774724,8.228818690495881,8.965784284662087,23.838459164932694,0.3333333333333333,0.2,0.6,0.1111111111111111,0.3333333333333333,0.5555555555555556,200.0,229.13936293319264,225000000000000,152.19743155047576
100,300,500,gaussian-filter,0.21863327026367188,15000000,30000,50000,150000,591.6079783099616,460000,6.643856189774724,8.228818690495881,8.965784284662087,23.838459164932694,0.3333333333333333,0.2,0.6,0.1111111111111111,0.3333333333333333,0.5555555555555556,200.0,229.13936293319264,225000000000000,152.19743155047576
100,300,500,gst3d,3.4189964294433595,15000000,30000,50000,150000,591.6079783099616,460000,6.643856189774724,8.228818690495881,8.965784284662087,23.838459164932694,0.3333333333333333,0.2,0.6,0.1111111111111111,0.3333333333333333,0.5555555555555556,200.0,229.13936293319264,225000000000000,152.19743155047576
100,300,600,envelope,0.5737197875976563,18000000,30000,60000,180000,678.2329983125268,540000,6.643856189774724,8.228818690495881,9.228818690495881,24.101493570766486,0.3333333333333333,0.16666666666666666,0.5,0.1,0.3,0.6,200.0,229.13936293319264,324000000000000,157.1649771730334
100,300,600,gaussian-filter,0.24112777709960936,18000000,30000,60000,180000,678.2329983125268,540000,6.643856189774724,8.228818690495881,9.228818690495881,24.101493570766486,0.3333333333333333,0.16666666666666666,0.5,0.1,0.3,0.6,200.0,229.13936293319264,324000000000000,157.1649771730334
100,300,600,gst3d,4.083385467529297,18000000,30000,60000,180000,678.2329983125268,540000,6.643856189774724,8.228818690495881,9.228818690495881,24.101493570766486,0.3333333333333333,0.16666666666666666,0.5,0.1,0.3,0.6,200.0,229.13936293319264,324000000000000,157.1649771730334
100,300,700,envelope,0.6519882202148437,21000000,30000,70000,210000,768.1145747868608,620000,6.643856189774724,8.228818690495881,9.451211111832329,24.323885992102934,0.3333333333333333,0.14285714285714285,0.42857142857142855,0.09090909090909091,0.2727272727272727,0.6363636363636364,200.0,229.13936293319264,441000000000000,161.6380589419447
100,300,700,gaussian-filter,0.26345138549804686,21000000,30000,70000,210000,768.1145747868608,620000,6.643856189774724,8.228818690495881,9.451211111832329,24.323885992102934,0.3333333333333333,0.14285714285714285,0.42857142857142855,0.09090909090909091,0.2727272727272727,0.6363636363636364,200.0,229.13936293319264,441000000000000,161.6380589419447
100,300,700,gst3d,4.748719024658203,21000000,30000,70000,210000,768.1145747868608,620000,6.643856189774724,8.228818690495881,9.451211111832329,24.323885992102934,0.3333333333333333,0.14285714285714285,0.42857142857142855,0.09090909090909091,0.2727272727272727,0.6363636363636364,200.0,229.13936293319264,441000000000000,161.6380589419447
100,300,800,envelope,0.725079345703125,24000000,30000,80000,240000,860.2325267042627,700000,6.643856189774724,8.228818690495881,9.643856189774725,24.516531070045332,0.3333333333333333,0.125,0.375,0.08333333333333333,0.25,0.6666666666666666,200.0,229.13936293319264,576000000000000,165.691654076216
100,300,800,gaussian-filter,0.28605194091796876,24000000,30000,80000,240000,860.2325267042627,700000,6.643856189774724,8.228818690495881,9.643856189774725,24.516531070045332,0.3333333333333333,0.125,0.375,0.08333333333333333,0.25,0.6666666666666666,200.0,229.13936293319264,576000000000000,165.691654076216
100,300,800,gst3d,5.4136192321777346,24000000,30000,80000,240000,860.2325267042627,700000,6.643856189774724,8.228818690495881,9.643856189774725,24.516531070045332,0.3333333333333333,0.125,0.375,0.08333333333333333,0.25,0.6666666666666666,200.0,229.13936293319264,576000000000000,165.691654076216
100,400,100,envelope,0.20528564453125,4000000,40000,10000,40000,424.26406871192853,180000,6.643856189774724,8.643856189774725,6.643856189774724,21.931568569324174,0.25,1.0,4.0,0.16666666666666666,0.6666666666666666,0.16666666666666666,250.0,229.13936293319264,16000000000000,132.7454312843676
100,400,100,gaussian-filter,0.13705368041992189,4000000,40000,10000,40000,424.26406871192853,180000,6.643856189774724,8.643856189774725,6.643856189774724,21.931568569324174,0.25,1.0,4.0,0.16666666666666666,0.6666666666666666,0.16666666666666666,250.0,229.13936293319264,16000000000000,132.7454312843676
100,400,100,gst3d,0.9938529968261719,4000000,40000,10000,40000,424.26406871192853,180000,6.643856189774724,8.643856189774725,6.643856189774724,21.931568569324174,0.25,1.0,4.0,0.16666666666666666,0.6666666666666666,0.16666666666666666,250.0,229.13936293319264,16000000000000,132.7454312843676
100,400,200,envelope,0.30872039794921874,8000000,40000,20000,80000,458.257569495584,280000,6.643856189774724,8.643856189774725,7.643856189774724,22.931568569324174,0.25,0.5,2.0,0.14285714285714285,0.5714285714285714,0.2857142857142857,250.0,229.13936293319264,64000000000000,140.56159967960087
100,400,200,gaussian-filter,0.16650314331054689,8000000,40000,20000,80000,458.257569495584,280000,6.643856189774724,8.643856189774725,7.643856189774724,22.931568569324174,0.25,0.5,2.0,0.14285714285714285,0.5714285714285714,0.2857142857142857,250.0,229.13936293319264,64000000000000,140.56159967960087
100,400,200,gst3d,1.8971420288085938,8000000,40000,20000,80000,458.257569495584,280000,6.643856189774724,8.643856189774725,7.643856189774724,22.931568569324174,0.25,0.5,2.0,0.14285714285714285,0.5714285714285714,0.2857142857142857,250.0,229.13936293319264,64000000000000,140.56159967960087
100,400,300,envelope,0.4128509521484375,12000000,40000,30000,120000,509.9019513592785,380000,6.643856189774724,8.643856189774725,8.228818690495881,23.516531070045332,0.25,0.3333333333333333,1.3333333333333333,0.125,0.5,0.375,250.0,229.13936293319264,144000000000000,146.65326654122597
100,400,300,gaussian-filter,0.1964111328125,12000000,40000,30000,120000,509.9019513592785,380000,6.643856189774724,8.643856189774725,8.228818690495881,23.516531070045332,0.25,0.3333333333333333,1.3333333333333333,0.125,0.5,0.375,250.0,229.13936293319264,144000000000000,146.65326654122597
100,400,300,gst3d,2.7548538208007813,12000000,40000,30000,120000,509.9019513592785,380000,6.643856189774724,8.643856189774725,8.228818690495881,23.516531070045332,0.25,0.3333333333333333,1.3333333333333333,0.125,0.5,0.375,250.0,229.13936293319264,144000000000000,146.65326654122597
100,400,400,envelope,0.5151748657226562,16000000,40000,40000,160000,574.4562646538029,480000,6.643856189774724,8.643856189774725,8.643856189774725,23.931568569324174,0.25,0.25,1.0,0.1111111111111111,0.4444444444444444,0.4444444444444444,250.0,229.13936293319264,256000000000000,152.08902460525113
100,400,400,gaussian-filter,0.2262176513671875,16000000,40000,40000,160000,574.4562646538029,480000,6.643856189774724,8.643856189774725,8.643856189774725,23.931568569324174,0.25,0.25,1.0,0.1111111111111111,0.4444444444444444,0.4444444444444444,250.0,229.13936293319264,256000000000000,152.08902460525113
100,400,400,gst3d,3.6411361694335938,16000000,40000,40000,160000,574.4562646538029,480000,6.643856189774724,8.643856189774725,8.643856189774725,23.931568569324174,0.25,0.25,1.0,0.1111111111111111,0.4444444444444444,0.4444444444444444,250.0,229.13936293319264,256000000000000,152.08902460525113
100,400,500,envelope,0.620849609375,20000000,40000,50000,200000,648.074069840786,580000,6.643856189774724,8.643856189774725,8.965784284662087,24.253496664211536,0.25,0.2,0.8,0.1,0.4,0.5,250.0,229.13936293319264,400000000000000,157.05465366776156
100,400,500,gaussian-filter,0.256072998046875,20000000,40000,50000,200000,648.074069840786,580000,6.643856189774724,8.643856189774725,8.965784284662087,24.253496664211536,0.25,0.2,0.8,0.1,0.4,0.5,250.0,229.13936293319264,400000000000000,157.05465366776156
100,400,500,gst3d,4.529179382324219,20000000,40000,50000,200000,648.074069840786,580000,6.643856189774724,8.643856189774725,8.965784284662087,24.253496664211536,0.25,0.2,0.8,0.1,0.4,0.5,250.0,229.13936293319264,400000000000000,157.05465366776156
100,400,600,envelope,0.7288467407226562,24000000,40000,60000,240000,728.0109889280518,680000,6.643856189774724,8.643856189774725,9.228818690495881,24.516531070045332,0.25,0.16666666666666666,0.6666666666666666,0.09090909090909091,0.36363636363636365,0.5454545454545454,250.0,229.13936293319264,576000000000000,161.60534341319234
100,400,600,gaussian-filter,0.2860565185546875,24000000,40000,60000,240000,728.0109889280518,680000,6.643856189774724,8.643856189774725,9.228818690495881,24.516531070045332,0.25,0.16666666666666666,0.6666666666666666,0.09090909090909091,0.36363636363636365,0.5454545454545454,250.0,229.13936293319264,576000000000000,161.60534341319234
100,400,600,gst3d,5.4172119140625,24000000,40000,60000,240000,728.0109889280518,680000,6.643856189774724,8.643856189774725,9.228818690495881,24.516531070045332,0.25,0.16666666666666666,0.6666666666666666,0.09090909090909091,0.36363636363636365,0.5454545454545454,250.0,229.13936293319264,576000000000000,161.60534341319234
100,400,700,envelope,0.8298683166503906,28000000,40000,70000,280000,812.403840463596,780000,6.643856189774724,8.643856189774725,9.451211111832329,24.73892349138178,0.25,0.14285714285714285,0.5714285714285714,0.08333333333333333,0.3333333333333333,0.5833333333333334,250.0,229.13936293319264,784000000000000,165.78115973863453
100,400,700,gaussian-filter,0.31595840454101565,28000000,40000,70000,280000,812.403840463596,780000,6.643856189774724,8.643856189774725,9.451211111832329,24.73892349138178,0.25,0.14285714285714285,0.5714285714285714,0.08333333333333333,0.3333333333333333,0.5833333333333334,250.0,229.13936293319264,784000000000000,165.78115973863453
100,400,700,gst3d,6.305078125,28000000,40000,70000,280000,812.403840463596,780000,6.643856189774724,8.643856189774725,9.451211111832329,24.73892349138178,0.25,0.14285714285714285,0.5714285714285714,0.08333333333333333,0.3333333333333333,0.5833333333333334,250.0,229.13936293319264,784000000000000,165.78115973863453
100,400,800,envelope,0.9352996826171875,32000000,40000,80000,320000,900.0,880000,6.643856189774724,8.643856189774725,9.643856189774725,24.931568569324174,0.25,0.125,0.5,0.07692307692307693,0.3076923076923077,0.6153846153846154,250.0,229.13936293319264,1024000000000000,169.6220578418198
100,400,800,gaussian-filter,0.34549713134765625,32000000,40000,80000,320000,900.0,880000,6.643856189774724,8.643856189774725,9.643856189774725,24.931568569324174,0.25,0.125,0.5,0.07692307692307693,0.3076923076923077,0.6153846153846154,250.0,229.13936293319264,1024000000000000,169.6220578418198
100,400,800,gst3d,7.193306732177734,32000000,40000,80000,320000,900.0,880000,6.643856189774724,8.643856189774725,9.643856189774725,24.931568569324174,0.25,0.125,0.5,0.07692307692307693,0.3076923076923077,0.6153846153846154,250.0,229.13936293319264,1024000000000000,169.6220578418198
100,500,100,envelope,0.2302947998046875,5000000,50000,10000,50000,519.6152422706632,220000,6.643856189774724,8.965784284662087,6.643856189774724,22.253496664211536,0.2,1.0,5.0,0.14285714285714285,0.7142857142857143,0.14285714285714285,300.0,229.13936293319264,25000000000000,139.19587244063456
100,500,100,gaussian-filter,0.1442108154296875,5000000,50000,10000,50000,519.6152422706632,220000,6.643856189774724,8.965784284662087,6.643856189774724,22.253496664211536,0.2,1.0,5.0,0.14285714285714285,0.7142857142857143,0.14285714285714285,300.0,229.13936293319264,25000000000000,139.19587244063456
100,500,100,gst3d,1.2166427612304687,5000000,50000,10000,50000,519.6152422706632,220000,6.643856189774724,8.965784284662087,6.643856189774724,22.253496664211536,0.2,1.0,5.0,0.14285714285714285,0.7142857142857143,0.14285714285714285,300.0,229.13936293319264,25000000000000,139.19587244063456
100,500,200,envelope,0.3605537414550781,10000000,50000,20000,100000,547.7225575051662,340000,6.643856189774724,8.965784284662087,7.643856189774724,23.253496664211536,0.2,0.5,2.5,0.125,0.625,0.25,300.0,229.13936293319264,100000000000000,146.67359171589615
100,500,200,gaussian-filter,0.18152999877929688,10000000,50000,20000,100000,547.7225575051662,340000,6.643856189774724,8.965784284662087,7.643856189774724,23.253496664211536,0.2,0.5,2.5,0.125,0.625,0.25,300.0,229.13936293319264,100000000000000,146.67359171589615
100,500,200,gst3d,2.308244323730469,10000000,50000,20000,100000,547.7225575051662,340000,6.643856189774724,8.965784284662087,7.643856189774724,23.253496664211536,0.2,0.5,2.5,0.125,0.625,0.25,300.0,229.13936293319264,100000000000000,146.67359171589615
100,500,300,envelope,0.4884071350097656,15000000,50000,30000,150000,591.6079783099616,460000,6.643856189774724,8.965784284662087,8.228818690495881,23.838459164932694,0.2,0.3333333333333333,1.6666666666666667,0.1111111111111111,0.5555555555555556,0.3333333333333333,300.0,229.13936293319264,225000000000000,152.19743155047576
100,500,300,gaussian-filter,0.21886444091796875,15000000,50000,30000,150000,591.6079783099616,460000,6.643856189774724,8.965784284662087,8.228818690495881,23.838459164932694,0.2,0.3333333333333333,1.6666666666666667,0.1111111111111111,0.5555555555555556,0.3333333333333333,300.0,229.13936293319264,225000000000000,152.19743155047576
100,500,300,gst3d,3.4189918518066404,15000000,50000,30000,150000,591.6079783099616,460000,6.643856189774724,8.965784284662087,8.228818690495881,23.838459164932694,0.2,0.3333333333333333,1.6666666666666667,0.1111111111111111,0.5555555555555556,0.3333333333333333,300.0,229.13936293319264,225000000000000,152.19743155047576
100,500,400,envelope,0.6186180114746094,20000000,50000,40000,200000,648.074069840786,580000,6.643856189774724,8.965784284662087,8.643856189774725,24.253496664211536,0.2,0.25,1.25,0.1,0.5,0.4,300.0,229.13936293319264,400000000000000,157.05465366776156
100,500,400,gaussian-filter,0.25614395141601565,20000000,50000,40000,200000,648.074069840786,580000,6.643856189774724,8.965784284662087,8.643856189774725,24.253496664211536,0.2,0.25,1.25,0.1,0.5,0.4,300.0,229.13936293319264,400000000000000,157.05465366776156
100,500,400,gst3d,4.529415893554687,20000000,50000,40000,200000,648.074069840786,580000,6.643856189774724,8.965784284662087,8.643856189774725,24.253496664211536,0.2,0.25,1.25,0.1,0.5,0.4,300.0,229.13936293319264,400000000000000,157.05465366776156
100,500,500,envelope,0.75482177734375,25000000,50000,50000,250000,714.142842854285,700000,6.643856189774724,8.965784284662087,8.965784284662087,24.575424759098897,0.2,0.2,1.0,0.09090909090909091,0.45454545454545453,0.45454545454545453,300.0,229.13936293319264,625000000000000,161.5215443168136
100,500,500,gaussian-filter,0.2931938171386719,25000000,50000,50000,250000,714.142842854285,700000,6.643856189774724,8.965784284662087,8.965784284662087,24.575424759098897,0.2,0.2,1.0,0.09090909090909091,0.45454545454545453,0.45454545454545453,300.0,229.13936293319264,625000000000000,161.5215443168136
100,500,500,gst3d,5.640776824951172,25000000,50000,50000,250000,714.142842854285,700000,6.643856189774724,8.965784284662087,8.965784284662087,24.575424759098897,0.2,0.2,1.0,0.09090909090909091,0.45454545454545453,0.45454545454545453,300.0,229.13936293319264,625000000000000,161.5215443168136
100,500,600,envelope,0.8828865051269531,30000000,50000,60000,300000,787.4007874011811,820000,6.643856189774724,8.965784284662087,9.228818690495881,24.838459164932694,0.2,0.16666666666666666,0.8333333333333334,0.08333333333333333,0.4166666666666667,0.5,300.0,229.13936293319264,900000000000000,165.67268591840912
100,500,600,gaussian-filter,0.33074188232421875,30000000,50000,60000,300000,787.4007874011811,820000,6.643856189774724,8.965784284662087,9.228818690495881,24.838459164932694,0.2,0.16666666666666666,0.8333333333333334,0.08333333333333333,0.4166666666666667,0.5,300.0,229.13936293319264,900000000000000,165.67268591840912
100,500,600,gst3d,6.7510841369628904,30000000,50000,60000,300000,787.4007874011811,820000,6.643856189774724,8.965784284662087,9.228818690495881,24.838459164932694,0.2,0.16666666666666666,0.8333333333333334,0.08333333333333333,0.4166666666666667,0.5,300.0,229.13936293319264,900000000000000,165.67268591840912
100,500,700,envelope,1.0131523132324218,35000000,50000,70000,350000,866.0254037844386,940000,6.643856189774724,8.965784284662087,9.451211111832329,25.06085158626914,0.2,0.14285714285714285,0.7142857142857143,0.07692307692307693,0.38461538461538464,0.5384615384615384,300.0,229.13936293319264,1225000000000000,169.53837206440093
100,500,700,gaussian-filter,0.36803512573242186,35000000,50000,70000,350000,866.0254037844386,940000,6.643856189774724,8.965784284662087,9.451211111832329,25.06085158626914,0.2,0.14285714285714285,0.7142857142857143,0.07692307692307693,0.38461538461538464,0.5384615384615384,300.0,229.13936293319264,1225000000000000,169.53837206440093
100,500,700,gst3d,7.861930084228516,35000000,50000,70000,350000,866.0254037844386,940000,6.643856189774724,8.965784284662087,9.451211111832329,25.06085158626914,0.2,0.14285714285714285,0.7142857142857143,0.07692307692307693,0.38461538461538464,0.5384615384615384,300.0,229.13936293319264,1225000000000000,169.53837206440093
100,500,800,envelope,1.1450027465820312,40000000,50000,80000,400000,948.6832980505138,1060000,6.643856189774724,8.965784284662087,9.643856189774725,25.253496664211536,0.2,0.125,0.625,0.07142857142857142,0.35714285714285715,0.5714285714285714,300.0,229.13936293319264,1600000000000000,173.14121968252448
100,500,800,gaussian-filter,0.40517578125,40000000,50000,80000,400000,948.6832980505138,1060000,6.643856189774724,8.965784284662087,9.643856189774725,25.253496664211536,0.2,0.125,0.625,0.07142857142857142,0.35714285714285715,0.5714285714285714,300.0,229.13936293319264,1600000000000000,173.14121968252448
100,500,800,gst3d,8.973421478271485,40000000,50000,80000,400000,948.6832980505138,1060000,6.643856189774724,8.965784284662087,9.643856189774725,25.253496664211536,0.2,0.125,0.625,0.07142857142857142,0.35714285714285715,0.5714285714285714,300.0,229.13936293319264,1600000000000000,173.14121968252448
100,600,100,envelope,0.2565826416015625,6000000,60000,10000,60000,616.4414002968977,260000,6.643856189774724,9.228818690495881,6.643856189774724,22.516531070045332,0.16666666666666666,1.0,6.0,0.125,0.75,0.125,350.0,229.13936293319264,36000000000000,144.6818655100489
100,600,100,gaussian-filter,0.15181427001953124,6000000,60000,10000,60000,616.4414002968977,260000,6.643856189774724,9.228818690495881,6.643856189774724,22.516531070045332,0.16666666666666666,1.0,6.0,0.125,0.75,0.125,350.0,229.13936293319264,36000000000000,144.6818655100489
100,600,100,gst3d,1.4397720336914062,6000000,60000,10000,60000,616.4414002968977,260000,6.643856189774724,9.228818690495881,6.643856189774724,22.516531070045332,0.16666666666666666,1.0,6.0,0.125,0.75,0.125,350.0,229.13936293319264,36000000000000,144.6818655100489
100,600,200,envelope,0.41407241821289065,12000000,60000,20000,120000,640.3124237432849,400000,6.643856189774724,9.228818690495881,7.643856189774724,23.516531070045332,0.16666666666666666,0.5,3.0,0.1111111111111111,0.6666666666666666,0.2222222222222222,350.0,229.13936293319264,144000000000000,151.99949220775304
100,600,200,gaussian-filter,0.19653091430664063,12000000,60000,20000,120000,640.3124237432849,400000,6.643856189774724,9.228818690495881,7.643856189774724,23.516531070045332,0.16666666666666666,0.5,3.0,0.1111111111111111,0.6666666666666666,0.2222222222222222,350.0,229.13936293319264,144000000000000,151.99949220775304
100,600,200,gst3d,2.749852752685547,12000000,60000,20000,120000,640.3124237432849,400000,6.643856189774724,9.228818690495881,7.643856189774724,23.516531070045332,0.16666666666666666,0.5,3.0,0.1111111111111111,0.6666666666666666,0.2222222222222222,350.0,229.13936293319264,144000000000000,151.99949220775304
100,600,300,envelope,0.5699867248535156,18000000,60000,30000,180000,678.2329983125268,540000,6.643856189774724,9.228818690495881,8.228818690495881,24.101493570766486,0.16666666666666666,0.3333333333333333,2.0,0.1,0.6,0.3,350.0,229.13936293319264,324000000000000,157.1649771730334
100,600,300,gaussian-filter,0.24099502563476563,18000000,60000,30000,180000,678.2329983125268,540000,6.643856189774724,9.228818690495881,8.228818690495881,24.101493570766486,0.16666666666666666,0.3333333333333333,2.0,0.1,0.6,0.3,350.0,229.13936293319264,324000000000000,157.1649771730334
100,600,300,gst3d,4.083683013916016,18000000,60000,30000,180000,678.2329983125268,540000,6.643856189774724,9.228818690495881,8.228818690495881,24.101493570766486,0.16666666666666666,0.3333333333333333,2.0,0.1,0.6,0.3,350.0,229.13936293319264,324000000000000,157.1649771730334
100,600,400,envelope,0.7227691650390625,24000000,60000,40000,240000,728.0109889280518,680000,6.643856189774724,9.228818690495881,8.643856189774725,24.516531070045332,0.16666666666666666,0.25,1.5,0.09090909090909091,0.5454545454545454,0.36363636363636365,350.0,229.13936293319264,576000000000000,161.60534341319234
100,600,400,gaussian-filter,0.28593292236328127,24000000,60000,40000,240000,728.0109889280518,680000,6.643856189774724,9.228818690495881,8.643856189774725,24.516531070045332,0.16666666666666666,0.25,1.5,0.09090909090909091,0.5454545454545454,0.36363636363636365,350.0,229.13936293319264,576000000000000,161.60534341319234
100,600,400,gst3d,5.417379760742188,24000000,60000,40000,240000,728.0109889280518,680000,6.643856189774724,9.228818690495881,8.643856189774725,24.516531070045332,0.16666666666666666,0.25,1.5,0.09090909090909091,0.5454545454545454,0.36363636363636365,350.0,229.13936293319264,576000000000000,161.60534341319234
100,600,500,envelope,0.8834625244140625,30000000,60000,50000,300000,787.4007874011811,820000,6.643856189774724,9.228818690495881,8.965784284662087,24.838459164932694,0.16666666666666666,0.2,1.2,0.08333333333333333,0.5,0.4166666666666667,350.0,229.13936293319264,900000000000000,165.67268591840912
100,600,500,gaussian-filter,0.33064422607421873,30000000,60000,50000,300000,787.4007874011811,820000,6.643856189774724,9.228818690495881,8.965784284662087,24.838459164932694,0.16666666666666666,0.2,1.2,0.08333333333333333,0.5,0.4166666666666667,350.0,229.13936293319264,900000000000000,165.67268591840912
100,600,500,gst3d,6.751043701171875,30000000,60000,50000,300000,787.4007874011811,820000,6.643856189774724,9.228818690495881,8.965784284662087,24.838459164932694,0.16666666666666666,0.2,1.2,0.08333333333333333,0.5,0.4166666666666667,350.0,229.13936293319264,900000000000000,165.67268591840912
100,600,600,envelope,1.0394142150878907,36000000,60000,60000,360000,854.4003745317531,960000,6.643856189774724,9.228818690495881,9.228818690495881,25.101493570766486,0.16666666666666666,0.16666666666666666,1.0,0.07692307692307693,0.46153846153846156,0.46153846153846156,350.0,229.13936293319264,1296000000000000,169.47448175131404
100,600,600,gaussian-filter,0.3752922058105469,36000000,60000,60000,360000,854.4003745317531,960000,6.643856189774724,9.228818690495881,9.228818690495881,25.101493570766486,0.16666666666666666,0.16666666666666666,1.0,0.07692307692307693,0.46153846153846156,0.46153846153846156,350.0,229.13936293319264,1296000000000000,169.47448175131404
100,600,600,gst3d,8.085658264160156,36000000,60000,60000,360000,854.4003745317531,960000,6.643856189774724,9.228818690495881,9.228818690495881,25.101493570766486,0.16666666666666666,0.16666666666666666,1.0,0.07692307692307693,0.46153846153846156,0.46153846153846156,350.0,229.13936293319264,1296000000000000,169.47448175131404
100,600,700,envelope,1.1977622985839844,42000000,60000,70000,420000,927.3618495495704,1100000,6.643856189774724,9.228818690495881,9.451211111832329,25.323885992102934,0.16666666666666666,0.14285714285714285,0.8571428571428571,0.07142857142857142,0.42857142857142855,0.5,350.0,229.13936293319264,1764000000000000,173.04878904990613
100,600,700,gaussian-filter,0.41995391845703123,42000000,60000,70000,420000,927.3618495495704,1100000,6.643856189774724,9.228818690495881,9.451211111832329,25.323885992102934,0.16666666666666666,0.14285714285714285,0.8571428571428571,0.07142857142857142,0.42857142857142855,0.5,350.0,229.13936293319264,1764000000000000,173.04878904990613
100,600,700,gst3d,9.419164276123047,42000000,60000,70000,420000,927.3618495495704,1100000,6.643856189774724,9.228818690495881,9.451211111832329,25.323885992102934,0.16666666666666666,0.14285714285714285,0.8571428571428571,0.07142857142857142,0.42857142857142855,0.5,350.0,229.13936293319264,1764000000000000,173.04878904990613
100,600,800,envelope,1.3542930603027343,48000000,60000,80000,480000,1004.987562112089,1240000,6.643856189774724,9.228818690495881,9.643856189774725,25.516531070045332,0.16666666666666666,0.125,0.75,0.06666666666666667,0.4,0.5333333333333333,350.0,229.13936293319264,2304000000000000,176.41427843741042
100,600,800,gaussian-filter,0.4648933410644531,48000000,60000,80000,480000,1004.987562112089,1240000,6.643856189774724,9.228818690495881,9.643856189774725,25.516531070045332,0.16666666666666666,0.125,0.75,0.06666666666666667,0.4,0.5333333333333333,350.0,229.13936293319264,2304000000000000,176.41427843741042
100,600,800,gst3d,10.752513122558593,48000000,60000,80000,480000,1004.987562112089,1240000,6.643856189774724,9.228818690495881,9.643856189774725,25.516531070045332,0.16666666666666666,0.125,0.75,0.06666666666666667,0.4,0.5333333333333333,350.0,229.13936293319264,2304000000000000,176.41427843741042
100,700,100,envelope,0.28308639526367185,7000000,70000,10000,70000,714.142842854285,300000,6.643856189774724,9.451211111832329,6.643856189774724,22.73892349138178,0.14285714285714285,1.0,7.0,0.1111111111111111,0.7777777777777778,0.1111111111111111,400.0,229.13936293319264,49000000000000,149.45117223538585
100,700,100,gaussian-filter,0.15926742553710938,7000000,70000,10000,70000,714.142842854285,300000,6.643856189774724,9.451211111832329,6.643856189774724,22.73892349138178,0.14285714285714285,1.0,7.0,0.1111111111111111,0.7777777777777778,0.1111111111111111,400.0,229.13936293319264,49000000000000,149.45117223538585
100,700,100,gst3d,1.6623703002929688,7000000,70000,10000,70000,714.142842854285,300000,6.643856189774724,9.451211111832329,6.643856189774724,22.73892349138178,0.14285714285714285,1.0,7.0,0.1111111111111111,0.7777777777777778,0.1111111111111111,400.0,229.13936293319264,49000000000000,149.45117223538585
100,700,200,envelope,0.4655731201171875,14000000,70000,20000,140000,734.8469228349534,460000,6.643856189774724,9.451211111832329,7.643856189774724,23.73892349138178,0.14285714285714285,0.5,3.5,0.1,0.7,0.2,400.0,229.13936293319264,196000000000000,156.701158877375
100,700,200,gaussian-filter,0.211492919921875,14000000,70000,20000,140000,734.8469228349534,460000,6.643856189774724,9.451211111832329,7.643856189774724,23.73892349138178,0.14285714285714285,0.5,3.5,0.1,0.7,0.2,400.0,229.13936293319264,196000000000000,156.701158877375
100,700,200,gst3d,3.191625213623047,14000000,70000,20000,140000,734.8469228349534,460000,6.643856189774724,9.451211111832329,7.643856189774724,23.73892349138178,0.14285714285714285,0.5,3.5,0.1,0.7,0.2,400.0,229.13936293319264,196000000000000,156.701158877375
100,700,300,envelope,0.6471145629882813,21000000,70000,30000,210000,768.1145747868608,620000,6.643856189774724,9.451211111832329,8.228818690495881,24.323885992102934,0.14285714285714285,0.3333333333333333,2.3333333333333335,0.09090909090909091,0.6363636363636364,0.2727272727272727,400.0,229.13936293319264,441000000000000,161.6380589419447
100,700,300,gaussian-filter,0.2633964538574219,21000000,70000,30000,210000,768.1145747868608,620000,6.643856189774724,9.451211111832329,8.228818690495881,24.323885992102934,0.14285714285714285,0.3333333333333333,2.3333333333333335,0.09090909090909091,0.6363636363636364,0.2727272727272727,400.0,229.13936293319264,441000000000000,161.6380589419447
100,700,300,gst3d,4.748094177246093,21000000,70000,30000,210000,768.1145747868608,620000,6.643856189774724,9.451211111832329,8.228818690495881,24.323885992102934,0.14285714285714285,0.3333333333333333,2.3333333333333335,0.09090909090909091,0.6363636363636364,0.2727272727272727,400.0,229.13936293319264,441000000000000,161.6380589419447
100,700,400,envelope,0.829266357421875,28000000,70000,40000,280000,812.403840463596,780000,6.643856189774724,9.451211111832329,8.643856189774725,24.73892349138178,0.14285714285714285,0.25,1.75,0.08333333333333333,0.5833333333333334,0.3333333333333333,400.0,229.13936293319264,784000000000000,165.78115973863453
100,700,400,gaussian-filter,0.31578521728515624,28000000,70000,40000,280000,812.403840463596,780000,6.643856189774724,9.451211111832329,8.643856189774725,24.73892349138178,0.14285714285714285,0.25,1.75,0.08333333333333333,0.5833333333333334,0.3333333333333333,400.0,229.13936293319264,784000000000000,165.78115973863453
100,700,400,gst3d,6.3044281005859375,28000000,70000,40000,280000,812.403840463596,780000,6.643856189774724,9.451211111832329,8.643856189774725,24.73892349138178,0.14285714285714285,0.25,1.75,0.08333333333333333,0.5833333333333334,0.3333333333333333,400.0,229.13936293319264,784000000000000,165.78115973863453
100,700,500,envelope,1.0153053283691407,35000000,70000,50000,350000,866.0254037844386,940000,6.643856189774724,9.451211111832329,8.965784284662087,25.06085158626914,0.14285714285714285,0.2,1.4,0.07692307692307693,0.5384615384615384,0.38461538461538464,400.0,229.13936293319264,1225000000000000,169.53837206440093
100,700,500,gaussian-filter,0.3679618835449219,35000000,70000,50000,350000,866.0254037844386,940000,6.643856189774724,9.451211111832329,8.965784284662087,25.06085158626914,0.14285714285714285,0.2,1.4,0.07692307692307693,0.5384615384615384,0.38461538461538464,400.0,229.13936293319264,1225000000000000,169.53837206440093
100,700,500,gst3d,7.862020111083984,35000000,70000,50000,350000,866.0254037844386,940000,6.643856189774724,9.451211111832329,8.965784284662087,25.06085158626914,0.14285714285714285,0.2,1.4,0.07692307692307693,0.5384615384615384,0.38461538461538464,400.0,229.13936293319264,1225000000000000,169.53837206440093
100,700,600,envelope,1.1966117858886718,42000000,70000,60000,420000,927.3618495495704,1100000,6.643856189774724,9.451211111832329,9.228818690495881,25.323885992102934,0.14285714285714285,0.16666666666666666,1.1666666666666667,0.07142857142857142,0.5,0.42857142857142855,400.0,229.13936293319264,1764000000000000,173.04878904990613
100,700,600,gaussian-filter,0.42005233764648436,42000000,70000,60000,420000,927.3618495495704,1100000,6.643856189774724,9.451211111832329,9.228818690495881,25.323885992102934,0.14285714285714285,0.16666666666666666,1.1666666666666667,0.07142857142857142,0.5,0.42857142857142855,400.0,229.13936293319264,1764000000000000,173.04878904990613
100,700,600,gst3d,9.419038391113281,42000000,70000,60000,420000,927.3618495495704,1100000,6.643856189774724,9.451211111832329,9.228818690495881,25.323885992102934,0.14285714285714285,0.16666666666666666,1.1666666666666667,0.07142857142857142,0.5,0.42857142857142855,400.0,229.13936293319264,1764000000000000,173.04878904990613
100,700,700,envelope,1.3816490173339844,49000000,70000,70000,490000,994.98743710662,1260000,6.643856189774724,9.451211111832329,9.451211111832329,25.54627841343938,0.14285714285714285,0.14285714285714285,1.0,0.06666666666666667,0.4666666666666667,0.4666666666666667,400.0,229.13936293319264,2401000000000000,176.36472731217432
100,700,700,gaussian-filter,0.4720649719238281,49000000,70000,70000,490000,994.98743710662,1260000,6.643856189774724,9.451211111832329,9.451211111832329,25.54627841343938,0.14285714285714285,0.14285714285714285,1.0,0.06666666666666667,0.4666666666666667,0.4666666666666667,400.0,229.13936293319264,2401000000000000,176.36472731217432
100,700,700,gst3d,10.976145172119141,49000000,70000,70000,490000,994.98743710662,1260000,6.643856189774724,9.451211111832329,9.451211111832329,25.54627841343938,0.14285714285714285,0.14285714285714285,1.0,0.06666666666666667,0.4666666666666667,0.4666666666666667,400.0,229.13936293319264,2401000000000000,176.36472731217432
100,700,800,envelope,1.5609733581542968,56000000,70000,80000,560000,1067.707825203131,1420000,6.643856189774724,9.451211111832329,9.643856189774725,25.73892349138178,0.14285714285714285,0.125,0.875,0.0625,0.4375,0.5,400.0,229.13936293319264,3136000000000000,179.5085432621431
100,700,800,gaussian-filter,0.5245895385742188,56000000,70000,80000,560000,1067.707825203131,1420000,6.643856189774724,9.451211111832329,9.643856189774725,25.73892349138178,0.14285714285714285,0.125,0.875,0.0625,0.4375,0.5,400.0,229.13936293319264,3136000000000000,179.5085432621431
100,700,800,gst3d,12.532988739013671,56000000,70000,80000,560000,1067.707825203131,1420000,6.643856189774724,9.451211111832329,9.643856189774725,25.73892349138178,0.14285714285714285,0.125,0.875,0.0625,0.4375,0.5,400.0,229.13936293319264,3136000000000000,179.5085432621431
100,800,100,envelope,0.31121063232421875,8000000,80000,10000,80000,812.403840463596,340000,6.643856189774724,9.643856189774725,6.643856189774724,22.931568569324174,0.125,1.0,8.0,0.1,0.8,0.1,450.0,229.13936293319264,64000000000000,153.6696628441792
100,800,100,gaussian-filter,0.16657485961914062,8000000,80000,10000,80000,812.403840463596,340000,6.643856189774724,9.643856189774725,6.643856189774724,22.931568569324174,0.125,1.0,8.0,0.1,0.8,0.1,450.0,229.13936293319264,64000000000000,153.6696628441792
100,800,100,gst3d,1.884862518310547,8000000,80000,10000,80000,812.403840463596,340000,6.643856189774724,9.643856189774725,6.643856189774724,22.931568569324174,0.125,1.0,8.0,0.1,0.8,0.1,450.0,229.13936293319264,64000000000000,153.6696628441792
100,800,200,envelope,0.5163459777832031,16000000,80000,20000,160000,830.6623862918075,520000,6.643856189774724,9.643856189774725,7.643856189774724,23.931568569324174,0.125,0.5,4.0,0.09090909090909091,0.7272727272727273,0.18181818181818182,450.0,229.13936293319264,256000000000000,160.90214404684482
100,800,200,gaussian-filter,0.22630081176757813,16000000,80000,20000,160000,830.6623862918075,520000,6.643856189774724,9.643856189774725,7.643856189774724,23.931568569324174,0.125,0.5,4.0,0.09090909090909091,0.7272727272727273,0.18181818181818182,450.0,229.13936293319264,256000000000000,160.90214404684482
100,800,200,gst3d,3.6329200744628904,16000000,80000,20000,160000,830.6623862918075,520000,6.643856189774724,9.643856189774725,7.643856189774724,23.931568569324174,0.125,0.5,4.0,0.09090909090909091,0.7272727272727273,0.18181818181818182,450.0,229.13936293319264,256000000000000,160.90214404684482
100,800,300,envelope,0.7254425048828125,24000000,80000,30000,240000,860.2325267042627,700000,6.643856189774724,9.643856189774725,8.228818690495881,24.516531070045332,0.125,0.3333333333333333,2.6666666666666665,0.08333333333333333,0.6666666666666666,0.25,450.0,229.13936293319264,576000000000000,165.691654076216
100,800,300,gaussian-filter,0.2860565185546875,24000000,80000,30000,240000,860.2325267042627,700000,6.643856189774724,9.643856189774725,8.228818690495881,24.516531070045332,0.125,0.3333333333333333,2.6666666666666665,0.08333333333333333,0.6666666666666666,0.25,450.0,229.13936293319264,576000000000000,165.691654076216
100,800,300,gst3d,5.413542175292969,24000000,80000,30000,240000,860.2325267042627,700000,6.643856189774724,9.643856189774725,8.228818690495881,24.516531070045332,0.125,0.3333333333333333,2.6666666666666665,0.08333333333333333,0.6666666666666666,0.25,450.0,229.13936293319264,576000000000000,165.691654076216
100,800,400,envelope,0.9347366333007813,32000000,80000,40000,320000,900.0,880000,6.643856189774724,9.643856189774725,8.643856189774725,24.931568569324174,0.125,0.25,2.0,0.07692307692307693,0.6153846153846154,0.3076923076923077,450.0,229.13936293319264,1024000000000000,169.6220578418198
100,800,400,gaussian-filter,0.34535980224609375,32000000,80000,40000,320000,900.0,880000,6.643856189774724,9.643856189774725,8.643856189774725,24.931568569324174,0.125,0.25,2.0,0.07692307692307693,0.6153846153846154,0.3076923076923077,450.0,229.13936293319264,1024000000000000,169.6220578418198
100,800,400,gst3d,7.1931396484375,32000000,80000,40000,320000,900.0,880000,6.643856189774724,9.643856189774725,8.643856189774725,24.931568569324174,0.125,0.25,2.0,0.07692307692307693,0.6153846153846154,0.3076923076923077,450.0,229.13936293319264,1024000000000000,169.6220578418198
100,800,500,envelope,1.1422393798828125,40000000,80000,50000,400000,948.6832980505138,1060000,6.643856189774724,9.643856189774725,8.965784284662087,25.253496664211536,0.125,0.2,1.6,0.07142857142857142,0.5714285714285714,0.35714285714285715,450.0,229.13936293319264,1600000000000000,173.14121968252448
100,800,500,gaussian-filter,0.405181884765625,40000000,80000,50000,400000,948.6832980505138,1060000,6.643856189774724,9.643856189774725,8.965784284662087,25.253496664211536,0.125,0.2,1.6,0.07142857142857142,0.5714285714285714,0.35714285714285715,450.0,229.13936293319264,1600000000000000,173.14121968252448
100,800,500,gst3d,8.97320098876953,40000000,80000,50000,400000,948.6832980505138,1060000,6.643856189774724,9.643856189774725,8.965784284662087,25.253496664211536,0.125,0.2,1.6,0.07142857142857142,0.5714285714285714,0.35714285714285715,450.0,229.13936293319264,1600000000000000,173.14121968252448
100,800,600,envelope,1.347740936279297,48000000,80000,60000,480000,1004.987562112089,1240000,6.643856189774724,9.643856189774725,9.228818690495881,25.516531070045332,0.125,0.16666666666666666,1.3333333333333333,0.06666666666666667,0.5333333333333333,0.4,450.0,229.13936293319264,2304000000000000,176.41427843741042
100,800,600,gaussian-filter,0.46487274169921877,48000000,80000,60000,480000,1004.987562112089,1240000,6.643856189774724,9.643856189774725,9.228818690495881,25.516531070045332,0.125,0.16666666666666666,1.3333333333333333,0.06666666666666667,0.5333333333333333,0.4,450.0,229.13936293319264,2304000000000000,176.41427843741042
100,800,600,gst3d,10.752537536621094,48000000,80000,60000,480000,1004.987562112089,1240000,6.643856189774724,9.643856189774725,9.228818690495881,25.516531070045332,0.125,0.16666666666666666,1.3333333333333333,0.06666666666666667,0.5333333333333333,0.4,450.0,229.13936293319264,2304000000000000,176.41427843741042
100,800,700,envelope,1.5627159118652343,56000000,80000,70000,560000,1067.707825203131,1420000,6.643856189774724,9.643856189774725,9.451211111832329,25.73892349138178,0.125,0.14285714285714285,1.1428571428571428,0.0625,0.5,0.4375,450.0,229.13936293319264,3136000000000000,179.5085432621431
100,800,700,gaussian-filter,0.52457275390625,56000000,80000,70000,560000,1067.707825203131,1420000,6.643856189774724,9.643856189774725,9.451211111832329,25.73892349138178,0.125,0.14285714285714285,1.1428571428571428,0.0625,0.5,0.4375,450.0,229.13936293319264,3136000000000000,179.5085432621431
100,800,700,gst3d,12.532996368408202,56000000,80000,70000,560000,1067.707825203131,1420000,6.643856189774724,9.643856189774725,9.451211111832329,25.73892349138178,0.125,0.14285714285714285,1.1428571428571428,0.0625,0.5,0.4375,450.0,229.13936293319264,3136000000000000,179.5085432621431
100,800,800,envelope,1.7708030700683595,64000000,80000,80000,640000,1135.7816691600547,1600000,6.643856189774724,9.643856189774725,9.643856189774725,25.931568569324174,0.125,0.125,1.0,0.058823529411764705,0.47058823529411764,0.47058823529411764,450.0,229.13936293319264,4096000000000000,182.45338717818544
100,800,800,gaussian-filter,0.5841156005859375,64000000,80000,80000,640000,1135.7816691600547,1600000,6.643856189774724,9.643856189774725,9.643856189774725,25.931568569324174,0.125,0.125,1.0,0.058823529411764705,0.47058823529411764,0.47058823529411764,450.0,229.13936293319264,4096000000000000,182.45338717818544
100,800,800,gst3d,14.312516784667968,64000000,80000,80000,640000,1135.7816691600547,1600000,6.643856189774724,9.643856189774725,9.643856189774725,25.931568569324174,0.125,0.125,1.0,0.058823529411764705,0.47058823529411764,0.47058823529411764,450.0,229.13936293319264,4096000000000000,182.45338717818544
200,100,100,envelope,0.15169906616210938,2000000,20000,20000,10000,244.94897427831782,100000,7.643856189774724,6.643856189774724,6.643856189774724,20.931568569324174,2.0,2.0,1.0,0.5,0.25,0.25,150.0,229.13936293319264,4000000000000,115.23088243076079
200,100,100,gaussian-filter,0.121917724609375,2000000,20000,20000,10000,244.94897427831782,100000,7.643856189774724,6.643856189774724,6.643856189774724,20.931568569324174,2.0,2.0,1.0,0.5,0.25,0.25,150.0,229.13936293319264,4000000000000,115.23088243076079
200,100,100,gst3d,0.5483734130859375,2000000,20000,20000,10000,244.94897427831782,100000,7.643856189774724,6.643856189774724,6.643856189774724,20.931568569324174,2.0,2.0,1.0,0.5,0.25,0.25,150.0,229.13936293319264,4000000000000,115.23088243076079
200,100,200,envelope,0.2042938232421875,4000000,20000,40000,20000,300.0,160000,7.643856189774724,6.643856189774724,7.643856189774724,21.931568569324174,2.0,1.0,0.5,0.4,0.2,0.4,150.0,229.13936293319264,16000000000000,125.1658801040338
200,100,200,gaussian-filter,0.1369232177734375,4000000,20000,40000,20000,300.0,160000,7.643856189774724,6.643856189774724,7.643856189774724,21.931568569324174,2.0,1.0,0.5,0.4,0.2,0.4,150.0,229.13936293319264,16000000000000,125.1658801040338
200,100,200,gst3d,0.9976997375488281,4000000,20000,40000,20000,300.0,160000,7.643856189774724,6.643856189774724,7.643856189774724,21.931568569324174,2.0,1.0,0.5,0.4,0.2,0.4,150.0,229.13936293319264,16000000000000,125.1658801040338
200,100,300,envelope,0.2593803405761719,6000000,20000,60000,30000,374.16573867739413,220000,7.643856189774724,6.643856189774724,8.228818690495881,22.516531070045332,2.0,0.6666666666666666,0.3333333333333333,0.3333333333333333,0.16666666666666666,0.5,150.0,229.13936293319264,36000000000000,133.463763441989
200,100,300,gaussian-filter,0.15189895629882813,6000000,20000,60000,30000,374.16573867739413,220000,7.643856189774724,6.643856189774724,8.228818690495881,22.516531070045332,2.0,0.6666666666666666,0.3333333333333333,0.3333333333333333,0.16666666666666666,0.5,150.0,229.13936293319264,36000000000000,133.463763441989
200,100,300,gst3d,1.4473526000976562,6000000,20000,60000,30000,374.16573867739413,220000,7.643856189774724,6.643856189774724,8.228818690495881,22.516531070045332,2.0,0.6666666666666666,0.3333333333333333,0.3333333333333333,0.16666666666666666,0.5,150.0,229.13936293319264,36000000000000,133.463763441989
200,100,400,envelope,0.30965499877929686,8000000,20000,80000,40000,458.257569495584,280000,7.643856189774724,6.643856189774724,8.643856189774725,22.931568569324174,2.0,0.5,0.25,0.2857142857142857,0.14285714285714285,0.5714285714285714,150.0,229.13936293319264,64000000000000,140.56159967960087
200,100,400,gaussian-filter,0.16651840209960939,8000000,20000,80000,40000,458.257569495584,280000,7.643856189774724,6.643856189774724,8.643856189774725,22.931568569324174,2.0,0.5,0.25,0.2857142857142857,0.14285714285714285,0.5714285714285714,150.0,229.13936293319264,64000000000000,140.56159967960087
200,100,400,gst3d,1.8973251342773438,8000000,20000,80000,40000,458.257569495584,280000,7.643856189774724,6.643856189774724,8.643856189774725,22.931568569324174,2.0,0.5,0.25,0.2857142857142857,0.14285714285714285,0.5714285714285714,150.0,229.13936293319264,64000000000000,140.56159967960087
200,100,500,envelope,0.36629791259765626,10000000,20000,100000,50000,547.7225575051662,340000,7.643856189774724,6.643856189774724,8.965784284662087,23.253496664211536,2.0,0.4,0.2,0.25,0.125,0.625,150.0,229.13936293319264,100000000000000,146.67359171589615
200,100,500,gaussian-filter,0.18166961669921874,10000000,20000,100000,50000,547.7225575051662,340000,7.643856189774724,6.643856189774724,8.965784284662087,23.253496664211536,2.0,0.4,0.2,0.25,0.125,0.625,150.0,229.13936293319264,100000000000000,146.67359171589615
200,100,500,gst3d,2.3077461242675783,10000000,20000,100000,50000,547.7225575051662,340000,7.643856189774724,6.643856189774724,8.965784284662087,23.253496664211536,2.0,0.4,0.2,0.25,0.125,0.625,150.0,229.13936293319264,100000000000000,146.67359171589615
200,100,600,envelope,0.4166748046875,12000000,20000,120000,60000,640.3124237432849,400000,7.643856189774724,6.643856189774724,9.228818690495881,23.516531070045332,2.0,0.3333333333333333,0.16666666666666666,0.2222222222222222,0.1111111111111111,0.6666666666666666,150.0,229.13936293319264,144000000000000,151.99949220775304
200,100,600,gaussian-filter,0.19644393920898437,12000000,20000,120000,60000,640.3124237432849,400000,7.643856189774724,6.643856189774724,9.228818690495881,23.516531070045332,2.0,0.3333333333333333,0.16666666666666666,0.2222222222222222,0.1111111111111111,0.6666666666666666,150.0,229.13936293319264,144000000000000,151.99949220775304
200,100,600,gst3d,2.750092315673828,12000000,20000,120000,60000,640.3124237432849,400000,7.643856189774724,6.643856189774724,9.228818690495881,23.516531070045332,2.0,0.3333333333333333,0.16666666666666666,0.2222222222222222,0.1111111111111111,0.6666666666666666,150.0,229.13936293319264,144000000000000,151.99949220775304
200,100,700,envelope,0.46337432861328126,14000000,20000,140000,70000,734.8469228349534,460000,7.643856189774724,6.643856189774724,9.451211111832329,23.73892349138178,2.0,0.2857142857142857,0.14285714285714285,0.2,0.1,0.7,150.0,229.13936293319264,196000000000000,156.701158877375
200,100,700,gaussian-filter,0.2115814208984375,14000000,20000,140000,70000,734.8469228349534,460000,7.643856189774724,6.643856189774724,9.451211111832329,23.73892349138178,2.0,0.2857142857142857,0.14285714285714285,0.2,0.1,0.7,150.0,229.13936293319264,196000000000000,156.701158877375
200,100,700,gst3d,3.191816711425781,14000000,20000,140000,70000,734.8469228349534,460000,7.643856189774724,6.643856189774724,9.451211111832329,23.73892349138178,2.0,0.2857142857142857,0.14285714285714285,0.2,0.1,0.7,150.0,229.13936293319264,196000000000000,156.701158877375
200,100,800,envelope,0.5197830200195312,16000000,20000,160000,80000,830.6623862918075,520000,7.643856189774724,6.643856189774724,9.643856189774725,23.931568569324174,2.0,0.25,0.125,0.18181818181818182,0.09090909090909091,0.7272727272727273,150.0,229.13936293319264,256000000000000,160.90214404684482
200,100,800,gaussian-filter,0.22636566162109376,16000000,20000,160000,80000,830.6623862918075,520000,7.643856189774724,6.643856189774724,9.643856189774725,23.931568569324174,2.0,0.25,0.125,0.18181818181818182,0.09090909090909091,0.7272727272727273,150.0,229.13936293319264,256000000000000,160.90214404684482
200,100,800,gst3d,3.633641815185547,16000000,20000,160000,80000,830.6623862918075,520000,7.643856189774724,6.643856189774724,9.643856189774725,23.931568569324174,2.0,0.25,0.125,0.18181818181818182,0.09090909090909091,0.7272727272727273,150.0,229.13936293319264,256000000000000,160.90214404684482
200,200,100,envelope,0.20487594604492188,4000000,40000,20000,20000,300.0,160000,7.643856189774724,7.643856189774724,6.643856189774724,21.931568569324174,1.0,2.0,2.0,0.4,0.4,0.2,200.0,229.13936293319264,16000000000000,125.1658801040338
200,200,100,gaussian-filter,0.13701019287109376,4000000,40000,20000,20000,300.0,160000,7.643856189774724,7.643856189774724,6.643856189774724,21.931568569324174,1.0,2.0,2.0,0.4,0.4,0.2,200.0,229.13936293319264,16000000000000,125.1658801040338
200,200,100,gst3d,0.9973884582519531,4000000,40000,20000,20000,300.0,160000,7.643856189774724,7.643856189774724,6.643856189774724,21.931568569324174,1.0,2.0,2.0,0.4,0.4,0.2,200.0,229.13936293319264,16000000000000,125.1658801040338
200,200,200,envelope,0.30910720825195315,8000000,40000,40000,40000,346.41016151377545,240000,7.643856189774724,7.643856189774724,7.643856189774724,22.931568569324174,1.0,1.0,1.0,0.3333333333333333,0.3333333333333333,0.3333333333333333,200.0,229.13936293319264,64000000000000,134.16128187910007
200,200,200,gaussian-filter,0.16658554077148438,8000000,40000,40000,40000,346.41016151377545,240000,7.643856189774724,7.643856189774724,7.643856189774724,22.931568569324174,1.0,1.0,1.0,0.3333333333333333,0.3333333333333333,0.3333333333333333,200.0,229.13936293319264,64000000000000,134.16128187910007
200,200,200,gst3d,1.9048919677734375,8000000,40000,40000,40000,346.41016151377545,240000,7.643856189774724,7.643856189774724,7.643856189774724,22.931568569324174,1.0,1.0,1.0,0.3333333333333333,0.3333333333333333,0.3333333333333333,200.0,229.13936293319264,64000000000000,134.16128187910007
200,200,300,envelope,0.4098182678222656,12000000,40000,60000,60000,412.31056256176606,320000,7.643856189774724,7.643856189774724,8.228818690495881,23.516531070045332,1.0,0.6666666666666666,0.6666666666666666,0.2857142857142857,0.2857142857142857,0.42857142857142855,200.0,229.13936293319264,144000000000000,141.66826948939985
200,200,300,gaussian-filter,0.19637298583984375,12000000,40000,60000,60000,412.31056256176606,320000,7.643856189774724,7.643856189774724,8.228818690495881,23.516531070045332,1.0,0.6666666666666666,0.6666666666666666,0.2857142857142857,0.2857142857142857,0.42857142857142855,200.0,229.13936293319264,144000000000000,141.66826948939985
200,200,300,gst3d,2.7669586181640624,12000000,40000,60000,60000,412.31056256176606,320000,7.643856189774724,7.643856189774724,8.228818690495881,23.516531070045332,1.0,0.6666666666666666,0.6666666666666666,0.2857142857142857,0.2857142857142857,0.42857142857142855,200.0,229.13936293319264,144000000000000,141.66826948939985
200,200,400,envelope,0.5171043395996093,16000000,40000,80000,80000,489.89794855663564,400000,7.643856189774724,7.643856189774724,8.643856189774725,23.931568569324174,1.0,0.5,0.5,0.25,0.25,0.5,200.0,229.13936293319264,256000000000000,148.28565297846086
200,200,400,gaussian-filter,0.22623138427734374,16000000,40000,80000,80000,489.89794855663564,400000,7.643856189774724,7.643856189774724,8.643856189774725,23.931568569324174,1.0,0.5,0.5,0.25,0.25,0.5,200.0,229.13936293319264,256000000000000,148.28565297846086
200,200,400,gst3d,3.658666229248047,16000000,40000,80000,80000,489.89794855663564,400000,7.643856189774724,7.643856189774724,8.643856189774725,23.931568569324174,1.0,0.5,0.5,0.25,0.25,0.5,200.0,229.13936293319264,256000000000000,148.28565297846086
200,200,500,envelope,0.6244285583496094,20000000,40000,100000,100000,574.4562646538029,480000,7.643856189774724,7.643856189774724,8.965784284662087,24.253496664211536,1.0,0.4,0.4,0.2222222222222222,0.2222222222222222,0.5555555555555556,200.0,229.13936293319264,400000000000000,154.13493019654635
200,200,500,gaussian-filter,0.2562774658203125,20000000,40000,100000,100000,574.4562646538029,480000,7.643856189774724,7.643856189774724,8.965784284662087,24.253496664211536,1.0,0.4,0.4,0.2222222222222222,0.2222222222222222,0.5555555555555556,200.0,229.13936293319264,400000000000000,154.13493019654635
200,200,500,gst3d,4.550830841064453,20000000,40000,100000,100000,574.4562646538029,480000,7.643856189774724,7.643856189774724,8.965784284662087,24.253496664211536,1.0,0.4,0.4,0.2222222222222222,0.2222222222222222,0.5555555555555556,200.0,229.13936293319264,400000000000000,154.13493019654635
200,200,600,envelope,0.72645263671875,24000000,40000,120000,120000,663.32495807108,560000,7.643856189774724,7.643856189774724,9.228818690495881,24.516531070045332,1.0,0.3333333333333333,0.3333333333333333,0.2,0.2,0.6,200.0,229.13936293319264,576000000000000,159.32733154458433
200,200,600,gaussian-filter,0.2860740661621094,24000000,40000,120000,120000,663.32495807108,560000,7.643856189774724,7.643856189774724,9.228818690495881,24.516531070045332,1.0,0.3333333333333333,0.3333333333333333,0.2,0.2,0.6,200.0,229.13936293319264,576000000000000,159.32733154458433
200,200,600,gst3d,5.442897033691406,24000000,40000,120000,120000,663.32495807108,560000,7.643856189774724,7.643856189774724,9.228818690495881,24.516531070045332,1.0,0.3333333333333333,0.3333333333333333,0.2,0.2,0.6,200.0,229.13936293319264,576000000000000,159.32733154458433
200,200,700,envelope,0.8308547973632813,28000000,40000,140000,140000,754.983443527075,640000,7.643856189774724,7.643856189774724,9.451211111832329,24.73892349138178,1.0,0.2857142857142857,0.2857142857142857,0.18181818181818182,0.18181818181818182,0.6363636363636364,200.0,229.13936293319264,784000000000000,163.9700667122748
200,200,700,gaussian-filter,0.31597137451171875,28000000,40000,140000,140000,754.983443527075,640000,7.643856189774724,7.643856189774724,9.451211111832329,24.73892349138178,1.0,0.2857142857142857,0.2857142857142857,0.18181818181818182,0.18181818181818182,0.6363636363636364,200.0,229.13936293319264,784000000000000,163.9700667122748
200,200,700,gst3d,6.335211181640625,28000000,40000,140000,140000,754.983443527075,640000,7.643856189774724,7.643856189774724,9.451211111832329,24.73892349138178,1.0,0.2857142857142857,0.2857142857142857,0.18181818181818182,0.18181818181818182,0.6363636363636364,200.0,229.13936293319264,784000000000000,163.9700667122748
200,200,800,envelope,0.9345108032226562,32000000,40000,160000,160000,848.5281374238571,720000,7.643856189774724,7.643856189774724,9.643856189774725,24.931568569324174,1.0,0.25,0.25,0.16666666666666666,0.16666666666666666,0.6666666666666666,200.0,229.13936293319264,1024000000000000,168.15547839788312
200,200,800,gaussian-filter,0.34544830322265624,32000000,40000,160000,160000,848.5281374238571,720000,7.643856189774724,7.643856189774724,9.643856189774725,24.931568569324174,1.0,0.25,0.25,0.16666666666666666,0.16666666666666666,0.6666666666666666,200.0,229.13936293319264,1024000000000000,168.15547839788312
200,200,800,gst3d,7.227832794189453,32000000,40000,160000,160000,848.5281374238571,720000,7.643856189774724,7.643856189774724,9.643856189774725,24.931568569324174,1.0,0.25,0.25,0.16666666666666666,0.16666666666666666,0.6666666666666666,200.0,229.13936293319264,1024000000000000,168.15547839788312
200,300,100,envelope,0.25896148681640624,6000000,60000,20000,30000,374.16573867739413,220000,7.643856189774724,8.228818690495881,6.643856189774724,22.516531070045332,0.6666666666666666,2.0,3.0,0.3333333333333333,0.5,0.16666666666666666,250.0,229.13936293319264,36000000000000,133.463763441989
200,300,100,gaussian-filter,0.151812744140625,6000000,60000,20000,30000,374.16573867739413,220000,7.643856189774724,8.228818690495881,6.643856189774724,22.516531070045332,0.6666666666666666,2.0,3.0,0.3333333333333333,0.5,0.16666666666666666,250.0,229.13936293319264,36000000000000,133.463763441989
200,300,100,gst3d,1.4473655700683594,6000000,60000,20000,30000,374.16573867739413,220000,7.643856189774724,8.228818690495881,6.643856189774724,22.516531070045332,0.6666666666666666,2.0,3.0,0.3333333333333333,0.5,0.16666666666666666,250.0,229.13936293319264,36000000000000,133.463763441989
200,300,200,envelope,0.4165214538574219,12000000,60000,40000,60000,412.31056256176606,320000,7.643856189774724,8.228818690495881,7.643856189774724,23.516531070045332,0.6666666666666666,1.0,1.5,0.2857142857142857,0.42857142857142855,0.2857142857142857,250.0,229.13936293319264,144000000000000,141.66826948939985
200,300,200,gaussian-filter,0.19659347534179689,12000000,60000,40000,60000,412.31056256176606,320000,7.643856189774724,8.228818690495881,7.643856189774724,23.516531070045332,0.6666666666666666,1.0,1.5,0.2857142857142857,0.42857142857142855,0.2857142857142857,250.0,229.13936293319264,144000000000000,141.66826948939985
200,300,200,gst3d,2.7671714782714845,12000000,60000,40000,60000,412.31056256176606,320000,7.643856189774724,8.228818690495881,7.643856189774724,23.516531070045332,0.6666666666666666,1.0,1.5,0.2857142857142857,0.42857142857142855,0.2857142857142857,250.0,229.13936293319264,144000000000000,141.66826948939985
200,300,300,envelope,0.5701492309570313,18000000,60000,60000,90000,469.041575982343,420000,7.643856189774724,8.228818690495881,8.228818690495881,24.101493570766486,0.6666666666666666,0.6666666666666666,1.0,0.25,0.375,0.375,250.0,229.13936293319264,324000000000000,148.292179396723
200,300,300,gaussian-filter,0.24111404418945312,18000000,60000,60000,90000,469.041575982343,420000,7.643856189774724,8.228818690495881,8.228818690495881,24.101493570766486,0.6666666666666666,0.6666666666666666,1.0,0.25,0.375,0.375,250.0,229.13936293319264,324000000000000,148.292179396723
200,300,300,gst3d,4.108684539794922,18000000,60000,60000,90000,469.041575982343,420000,7.643856189774724,8.228818690495881,8.228818690495881,24.101493570766486,0.6666666666666666,0.6666666666666666,1.0,0.25,0.375,0.375,250.0,229.13936293319264,324000000000000,148.292179396723
200,300,400,envelope,0.7315460205078125,24000000,60000,80000,120000,538.5164807134504,520000,7.643856189774724,8.228818690495881,8.643856189774725,24.516531070045332,0.6666666666666666,0.5,0.75,0.2222222222222222,0.3333333333333333,0.4444444444444444,250.0,229.13936293319264,576000000000000,154.22548820422688
200,300,400,gaussian-filter,0.2860908508300781,24000000,60000,80000,120000,538.5164807134504,520000,7.643856189774724,8.228818690495881,8.643856189774725,24.516531070045332,0.6666666666666666,0.5,0.75,0.2222222222222222,0.3333333333333333,0.4444444444444444,250.0,229.13936293319264,576000000000000,154.22548820422688
200,300,400,gst3d,5.451211547851562,24000000,60000,80000,120000,538.5164807134504,520000,7.643856189774724,8.228818690495881,8.643856189774725,24.516531070045332,0.6666666666666666,0.5,0.75,0.2222222222222222,0.3333333333333333,0.4444444444444444,250.0,229.13936293319264,576000000000000,154.22548820422688
200,300,500,envelope,0.8828269958496093,30000000,60000,100000,150000,616.4414002968977,620000,7.643856189774724,8.228818690495881,8.965784284662087,24.838459164932694,0.6666666666666666,0.4,0.6,0.2,0.3,0.5,250.0,229.13936293319264,900000000000000,159.60160991043807
200,300,500,gaussian-filter,0.33045501708984376,30000000,60000,100000,150000,616.4414002968977,620000,7.643856189774724,8.228818690495881,8.965784284662087,24.838459164932694,0.6666666666666666,0.4,0.6,0.2,0.3,0.5,250.0,229.13936293319264,900000000000000,159.60160991043807
200,300,500,gst3d,6.79345474243164,30000000,60000,100000,150000,616.4414002968977,620000,7.643856189774724,8.228818690495881,8.965784284662087,24.838459164932694,0.6666666666666666,0.4,0.6,0.2,0.3,0.5,250.0,229.13936293319264,900000000000000,159.60160991043807
200,300,600,envelope,1.0415428161621094,36000000,60000,120000,180000,700.0,720000,7.643856189774724,8.228818690495881,9.228818690495881,25.101493570766486,0.6666666666666666,0.3333333333333333,0.5,0.18181818181818182,0.2727272727272727,0.5454545454545454,250.0,229.13936293319264,1296000000000000,164.47773459879545
200,300,600,gaussian-filter,0.3752891540527344,36000000,60000,120000,180000,700.0,720000,7.643856189774724,8.228818690495881,9.228818690495881,25.101493570766486,0.6666666666666666,0.3333333333333333,0.5,0.18181818181818182,0.2727272727272727,0.5454545454545454,250.0,229.13936293319264,1296000000000000,164.47773459879545
200,300,600,gst3d,8.135801696777344,36000000,60000,120000,180000,700.0,720000,7.643856189774724,8.228818690495881,9.228818690495881,25.101493570766486,0.6666666666666666,0.3333333333333333,0.5,0.18181818181818182,0.2727272727272727,0.5454545454545454,250.0,229.13936293319264,1296000000000000,164.47773459879545
200,300,700,envelope,1.1990020751953125,42000000,60000,140000,210000,787.4007874011811,820000,7.643856189774724,8.228818690495881,9.451211111832329,25.323885992102934,0.6666666666666666,0.2857142857142857,0.42857142857142855,0.16666666666666666,0.25,0.5833333333333334,250.0,229.13936293319264,1764000000000000,168.910486046836
200,300,700,gaussian-filter,0.4200653076171875,42000000,60000,140000,210000,787.4007874011811,820000,7.643856189774724,8.228818690495881,9.451211111832329,25.323885992102934,0.6666666666666666,0.2857142857142857,0.42857142857142855,0.16666666666666666,0.25,0.5833333333333334,250.0,229.13936293319264,1764000000000000,168.910486046836
200,300,700,gst3d,9.477536010742188,42000000,60000,140000,210000,787.4007874011811,820000,7.643856189774724,8.228818690495881,9.451211111832329,25.323885992102934,0.6666666666666666,0.2857142857142857,0.42857142857142855,0.16666666666666666,0.25,0.5833333333333334,250.0,229.13936293319264,1764000000000000,168.910486046836
200,300,800,envelope,1.3556602478027344,48000000,60000,160000,240000,877.4964387392122,920000,7.643856189774724,8.228818690495881,9.643856189774725,25.516531070045332,0.6666666666666666,0.25,0.375,0.15384615384615385,0.23076923076923078,0.6153846153846154,250.0,229.13936293319264,2304000000000000,172.9564533673934
200,300,800,gaussian-filter,0.4648887634277344,48000000,60000,160000,240000,877.4964387392122,920000,7.643856189774724,8.228818690495881,9.643856189774725,25.516531070045332,0.6666666666666666,0.25,0.375,0.15384615384615385,0.23076923076923078,0.6153846153846154,250.0,229.13936293319264,2304000000000000,172.9564533673934
200,300,800,gst3d,10.820722198486328,48000000,60000,160000,240000,877.4964387392122,920000,7.643856189774724,8.228818690495881,9.643856189774725,25.516531070045332,0.6666666666666666,0.25,0.375,0.15384615384615385,0.23076923076923078,0.6153846153846154,250.0,229.13936293319264,2304000000000000,172.9564533673934
200,400,100,envelope,0.3102569580078125,8000000,80000,20000,40000,458.257569495584,280000,7.643856189774724,8.643856189774725,6.643856189774724,22.931568569324174,0.5,2.0,4.0,0.2857142857142857,0.5714285714285714,0.14285714285714285,300.0,229.13936293319264,64000000000000,140.56159967960087
200,400,100,gaussian-filter,0.16683502197265626,8000000,80000,20000,40000,458.257569495584,280000,7.643856189774724,8.643856189774725,6.643856189774724,22.931568569324174,0.5,2.0,4.0,0.2857142857142857,0.5714285714285714,0.14285714285714285,300.0,229.13936293319264,64000000000000,140.56159967960087
200,400,100,gst3d,1.8973052978515625,8000000,80000,20000,40000,458.257569495584,280000,7.643856189774724,8.643856189774725,6.643856189774724,22.931568569324174,0.5,2.0,4.0,0.2857142857142857,0.5714285714285714,0.14285714285714285,300.0,229.13936293319264,64000000000000,140.56159967960087
200,400,200,envelope,0.5151741027832031,16000000,80000,40000,80000,489.89794855663564,400000,7.643856189774724,8.643856189774725,7.643856189774724,23.931568569324174,0.5,1.0,2.0,0.25,0.5,0.25,300.0,229.13936293319264,256000000000000,148.28565297846086
200,400,200,gaussian-filter,0.22613983154296874,16000000,80000,40000,80000,489.89794855663564,400000,7.643856189774724,8.643856189774725,7.643856189774724,23.931568569324174,0.5,1.0,2.0,0.25,0.5,0.25,300.0,229.13936293319264,256000000000000,148.28565297846086
200,400,200,gst3d,3.6586235046386717,16000000,80000,40000,80000,489.89794855663564,400000,7.643856189774724,8.643856189774725,7.643856189774724,23.931568569324174,0.5,1.0,2.0,0.25,0.5,0.25,300.0,229.13936293319264,256000000000000,148.28565297846086
200,400,300,envelope,0.7252204895019532,24000000,80000,60000,120000,538.5164807134504,520000,7.643856189774724,8.643856189774725,8.228818690495881,24.516531070045332,0.5,0.6666666666666666,1.3333333333333333,0.2222222222222222,0.4444444444444444,0.3333333333333333,300.0,229.13936293319264,576000000000000,154.22548820422688
200,400,300,gaussian-filter,0.2859321594238281,24000000,80000,60000,120000,538.5164807134504,520000,7.643856189774724,8.643856189774725,8.228818690495881,24.516531070045332,0.5,0.6666666666666666,1.3333333333333333,0.2222222222222222,0.4444444444444444,0.3333333333333333,300.0,229.13936293319264,576000000000000,154.22548820422688
200,400,300,gst3d,5.451582336425782,24000000,80000,60000,120000,538.5164807134504,520000,7.643856189774724,8.643856189774725,8.228818690495881,24.516531070045332,0.5,0.6666666666666666,1.3333333333333333,0.2222222222222222,0.4444444444444444,0.3333333333333333,300.0,229.13936293319264,576000000000000,154.22548820422688
200,400,400,envelope,0.9330696105957031,32000000,80000,80000,160000,600.0,640000,7.643856189774724,8.643856189774725,8.643856189774725,24.931568569324174,0.5,0.5,1.0,0.2,0.4,0.4,300.0,229.13936293319264,1024000000000000,159.52700835769485
200,400,400,gaussian-filter,0.34540634155273436,32000000,80000,80000,160000,600.0,640000,7.643856189774724,8.643856189774725,8.643856189774725,24.931568569324174,0.5,0.5,1.0,0.2,0.4,0.4,300.0,229.13936293319264,1024000000000000,159.52700835769485
200,400,400,gst3d,7.243242645263672,32000000,80000,80000,160000,600.0,640000,7.643856189774724,8.643856189774725,8.643856189774725,24.931568569324174,0.5,0.5,1.0,0.2,0.4,0.4,300.0,229.13936293319264,1024000000000000,159.52700835769485
200,400,500,envelope,1.1423255920410156,40000000,80000,100000,200000,670.820393249937,760000,7.643856189774724,8.643856189774725,8.965784284662087,25.253496664211536,0.5,0.4,0.8,0.18181818181818182,0.36363636363636365,0.45454545454545453,300.0,229.13936293319264,1600000000000000,164.40003683212797
200,400,500,gaussian-filter,0.40529327392578124,40000000,80000,100000,200000,670.820393249937,760000,7.643856189774724,8.643856189774725,8.965784284662087,25.253496664211536,0.5,0.4,0.8,0.18181818181818182,0.36363636363636365,0.45454545454545453,300.0,229.13936293319264,1600000000000000,164.40003683212797
200,400,500,gst3d,9.036620330810546,40000000,80000,100000,200000,670.820393249937,760000,7.643856189774724,8.643856189774725,8.965784284662087,25.253496664211536,0.5,0.4,0.8,0.18181818181818182,0.36363636363636365,0.45454545454545453,300.0,229.13936293319264,1600000000000000,164.40003683212797
200,400,600,envelope,1.3536567687988281,48000000,80000,120000,240000,748.3314773547883,880000,7.643856189774724,8.643856189774725,9.228818690495881,25.516531070045332,0.5,0.3333333333333333,0.6666666666666666,0.16666666666666666,0.3333333333333333,0.5,300.0,229.13936293319264,2304000000000000,168.89854901243746
200,400,600,gaussian-filter,0.4649169921875,48000000,80000,120000,240000,748.3314773547883,880000,7.643856189774724,8.643856189774725,9.228818690495881,25.516531070045332,0.5,0.3333333333333333,0.6666666666666666,0.16666666666666666,0.3333333333333333,0.5,300.0,229.13936293319264,2304000000000000,168.89854901243746
200,400,600,gst3d,10.82928009033203,48000000,80000,120000,240000,748.3314773547883,880000,7.643856189774724,8.643856189774725,9.228818690495881,25.516531070045332,0.5,0.3333333333333333,0.6666666666666666,0.16666666666666666,0.3333333333333333,0.5,300.0,229.13936293319264,2304000000000000,168.89854901243746
200,400,700,envelope,1.5637031555175782,56000000,80000,140000,280000,830.6623862918075,1000000,7.643856189774724,8.643856189774725,9.451211111832329,25.73892349138178,0.5,0.2857142857142857,0.5714285714285714,0.15384615384615385,0.3076923076923077,0.5384615384615384,300.0,229.13936293319264,3136000000000000,173.05376215621723
200,400,700,gaussian-filter,0.5245697021484375,56000000,80000,140000,280000,830.6623862918075,1000000,7.643856189774724,8.643856189774725,9.451211111832329,25.73892349138178,0.5,0.2857142857142857,0.5714285714285714,0.15384615384615385,0.3076923076923077,0.5384615384615384,300.0,229.13936293319264,3136000000000000,173.05376215621723
200,400,700,gst3d,12.62121353149414,56000000,80000,140000,280000,830.6623862918075,1000000,7.643856189774724,8.643856189774725,9.451211111832329,25.73892349138178,0.5,0.2857142857142857,0.5714285714285714,0.15384615384615385,0.3076923076923077,0.5384615384615384,300.0,229.13936293319264,3136000000000000,173.05376215621723
200,400,800,envelope,1.7715805053710938,64000000,80000,160000,320000,916.515138991168,1120000,7.643856189774724,8.643856189774725,9.643856189774725,25.931568569324174,0.5,0.25,0.5,0.14285714285714285,0.2857142857142857,0.5714285714285714,300.0,229.13936293319264,4096000000000000,176.8965795066965
200,400,800,gaussian-filter,0.5840065002441406,64000000,80000,160000,320000,916.515138991168,1120000,7.643856189774724,8.643856189774725,9.643856189774725,25.931568569324174,0.5,0.25,0.5,0.14285714285714285,0.2857142857142857,0.5714285714285714,300.0,229.13936293319264,4096000000000000,176.8965795066965
200,400,800,gst3d,14.414624786376953,64000000,80000,160000,320000,916.515138991168,1120000,7.643856189774724,8.643856189774725,9.643856189774725,25.931568569324174,0.5,0.25,0.5,0.14285714285714285,0.2857142857142857,0.5714285714285714,300.0,229.13936293319264,4096000000000000,176.8965795066965
200,500,100,envelope,0.35908203125,10000000,100000,20000,50000,547.7225575051662,340000,7.643856189774724,8.965784284662087,6.643856189774724,23.253496664211536,0.4,2.0,5.0,0.25,0.625,0.125,350.0,229.13936293319264,100000000000000,146.67359171589615
200,500,100,gaussian-filter,0.18166427612304686,10000000,100000,20000,50000,547.7225575051662,340000,7.643856189774724,8.965784284662087,6.643856189774724,23.253496664211536,0.4,2.0,5.0,0.25,0.625,0.125,350.0,229.13936293319264,100000000000000,146.67359171589615
200,500,100,gst3d,2.3076812744140627,10000000,100000,20000,50000,547.7225575051662,340000,7.643856189774724,8.965784284662087,6.643856189774724,23.253496664211536,0.4,2.0,5.0,0.25,0.625,0.125,350.0,229.13936293319264,100000000000000,146.67359171589615
200,500,200,envelope,0.6165794372558594,20000000,100000,40000,100000,574.4562646538029,480000,7.643856189774724,8.965784284662087,7.643856189774724,24.253496664211536,0.4,1.0,2.5,0.2222222222222222,0.5555555555555556,0.2222222222222222,350.0,229.13936293319264,400000000000000,154.13493019654635
200,500,200,gaussian-filter,0.2561820983886719,20000000,100000,40000,100000,574.4562646538029,480000,7.643856189774724,8.965784284662087,7.643856189774724,24.253496664211536,0.4,1.0,2.5,0.2222222222222222,0.5555555555555556,0.2222222222222222,350.0,229.13936293319264,400000000000000,154.13493019654635
200,500,200,gst3d,4.551160430908203,20000000,100000,40000,100000,574.4562646538029,480000,7.643856189774724,8.965784284662087,7.643856189774724,24.253496664211536,0.4,1.0,2.5,0.2222222222222222,0.5555555555555556,0.2222222222222222,350.0,229.13936293319264,400000000000000,154.13493019654635
200,500,300,envelope,0.8815742492675781,30000000,100000,60000,150000,616.4414002968977,620000,7.643856189774724,8.965784284662087,8.228818690495881,24.838459164932694,0.4,0.6666666666666666,1.6666666666666667,0.2,0.5,0.3,350.0,229.13936293319264,900000000000000,159.60160991043807
200,500,300,gaussian-filter,0.3305931091308594,30000000,100000,60000,150000,616.4414002968977,620000,7.643856189774724,8.965784284662087,8.228818690495881,24.838459164932694,0.4,0.6666666666666666,1.6666666666666667,0.2,0.5,0.3,350.0,229.13936293319264,900000000000000,159.60160991043807
200,500,300,gst3d,6.793356323242188,30000000,100000,60000,150000,616.4414002968977,620000,7.643856189774724,8.965784284662087,8.228818690495881,24.838459164932694,0.4,0.6666666666666666,1.6666666666666667,0.2,0.5,0.3,350.0,229.13936293319264,900000000000000,159.60160991043807
200,500,400,envelope,1.1439384460449218,40000000,100000,80000,200000,670.820393249937,760000,7.643856189774724,8.965784284662087,8.643856189774725,25.253496664211536,0.4,0.5,1.25,0.18181818181818182,0.45454545454545453,0.36363636363636365,350.0,229.13936293319264,1600000000000000,164.40003683212797
200,500,400,gaussian-filter,0.40512771606445314,40000000,100000,80000,200000,670.820393249937,760000,7.643856189774724,8.965784284662087,8.643856189774725,25.253496664211536,0.4,0.5,1.25,0.18181818181818182,0.45454545454545453,0.36363636363636365,350.0,229.13936293319264,1600000000000000,164.40003683212797
200,500,400,gst3d,9.036388397216797,40000000,100000,80000,200000,670.820393249937,760000,7.643856189774724,8.965784284662087,8.643856189774725,25.253496664211536,0.4,0.5,1.25,0.18181818181818182,0.45454545454545453,0.36363636363636365,350.0,229.13936293319264,1600000000000000,164.40003683212797
200,500,500,envelope,1.4054931640625,50000000,100000,100000,250000,734.8469228349534,900000,7.643856189774724,8.965784284662087,8.965784284662087,25.575424759098897,0.4,0.4,1.0,0.16666666666666666,0.4166666666666667,0.4166666666666667,350.0,229.13936293319264,2500000000000000,168.82394435395813
200,500,500,gaussian-filter,0.47957916259765626,50000000,100000,100000,250000,734.8469228349534,900000,7.643856189774724,8.965784284662087,8.965784284662087,25.575424759098897,0.4,0.4,1.0,0.16666666666666666,0.4166666666666667,0.4166666666666667,350.0,229.13936293319264,2500000000000000,168.82394435395813
200,500,500,gst3d,11.278992462158204,50000000,100000,100000,250000,734.8469228349534,900000,7.643856189774724,8.965784284662087,8.965784284662087,25.575424759098897,0.4,0.4,1.0,0.16666666666666666,0.4166666666666667,0.4166666666666667,350.0,229.13936293319264,2500000000000000,168.82394435395813
200,500,600,envelope,1.6662818908691406,60000000,100000,120000,300000,806.2257748298549,1040000,7.643856189774724,8.965784284662087,9.228818690495881,25.838459164932694,0.4,0.3333333333333333,0.8333333333333334,0.15384615384615385,0.38461538461538464,0.46153846153846156,350.0,229.13936293319264,3600000000000000,172.9523981090547
200,500,600,gaussian-filter,0.5540992736816406,60000000,100000,120000,300000,806.2257748298549,1040000,7.643856189774724,8.965784284662087,9.228818690495881,25.838459164932694,0.4,0.3333333333333333,0.8333333333333334,0.15384615384615385,0.38461538461538464,0.46153846153846156,350.0,229.13936293319264,3600000000000000,172.9523981090547
200,500,600,gst3d,13.521865081787109,60000000,100000,120000,300000,806.2257748298549,1040000,7.643856189774724,8.965784284662087,9.228818690495881,25.838459164932694,0.4,0.3333333333333333,0.8333333333333334,0.15384615384615385,0.38461538461538464,0.46153846153846156,350.0,229.13936293319264,3600000000000000,172.9523981090547
200,500,700,envelope,1.928985595703125,70000000,100000,140000,350000,883.1760866327846,1180000,7.643856189774724,8.965784284662087,9.451211111832329,26.06085158626914,0.4,0.2857142857142857,0.7142857142857143,0.14285714285714285,0.35714285714285715,0.5,350.0,229.13936293319264,4900000000000000,176.8139192256871
200,500,700,gaussian-filter,0.6286834716796875,70000000,100000,140000,350000,883.1760866327846,1180000,7.643856189774724,8.965784284662087,9.451211111832329,26.06085158626914,0.4,0.2857142857142857,0.7142857142857143,0.14285714285714285,0.35714285714285715,0.5,350.0,229.13936293319264,4900000000000000,176.8139192256871
200,500,700,gst3d,15.764328002929688,70000000,100000,140000,350000,883.1760866327846,1180000,7.643856189774724,8.965784284662087,9.451211111832329,26.06085158626914,0.4,0.2857142857142857,0.7142857142857143,0.14285714285714285,0.35714285714285715,0.5,350.0,229.13936293319264,4900000000000000,176.8139192256871
200,500,800,envelope,2.1904006958007813,80000000,100000,160000,400000,964.3650760992955,1320000,7.643856189774724,8.965784284662087,9.643856189774725,26.253496664211536,0.4,0.25,0.625,0.13333333333333333,0.3333333333333333,0.5333333333333333,350.0,229.13936293319264,6400000000000000,180.42732245564312
200,500,800,gaussian-filter,0.7030616760253906,80000000,100000,160000,400000,964.3650760992955,1320000,7.643856189774724,8.965784284662087,9.643856189774725,26.253496664211536,0.4,0.25,0.625,0.13333333333333333,0.3333333333333333,0.5333333333333333,350.0,229.13936293319264,6400000000000000,180.42732245564312
200,500,800,gst3d,18.007381439208984,80000000,100000,160000,400000,964.3650760992955,1320000,7.643856189774724,8.965784284662087,9.643856189774725,26.253496664211536,0.4,0.25,0.625,0.13333333333333333,0.3333333333333333,0.5333333333333333,350.0,229.13936293319264,6400000000000000,180.42732245564312
200,600,100,envelope,0.4102027893066406,12000000,120000,20000,60000,640.3124237432849,400000,7.643856189774724,9.228818690495881,6.643856189774724,23.516531070045332,0.3333333333333333,2.0,6.0,0.2222222222222222,0.6666666666666666,0.1111111111111111,400.0,229.13936293319264,144000000000000,151.99949220775304
200,600,100,gaussian-filter,0.19641647338867188,12000000,120000,20000,60000,640.3124237432849,400000,7.643856189774724,9.228818690495881,6.643856189774724,23.516531070045332,0.3333333333333333,2.0,6.0,0.2222222222222222,0.6666666666666666,0.1111111111111111,400.0,229.13936293319264,144000000000000,151.99949220775304
200,600,100,gst3d,2.749711608886719,12000000,120000,20000,60000,640.3124237432849,400000,7.643856189774724,9.228818690495881,6.643856189774724,23.516531070045332,0.3333333333333333,2.0,6.0,0.2222222222222222,0.6666666666666666,0.1111111111111111,400.0,229.13936293319264,144000000000000,151.99949220775304
200,600,200,envelope,0.7250587463378906,24000000,120000,40000,120000,663.32495807108,560000,7.643856189774724,9.228818690495881,7.643856189774724,24.516531070045332,0.3333333333333333,1.0,3.0,0.2,0.6,0.2,400.0,229.13936293319264,576000000000000,159.32733154458433
200,600,200,gaussian-filter,0.28589630126953125,24000000,120000,40000,120000,663.32495807108,560000,7.643856189774724,9.228818690495881,7.643856189774724,24.516531070045332,0.3333333333333333,1.0,3.0,0.2,0.6,0.2,400.0,229.13936293319264,576000000000000,159.32733154458433
200,600,200,gst3d,5.442675018310547,24000000,120000,40000,120000,663.32495807108,560000,7.643856189774724,9.228818690495881,7.643856189774724,24.516531070045332,0.3333333333333333,1.0,3.0,0.2,0.6,0.2,400.0,229.13936293319264,576000000000000,159.32733154458433
200,600,300,envelope,1.0357643127441407,36000000,120000,60000,180000,700.0,720000,7.643856189774724,9.228818690495881,8.228818690495881,25.101493570766486,0.3333333333333333,0.6666666666666666,2.0,0.18181818181818182,0.5454545454545454,0.2727272727272727,400.0,229.13936293319264,1296000000000000,164.47773459879545
200,600,300,gaussian-filter,0.3751106262207031,36000000,120000,60000,180000,700.0,720000,7.643856189774724,9.228818690495881,8.228818690495881,25.101493570766486,0.3333333333333333,0.6666666666666666,2.0,0.18181818181818182,0.5454545454545454,0.2727272727272727,400.0,229.13936293319264,1296000000000000,164.47773459879545
200,600,300,gst3d,8.135667419433593,36000000,120000,60000,180000,700.0,720000,7.643856189774724,9.228818690495881,8.228818690495881,25.101493570766486,0.3333333333333333,0.6666666666666666,2.0,0.18181818181818182,0.5454545454545454,0.2727272727272727,400.0,229.13936293319264,1296000000000000,164.47773459879545
200,600,400,envelope,1.3534744262695313,48000000,120000,80000,240000,748.3314773547883,880000,7.643856189774724,9.228818690495881,8.643856189774725,25.516531070045332,0.3333333333333333,0.5,1.5,0.16666666666666666,0.5,0.3333333333333333,400.0,229.13936293319264,2304000000000000,168.89854901243746
200,600,400,gaussian-filter,0.4648139953613281,48000000,120000,80000,240000,748.3314773547883,880000,7.643856189774724,9.228818690495881,8.643856189774725,25.516531070045332,0.3333333333333333,0.5,1.5,0.16666666666666666,0.5,0.3333333333333333,400.0,229.13936293319264,2304000000000000,168.89854901243746
200,600,400,gst3d,10.828904724121093,48000000,120000,80000,240000,748.3314773547883,880000,7.643856189774724,9.228818690495881,8.643856189774725,25.516531070045332,0.3333333333333333,0.5,1.5,0.16666666666666666,0.5,0.3333333333333333,400.0,229.13936293319264,2304000000000000,168.89854901243746
200,600,500,envelope,1.6686744689941406,60000000,120000,100000,300000,806.2257748298549,1040000,7.643856189774724,9.228818690495881,8.965784284662087,25.838459164932694,0.3333333333333333,0.4,1.2,0.15384615384615385,0.46153846153846156,0.38461538461538464,400.0,229.13936293319264,3600000000000000,172.9523981090547
200,600,500,gaussian-filter,0.5542022705078125,60000000,120000,100000,300000,806.2257748298549,1040000,7.643856189774724,9.228818690495881,8.965784284662087,25.838459164932694,0.3333333333333333,0.4,1.2,0.15384615384615385,0.46153846153846156,0.38461538461538464,400.0,229.13936293319264,3600000000000000,172.9523981090547
200,600,500,gst3d,13.521885681152344,60000000,120000,100000,300000,806.2257748298549,1040000,7.643856189774724,9.228818690495881,8.965784284662087,25.838459164932694,0.3333333333333333,0.4,1.2,0.15384615384615385,0.46153846153846156,0.38461538461538464,400.0,229.13936293319264,3600000000000000,172.9523981090547
200,600,600,envelope,1.9833267211914063,72000000,120000,120000,360000,871.7797887081347,1200000,7.643856189774724,9.228818690495881,9.228818690495881,26.101493570766486,0.3333333333333333,0.3333333333333333,1.0,0.14285714285714285,0.42857142857142855,0.42857142857142855,400.0,229.13936293319264,5184000000000000,176.75104752854608
200,600,600,gaussian-filter,0.6437553405761719,72000000,120000,120000,360000,871.7797887081347,1200000,7.643856189774724,9.228818690495881,9.228818690495881,26.101493570766486,0.3333333333333333,0.3333333333333333,1.0,0.14285714285714285,0.42857142857142855,0.42857142857142855,400.0,229.13936293319264,5184000000000000,176.75104752854608
200,600,600,gst3d,16.214524841308595,72000000,120000,120000,360000,871.7797887081347,1200000,7.643856189774724,9.228818690495881,9.228818690495881,26.101493570766486,0.3333333333333333,0.3333333333333333,1.0,0.14285714285714285,0.42857142857142855,0.42857142857142855,400.0,229.13936293319264,5184000000000000,176.75104752854608
200,600,700,envelope,2.295262908935547,84000000,120000,140000,420000,943.3981132056604,1360000,7.643856189774724,9.228818690495881,9.451211111832329,26.323885992102934,0.3333333333333333,0.2857142857142857,0.8571428571428571,0.13333333333333333,0.4,0.4666666666666667,400.0,229.13936293319264,7056000000000000,180.33303946368733
200,600,700,gaussian-filter,0.732958984375,84000000,120000,140000,420000,943.3981132056604,1360000,7.643856189774724,9.228818690495881,9.451211111832329,26.323885992102934,0.3333333333333333,0.2857142857142857,0.8571428571428571,0.13333333333333333,0.4,0.4666666666666667,400.0,229.13936293319264,7056000000000000,180.33303946368733
200,600,700,gst3d,18.90764923095703,84000000,120000,140000,420000,943.3981132056604,1360000,7.643856189774724,9.228818690495881,9.451211111832329,26.323885992102934,0.3333333333333333,0.2857142857142857,0.8571428571428571,0.13333333333333333,0.4,0.4666666666666667,400.0,229.13936293319264,7056000000000000,180.33303946368733
200,600,800,envelope,2.6078109741210938,96000000,120000,160000,480000,1019.803902718557,1520000,7.643856189774724,9.228818690495881,9.643856189774725,26.516531070045332,0.3333333333333333,0.25,0.75,0.125,0.375,0.5,400.0,229.13936293319264,9216000000000000,183.71569496680777
200,600,800,gaussian-filter,0.8225395202636718,96000000,120000,160000,480000,1019.803902718557,1520000,7.643856189774724,9.228818690495881,9.643856189774725,26.516531070045332,0.3333333333333333,0.25,0.75,0.125,0.375,0.5,400.0,229.13936293319264,9216000000000000,183.71569496680777
200,600,800,gst3d,21.600894165039062,96000000,120000,160000,480000,1019.803902718557,1520000,7.643856189774724,9.228818690495881,9.643856189774725,26.516531070045332,0.3333333333333333,0.25,0.75,0.125,0.375,0.5,400.0,229.13936293319264,9216000000000000,183.71569496680777
200,700,100,envelope,0.4706733703613281,14000000,140000,20000,70000,734.8469228349534,460000,7.643856189774724,9.451211111832329,6.643856189774724,23.73892349138178,0.2857142857142857,2.0,7.0,0.2,0.7,0.1,450.0,229.13936293319264,196000000000000,156.701158877375
200,700,100,gaussian-filter,0.21157913208007811,14000000,140000,20000,70000,734.8469228349534,460000,7.643856189774724,9.451211111832329,6.643856189774724,23.73892349138178,0.2857142857142857,2.0,7.0,0.2,0.7,0.1,450.0,229.13936293319264,196000000000000,156.701158877375
200,700,100,gst3d,3.1916412353515624,14000000,140000,20000,70000,734.8469228349534,460000,7.643856189774724,9.451211111832329,6.643856189774724,23.73892349138178,0.2857142857142857,2.0,7.0,0.2,0.7,0.1,450.0,229.13936293319264,196000000000000,156.701158877375
200,700,200,envelope,0.8285606384277344,28000000,140000,40000,140000,754.983443527075,640000,7.643856189774724,9.451211111832329,7.643856189774724,24.73892349138178,0.2857142857142857,1.0,3.5,0.18181818181818182,0.6363636363636364,0.18181818181818182,450.0,229.13936293319264,784000000000000,163.9700667122748
200,700,200,gaussian-filter,0.31587982177734375,28000000,140000,40000,140000,754.983443527075,640000,7.643856189774724,9.451211111832329,7.643856189774724,24.73892349138178,0.2857142857142857,1.0,3.5,0.18181818181818182,0.6363636363636364,0.18181818181818182,450.0,229.13936293319264,784000000000000,163.9700667122748
200,700,200,gst3d,6.334980773925781,28000000,140000,40000,140000,754.983443527075,640000,7.643856189774724,9.451211111832329,7.643856189774724,24.73892349138178,0.2857142857142857,1.0,3.5,0.18181818181818182,0.6363636363636364,0.18181818181818182,450.0,229.13936293319264,784000000000000,163.9700667122748
200,700,300,envelope,1.194403839111328,42000000,140000,60000,210000,787.4007874011811,820000,7.643856189774724,9.451211111832329,8.228818690495881,25.323885992102934,0.2857142857142857,0.6666666666666666,2.3333333333333335,0.16666666666666666,0.5833333333333334,0.25,450.0,229.13936293319264,1764000000000000,168.910486046836
200,700,300,gaussian-filter,0.420123291015625,42000000,140000,60000,210000,787.4007874011811,820000,7.643856189774724,9.451211111832329,8.228818690495881,25.323885992102934,0.2857142857142857,0.6666666666666666,2.3333333333333335,0.16666666666666666,0.5833333333333334,0.25,450.0,229.13936293319264,1764000000000000,168.910486046836
200,700,300,gst3d,9.478040313720703,42000000,140000,60000,210000,787.4007874011811,820000,7.643856189774724,9.451211111832329,8.228818690495881,25.323885992102934,0.2857142857142857,0.6666666666666666,2.3333333333333335,0.16666666666666666,0.5833333333333334,0.25,450.0,229.13936293319264,1764000000000000,168.910486046836
200,700,400,envelope,1.5641807556152343,56000000,140000,80000,280000,830.6623862918075,1000000,7.643856189774724,9.451211111832329,8.643856189774725,25.73892349138178,0.2857142857142857,0.5,1.75,0.15384615384615385,0.5384615384615384,0.3076923076923077,450.0,229.13936293319264,3136000000000000,173.05376215621723
200,700,400,gaussian-filter,0.524346923828125,56000000,140000,80000,280000,830.6623862918075,1000000,7.643856189774724,9.451211111832329,8.643856189774725,25.73892349138178,0.2857142857142857,0.5,1.75,0.15384615384615385,0.5384615384615384,0.3076923076923077,450.0,229.13936293319264,3136000000000000,173.05376215621723
200,700,400,gst3d,12.621207427978515,56000000,140000,80000,280000,830.6623862918075,1000000,7.643856189774724,9.451211111832329,8.643856189774725,25.73892349138178,0.2857142857142857,0.5,1.75,0.15384615384615385,0.5384615384615384,0.3076923076923077,450.0,229.13936293319264,3136000000000000,173.05376215621723
200,700,500,envelope,1.9295974731445313,70000000,140000,100000,350000,883.1760866327846,1180000,7.643856189774724,9.451211111832329,8.965784284662087,26.06085158626914,0.2857142857142857,0.4,1.4,0.14285714285714285,0.5,0.35714285714285715,450.0,229.13936293319264,4900000000000000,176.8139192256871
200,700,500,gaussian-filter,0.6286308288574218,70000000,140000,100000,350000,883.1760866327846,1180000,7.643856189774724,9.451211111832329,8.965784284662087,26.06085158626914,0.2857142857142857,0.4,1.4,0.14285714285714285,0.5,0.35714285714285715,450.0,229.13936293319264,4900000000000000,176.8139192256871
200,700,500,gst3d,15.764434051513671,70000000,140000,100000,350000,883.1760866327846,1180000,7.643856189774724,9.451211111832329,8.965784284662087,26.06085158626914,0.2857142857142857,0.4,1.4,0.14285714285714285,0.5,0.35714285714285715,450.0,229.13936293319264,4900000000000000,176.8139192256871
200,700,600,envelope,2.292645263671875,84000000,140000,120000,420000,943.3981132056604,1360000,7.643856189774724,9.451211111832329,9.228818690495881,26.323885992102934,0.2857142857142857,0.3333333333333333,1.1666666666666667,0.13333333333333333,0.4666666666666667,0.4,450.0,229.13936293319264,7056000000000000,180.33303946368733
200,700,600,gaussian-filter,0.7330848693847656,84000000,140000,120000,420000,943.3981132056604,1360000,7.643856189774724,9.451211111832329,9.228818690495881,26.323885992102934,0.2857142857142857,0.3333333333333333,1.1666666666666667,0.13333333333333333,0.4666666666666667,0.4,450.0,229.13936293319264,7056000000000000,180.33303946368733
200,700,600,gst3d,18.907795715332032,84000000,140000,120000,420000,943.3981132056604,1360000,7.643856189774724,9.451211111832329,9.228818690495881,26.323885992102934,0.2857142857142857,0.3333333333333333,1.1666666666666667,0.13333333333333333,0.4666666666666667,0.4,450.0,229.13936293319264,7056000000000000,180.33303946368733
200,700,700,envelope,2.659137725830078,98000000,140000,140000,490000,1009.9504938362078,1540000,7.643856189774724,9.451211111832329,9.451211111832329,26.54627841343938,0.2857142857142857,0.2857142857142857,1.0,0.125,0.4375,0.4375,450.0,229.13936293319264,9604000000000000,183.6643096045745
200,700,700,gaussian-filter,0.837200927734375,98000000,140000,140000,490000,1009.9504938362078,1540000,7.643856189774724,9.451211111832329,9.451211111832329,26.54627841343938,0.2857142857142857,0.2857142857142857,1.0,0.125,0.4375,0.4375,450.0,229.13936293319264,9604000000000000,183.6643096045745
200,700,700,gst3d,22.050765228271484,98000000,140000,140000,490000,1009.9504938362078,1540000,7.643856189774724,9.451211111832329,9.451211111832329,26.54627841343938,0.2857142857142857,0.2857142857142857,1.0,0.125,0.4375,0.4375,450.0,229.13936293319264,9604000000000000,183.6643096045745
200,700,800,envelope,3.0255050659179688,112000000,140000,160000,560000,1081.6653826391969,1720000,7.643856189774724,9.451211111832329,9.643856189774725,26.73892349138178,0.2857142857142857,0.25,0.875,0.11764705882352941,0.4117647058823529,0.47058823529411764,450.0,229.13936293319264,12544000000000000,186.8297042391929
200,700,800,gaussian-filter,0.9416069030761719,112000000,140000,160000,560000,1081.6653826391969,1720000,7.643856189774724,9.451211111832329,9.643856189774725,26.73892349138178,0.2857142857142857,0.25,0.875,0.11764705882352941,0.4117647058823529,0.47058823529411764,450.0,229.13936293319264,12544000000000000,186.8297042391929
200,700,800,gst3d,25.19467544555664,112000000,140000,160000,560000,1081.6653826391969,1720000,7.643856189774724,9.451211111832329,9.643856189774725,26.73892349138178,0.2857142857142857,0.25,0.875,0.11764705882352941,0.4117647058823529,0.47058823529411764,450.0,229.13936293319264,12544000000000000,186.8297042391929
200,800,100,envelope,0.5191680908203125,16000000,160000,20000,80000,830.6623862918075,520000,7.643856189774724,9.643856189774725,6.643856189774724,23.931568569324174,0.25,2.0,8.0,0.18181818181818182,0.7272727272727273,0.09090909090909091,500.0,229.13936293319264,256000000000000,160.90214404684482
200,800,100,gaussian-filter,0.2263031005859375,16000000,160000,20000,80000,830.6623862918075,520000,7.643856189774724,9.643856189774725,6.643856189774724,23.931568569324174,0.25,2.0,8.0,0.18181818181818182,0.7272727272727273,0.09090909090909091,500.0,229.13936293319264,256000000000000,160.90214404684482
200,800,100,gst3d,3.6332611083984374,16000000,160000,20000,80000,830.6623862918075,520000,7.643856189774724,9.643856189774725,6.643856189774724,23.931568569324174,0.25,2.0,8.0,0.18181818181818182,0.7272727272727273,0.09090909090909091,500.0,229.13936293319264,256000000000000,160.90214404684482
200,800,200,envelope,0.9307365417480469,32000000,160000,40000,160000,848.5281374238571,720000,7.643856189774724,9.643856189774725,7.643856189774724,24.931568569324174,0.25,1.0,4.0,0.16666666666666666,0.6666666666666666,0.16666666666666666,500.0,229.13936293319264,1024000000000000,168.15547839788312
200,800,200,gaussian-filter,0.3455192565917969,32000000,160000,40000,160000,848.5281374238571,720000,7.643856189774724,9.643856189774725,7.643856189774724,24.931568569324174,0.25,1.0,4.0,0.16666666666666666,0.6666666666666666,0.16666666666666666,500.0,229.13936293319264,1024000000000000,168.15547839788312
200,800,200,gst3d,7.227618408203125,32000000,160000,40000,160000,848.5281374238571,720000,7.643856189774724,9.643856189774725,7.643856189774724,24.931568569324174,0.25,1.0,4.0,0.16666666666666666,0.6666666666666666,0.16666666666666666,500.0,229.13936293319264,1024000000000000,168.15547839788312
200,800,300,envelope,1.3545402526855468,48000000,160000,60000,240000,877.4964387392122,920000,7.643856189774724,9.643856189774725,8.228818690495881,25.516531070045332,0.25,0.6666666666666666,2.6666666666666665,0.15384615384615385,0.6153846153846154,0.23076923076923078,500.0,229.13936293319264,2304000000000000,172.9564533673934
200,800,300,gaussian-filter,0.46486892700195315,48000000,160000,60000,240000,877.4964387392122,920000,7.643856189774724,9.643856189774725,8.228818690495881,25.516531070045332,0.25,0.6666666666666666,2.6666666666666665,0.15384615384615385,0.6153846153846154,0.23076923076923078,500.0,229.13936293319264,2304000000000000,172.9564533673934
200,800,300,gst3d,10.819906616210938,48000000,160000,60000,240000,877.4964387392122,920000,7.643856189774724,9.643856189774725,8.228818690495881,25.516531070045332,0.25,0.6666666666666666,2.6666666666666665,0.15384615384615385,0.6153846153846154,0.23076923076923078,500.0,229.13936293319264,2304000000000000,172.9564533673934
200,800,400,envelope,1.773394775390625,64000000,160000,80000,320000,916.515138991168,1120000,7.643856189774724,9.643856189774725,8.643856189774725,25.931568569324174,0.25,0.5,2.0,0.14285714285714285,0.5714285714285714,0.2857142857142857,500.0,229.13936293319264,4096000000000000,176.8965795066965
200,800,400,gaussian-filter,0.5840309143066407,64000000,160000,80000,320000,916.515138991168,1120000,7.643856189774724,9.643856189774725,8.643856189774725,25.931568569324174,0.25,0.5,2.0,0.14285714285714285,0.5714285714285714,0.2857142857142857,500.0,229.13936293319264,4096000000000000,176.8965795066965
200,800,400,gst3d,14.414459228515625,64000000,160000,80000,320000,916.515138991168,1120000,7.643856189774724,9.643856189774725,8.643856189774725,25.931568569324174,0.25,0.5,2.0,0.14285714285714285,0.5714285714285714,0.2857142857142857,500.0,229.13936293319264,4096000000000000,176.8965795066965
200,800,500,envelope,2.1889434814453126,80000000,160000,100000,400000,964.3650760992955,1320000,7.643856189774724,9.643856189774725,8.965784284662087,26.253496664211536,0.25,0.4,1.6,0.13333333333333333,0.5333333333333333,0.3333333333333333,500.0,229.13936293319264,6400000000000000,180.42732245564312
200,800,500,gaussian-filter,0.7028076171875,80000000,160000,100000,400000,964.3650760992955,1320000,7.643856189774724,9.643856189774725,8.965784284662087,26.253496664211536,0.25,0.4,1.6,0.13333333333333333,0.5333333333333333,0.3333333333333333,500.0,229.13936293319264,6400000000000000,180.42732245564312
200,800,500,gst3d,18.00752182006836,80000000,160000,100000,400000,964.3650760992955,1320000,7.643856189774724,9.643856189774725,8.965784284662087,26.253496664211536,0.25,0.4,1.6,0.13333333333333333,0.5333333333333333,0.3333333333333333,500.0,229.13936293319264,6400000000000000,180.42732245564312
200,800,600,envelope,2.6055252075195314,96000000,160000,120000,480000,1019.803902718557,1520000,7.643856189774724,9.643856189774725,9.228818690495881,26.516531070045332,0.25,0.3333333333333333,1.3333333333333333,0.125,0.5,0.375,500.0,229.13936293319264,9216000000000000,183.71569496680777
200,800,600,gaussian-filter,0.822515869140625,96000000,160000,120000,480000,1019.803902718557,1520000,7.643856189774724,9.643856189774725,9.228818690495881,26.516531070045332,0.25,0.3333333333333333,1.3333333333333333,0.125,0.5,0.375,500.0,229.13936293319264,9216000000000000,183.71569496680777
200,800,600,gst3d,21.60034637451172,96000000,160000,120000,480000,1019.803902718557,1520000,7.643856189774724,9.643856189774725,9.228818690495881,26.516531070045332,0.25,0.3333333333333333,1.3333333333333333,0.125,0.5,0.375,500.0,229.13936293319264,9216000000000000,183.71569496680777
200,800,700,envelope,3.024976348876953,112000000,160000,140000,560000,1081.6653826391969,1720000,7.643856189774724,9.643856189774725,9.451211111832329,26.73892349138178,0.25,0.2857142857142857,1.1428571428571428,0.11764705882352941,0.47058823529411764,0.4117647058823529,500.0,229.13936293319264,12544000000000000,186.8297042391929
200,800,700,gaussian-filter,0.9415977478027344,112000000,160000,140000,560000,1081.6653826391969,1720000,7.643856189774724,9.643856189774725,9.451211111832329,26.73892349138178,0.25,0.2857142857142857,1.1428571428571428,0.11764705882352941,0.47058823529411764,0.4117647058823529,500.0,229.13936293319264,12544000000000000,186.8297042391929
200,800,700,gst3d,25.19474105834961,112000000,160000,140000,560000,1081.6653826391969,1720000,7.643856189774724,9.643856189774725,9.451211111832329,26.73892349138178,0.25,0.2857142857142857,1.1428571428571428,0.11764705882352941,0.47058823529411764,0.4117647058823529,500.0,229.13936293319264,12544000000000000,186.8297042391929
200,800,800,envelope,3.4390029907226562,128000000,160000,160000,640000,1148.9125293076058,1920000,7.643856189774724,9.643856189774725,9.643856189774725,26.931568569324174,0.25,0.25,1.0,0.1111111111111111,0.4444444444444444,0.4444444444444444,500.0,229.13936293319264,16384000000000000,189.79864475782966
200,800,800,gaussian-filter,1.060796356201172,128000000,160000,160000,640000,1148.9125293076058,1920000,7.643856189774724,9.643856189774725,9.643856189774725,26.931568569324174,0.25,0.25,1.0,0.1111111111111111,0.4444444444444444,0.4444444444444444,500.0,229.13936293319264,16384000000000000,189.79864475782966
200,800,800,gst3d,28.788026428222658,128000000,160000,160000,640000,1148.9125293076058,1920000,7.643856189774724,9.643856189774725,9.643856189774725,26.931568569324174,0.25,0.25,1.0,0.1111111111111111,0.4444444444444444,0.4444444444444444,500.0,229.13936293319264,16384000000000000,189.79864475782966
300,100,100,envelope,0.18196029663085939,3000000,30000,30000,10000,331.66247903554,140000,8.228818690495881,6.643856189774724,6.643856189774724,21.516531070045332,3.0,3.0,1.0,0.6,0.2,0.2,200.0,229.13936293319264,9000000000000,124.94925863546828
300,100,100,gaussian-filter,0.12953948974609375,3000000,30000,30000,10000,331.66247903554,140000,8.228818690495881,6.643856189774724,6.643856189774724,21.516531070045332,3.0,3.0,1.0,0.6,0.2,0.2,200.0,229.13936293319264,9000000000000,124.94925863546828
300,100,100,gst3d,0.771038818359375,3000000,30000,30000,10000,331.66247903554,140000,8.228818690495881,6.643856189774724,6.643856189774724,21.516531070045332,3.0,3.0,1.0,0.6,0.2,0.2,200.0,229.13936293319264,9000000000000,124.94925863546828
300,100,200,envelope,0.2555519104003906,6000000,30000,60000,20000,374.16573867739413,220000,8.228818690495881,6.643856189774724,7.643856189774724,22.516531070045332,3.0,1.5,0.5,0.5,0.16666666666666666,0.3333333333333333,200.0,229.13936293319264,36000000000000,133.463763441989
300,100,200,gaussian-filter,0.15194625854492189,6000000,30000,60000,20000,374.16573867739413,220000,8.228818690495881,6.643856189774724,7.643856189774724,22.516531070045332,3.0,1.5,0.5,0.5,0.16666666666666666,0.3333333333333333,200.0,229.13936293319264,36000000000000,133.463763441989
300,100,200,gst3d,1.4477256774902343,6000000,30000,60000,20000,374.16573867739413,220000,8.228818690495881,6.643856189774724,7.643856189774724,22.516531070045332,3.0,1.5,0.5,0.5,0.16666666666666666,0.3333333333333333,200.0,229.13936293319264,36000000000000,133.463763441989
300,100,300,envelope,0.3373588562011719,9000000,30000,90000,30000,435.88989435406734,300000,8.228818690495881,6.643856189774724,8.228818690495881,23.101493570766486,3.0,1.0,0.3333333333333333,0.42857142857142855,0.14285714285714285,0.42857142857142855,200.0,229.13936293319264,81000000000000,140.44971627767964
300,100,300,gaussian-filter,0.17401123046875,9000000,30000,90000,30000,435.88989435406734,300000,8.228818690495881,6.643856189774724,8.228818690495881,23.101493570766486,3.0,1.0,0.3333333333333333,0.42857142857142855,0.14285714285714285,0.42857142857142855,200.0,229.13936293319264,81000000000000,140.44971627767964
300,100,300,gst3d,2.088836669921875,9000000,30000,90000,30000,435.88989435406734,300000,8.228818690495881,6.643856189774724,8.228818690495881,23.101493570766486,3.0,1.0,0.3333333333333333,0.42857142857142855,0.14285714285714285,0.42857142857142855,200.0,229.13936293319264,81000000000000,140.44971627767964
300,100,400,envelope,0.41530685424804686,12000000,30000,120000,40000,509.9019513592785,380000,8.228818690495881,6.643856189774724,8.643856189774725,23.516531070045332,3.0,0.75,0.25,0.375,0.125,0.5,200.0,229.13936293319264,144000000000000,146.65326654122597
300,100,400,gaussian-filter,0.19655227661132812,12000000,30000,120000,40000,509.9019513592785,380000,8.228818690495881,6.643856189774724,8.643856189774725,23.516531070045332,3.0,0.75,0.25,0.375,0.125,0.5,200.0,229.13936293319264,144000000000000,146.65326654122597
300,100,400,gst3d,2.754832458496094,12000000,30000,120000,40000,509.9019513592785,380000,8.228818690495881,6.643856189774724,8.643856189774725,23.516531070045332,3.0,0.75,0.25,0.375,0.125,0.5,200.0,229.13936293319264,144000000000000,146.65326654122597
300,100,500,envelope,0.4946022033691406,15000000,30000,150000,50000,591.6079783099616,460000,8.228818690495881,6.643856189774724,8.965784284662087,23.838459164932694,3.0,0.6,0.2,0.3333333333333333,0.1111111111111111,0.5555555555555556,200.0,229.13936293319264,225000000000000,152.19743155047576
300,100,500,gaussian-filter,0.21872940063476562,15000000,30000,150000,50000,591.6079783099616,460000,8.228818690495881,6.643856189774724,8.965784284662087,23.838459164932694,3.0,0.6,0.2,0.3333333333333333,0.1111111111111111,0.5555555555555556,200.0,229.13936293319264,225000000000000,152.19743155047576
300,100,500,gst3d,3.4187355041503906,15000000,30000,150000,50000,591.6079783099616,460000,8.228818690495881,6.643856189774724,8.965784284662087,23.838459164932694,3.0,0.6,0.2,0.3333333333333333,0.1111111111111111,0.5555555555555556,200.0,229.13936293319264,225000000000000,152.19743155047576
300,100,600,envelope,0.5691192626953125,18000000,30000,180000,60000,678.2329983125268,540000,8.228818690495881,6.643856189774724,9.228818690495881,24.101493570766486,3.0,0.5,0.16666666666666666,0.3,0.1,0.6,200.0,229.13936293319264,324000000000000,157.1649771730334
300,100,600,gaussian-filter,0.2411346435546875,18000000,30000,180000,60000,678.2329983125268,540000,8.228818690495881,6.643856189774724,9.228818690495881,24.101493570766486,3.0,0.5,0.16666666666666666,0.3,0.1,0.6,200.0,229.13936293319264,324000000000000,157.1649771730334
300,100,600,gst3d,4.083720397949219,18000000,30000,180000,60000,678.2329983125268,540000,8.228818690495881,6.643856189774724,9.228818690495881,24.101493570766486,3.0,0.5,0.16666666666666666,0.3,0.1,0.6,200.0,229.13936293319264,324000000000000,157.1649771730334
300,100,700,envelope,0.6488174438476563,21000000,30000,210000,70000,768.1145747868608,620000,8.228818690495881,6.643856189774724,9.451211111832329,24.323885992102934,3.0,0.42857142857142855,0.14285714285714285,0.2727272727272727,0.09090909090909091,0.6363636363636364,200.0,229.13936293319264,441000000000000,161.6380589419447
300,100,700,gaussian-filter,0.26348037719726564,21000000,30000,210000,70000,768.1145747868608,620000,8.228818690495881,6.643856189774724,9.451211111832329,24.323885992102934,3.0,0.42857142857142855,0.14285714285714285,0.2727272727272727,0.09090909090909091,0.6363636363636364,200.0,229.13936293319264,441000000000000,161.6380589419447
300,100,700,gst3d,4.747921752929687,21000000,30000,210000,70000,768.1145747868608,620000,8.228818690495881,6.643856189774724,9.451211111832329,24.323885992102934,3.0,0.42857142857142855,0.14285714285714285,0.2727272727272727,0.09090909090909091,0.6363636363636364,200.0,229.13936293319264,441000000000000,161.6380589419447
300,100,800,envelope,0.7281761169433594,24000000,30000,240000,80000,860.2325267042627,700000,8.228818690495881,6.643856189774724,9.643856189774725,24.516531070045332,3.0,0.375,0.125,0.25,0.08333333333333333,0.6666666666666666,200.0,229.13936293319264,576000000000000,165.691654076216
300,100,800,gaussian-filter,0.2860443115234375,24000000,30000,240000,80000,860.2325267042627,700000,8.228818690495881,6.643856189774724,9.643856189774725,24.516531070045332,3.0,0.375,0.125,0.25,0.08333333333333333,0.6666666666666666,200.0,229.13936293319264,576000000000000,165.691654076216
300,100,800,gst3d,5.413608551025391,24000000,30000,240000,80000,860.2325267042627,700000,8.228818690495881,6.643856189774724,9.643856189774725,24.516531070045332,3.0,0.375,0.125,0.25,0.08333333333333333,0.6666666666666666,200.0,229.13936293319264,576000000000000,165.691654076216
300,200,100,envelope,0.2574440002441406,6000000,60000,30000,20000,374.16573867739413,220000,8.228818690495881,7.643856189774724,6.643856189774724,22.516531070045332,1.5,3.0,2.0,0.5,0.3333333333333333,0.16666666666666666,250.0,229.13936293319264,36000000000000,133.463763441989
300,200,100,gaussian-filter,0.15188827514648437,6000000,60000,30000,20000,374.16573867739413,220000,8.228818690495881,7.643856189774724,6.643856189774724,22.516531070045332,1.5,3.0,2.0,0.5,0.3333333333333333,0.16666666666666666,250.0,229.13936293319264,36000000000000,133.463763441989
300,200,100,gst3d,1.4470718383789063,6000000,60000,30000,20000,374.16573867739413,220000,8.228818690495881,7.643856189774724,6.643856189774724,22.516531070045332,1.5,3.0,2.0,0.5,0.3333333333333333,0.16666666666666666,250.0,229.13936293319264,36000000000000,133.463763441989
300,200,200,envelope,0.4146598815917969,12000000,60000,60000,40000,412.31056256176606,320000,8.228818690495881,7.643856189774724,7.643856189774724,23.516531070045332,1.5,1.5,1.0,0.42857142857142855,0.2857142857142857,0.2857142857142857,250.0,229.13936293319264,144000000000000,141.66826948939985
300,200,200,gaussian-filter,0.19652786254882812,12000000,60000,60000,40000,412.31056256176606,320000,8.228818690495881,7.643856189774724,7.643856189774724,23.516531070045332,1.5,1.5,1.0,0.42857142857142855,0.2857142857142857,0.2857142857142857,250.0,229.13936293319264,144000000000000,141.66826948939985
300,200,200,gst3d,2.7670013427734377,12000000,60000,60000,40000,412.31056256176606,320000,8.228818690495881,7.643856189774724,7.643856189774724,23.516531070045332,1.5,1.5,1.0,0.42857142857142855,0.2857142857142857,0.2857142857142857,250.0,229.13936293319264,144000000000000,141.66826948939985
300,200,300,envelope,0.5716629028320312,18000000,60000,90000,60000,469.041575982343,420000,8.228818690495881,7.643856189774724,8.228818690495881,24.101493570766486,1.5,1.0,0.6666666666666666,0.375,0.25,0.375,250.0,229.13936293319264,324000000000000,148.292179396723
300,200,300,gaussian-filter,0.2409881591796875,18000000,60000,90000,60000,469.041575982343,420000,8.228818690495881,7.643856189774724,8.228818690495881,24.101493570766486,1.5,1.0,0.6666666666666666,0.375,0.25,0.375,250.0,229.13936293319264,324000000000000,148.292179396723
300,200,300,gst3d,4.109087371826172,18000000,60000,90000,60000,469.041575982343,420000,8.228818690495881,7.643856189774724,8.228818690495881,24.101493570766486,1.5,1.0,0.6666666666666666,0.375,0.25,0.375,250.0,229.13936293319264,324000000000000,148.292179396723
300,200,400,envelope,0.7258811950683594,24000000,60000,120000,80000,538.5164807134504,520000,8.228818690495881,7.643856189774724,8.643856189774725,24.516531070045332,1.5,0.75,0.5,0.3333333333333333,0.2222222222222222,0.4444444444444444,250.0,229.13936293319264,576000000000000,154.22548820422688
300,200,400,gaussian-filter,0.28599700927734373,24000000,60000,120000,80000,538.5164807134504,520000,8.228818690495881,7.643856189774724,8.643856189774725,24.516531070045332,1.5,0.75,0.5,0.3333333333333333,0.2222222222222222,0.4444444444444444,250.0,229.13936293319264,576000000000000,154.22548820422688
300,200,400,gst3d,5.451358795166016,24000000,60000,120000,80000,538.5164807134504,520000,8.228818690495881,7.643856189774724,8.643856189774725,24.516531070045332,1.5,0.75,0.5,0.3333333333333333,0.2222222222222222,0.4444444444444444,250.0,229.13936293319264,576000000000000,154.22548820422688
300,200,500,envelope,0.8837677001953125,30000000,60000,150000,100000,616.4414002968977,620000,8.228818690495881,7.643856189774724,8.965784284662087,24.838459164932694,1.5,0.6,0.4,0.3,0.2,0.5,250.0,229.13936293319264,900000000000000,159.60160991043807
300,200,500,gaussian-filter,0.3305015563964844,30000000,60000,150000,100000,616.4414002968977,620000,8.228818690495881,7.643856189774724,8.965784284662087,24.838459164932694,1.5,0.6,0.4,0.3,0.2,0.5,250.0,229.13936293319264,900000000000000,159.60160991043807
300,200,500,gst3d,6.79345932006836,30000000,60000,150000,100000,616.4414002968977,620000,8.228818690495881,7.643856189774724,8.965784284662087,24.838459164932694,1.5,0.6,0.4,0.3,0.2,0.5,250.0,229.13936293319264,900000000000000,159.60160991043807
300,200,600,envelope,1.0418167114257812,36000000,60000,180000,120000,700.0,720000,8.228818690495881,7.643856189774724,9.228818690495881,25.101493570766486,1.5,0.5,0.3333333333333333,0.2727272727272727,0.18181818181818182,0.5454545454545454,250.0,229.13936293319264,1296000000000000,164.47773459879545
300,200,600,gaussian-filter,0.37527008056640626,36000000,60000,180000,120000,700.0,720000,8.228818690495881,7.643856189774724,9.228818690495881,25.101493570766486,1.5,0.5,0.3333333333333333,0.2727272727272727,0.18181818181818182,0.5454545454545454,250.0,229.13936293319264,1296000000000000,164.47773459879545
300,200,600,gst3d,8.135919189453125,36000000,60000,180000,120000,700.0,720000,8.228818690495881,7.643856189774724,9.228818690495881,25.101493570766486,1.5,0.5,0.3333333333333333,0.2727272727272727,0.18181818181818182,0.5454545454545454,250.0,229.13936293319264,1296000000000000,164.47773459879545
300,200,700,envelope,1.1989875793457032,42000000,60000,210000,140000,787.4007874011811,820000,8.228818690495881,7.643856189774724,9.451211111832329,25.323885992102934,1.5,0.42857142857142855,0.2857142857142857,0.25,0.16666666666666666,0.5833333333333334,250.0,229.13936293319264,1764000000000000,168.910486046836
300,200,700,gaussian-filter,0.42003860473632815,42000000,60000,210000,140000,787.4007874011811,820000,8.228818690495881,7.643856189774724,9.451211111832329,25.323885992102934,1.5,0.42857142857142855,0.2857142857142857,0.25,0.16666666666666666,0.5833333333333334,250.0,229.13936293319264,1764000000000000,168.910486046836
300,200,700,gst3d,9.478055572509765,42000000,60000,210000,140000,787.4007874011811,820000,8.228818690495881,7.643856189774724,9.451211111832329,25.323885992102934,1.5,0.42857142857142855,0.2857142857142857,0.25,0.16666666666666666,0.5833333333333334,250.0,229.13936293319264,1764000000000000,168.910486046836
300,200,800,envelope,1.354486083984375,48000000,60000,240000,160000,877.4964387392122,920000,8.228818690495881,7.643856189774724,9.643856189774725,25.516531070045332,1.5,0.375,0.25,0.23076923076923078,0.15384615384615385,0.6153846153846154,250.0,229.13936293319264,2304000000000000,172.9564533673934
300,200,800,gaussian-filter,0.46486434936523435,48000000,60000,240000,160000,877.4964387392122,920000,8.228818690495881,7.643856189774724,9.643856189774725,25.516531070045332,1.5,0.375,0.25,0.23076923076923078,0.15384615384615385,0.6153846153846154,250.0,229.13936293319264,2304000000000000,172.9564533673934
300,200,800,gst3d,10.820321655273437,48000000,60000,240000,160000,877.4964387392122,920000,8.228818690495881,7.643856189774724,9.643856189774725,25.516531070045332,1.5,0.375,0.25,0.23076923076923078,0.15384615384615385,0.6153846153846154,250.0,229.13936293319264,2304000000000000,172.9564533673934
300,300,100,envelope,0.3344108581542969,9000000,90000,30000,30000,435.88989435406734,300000,8.228818690495881,8.228818690495881,6.643856189774724,23.101493570766486,1.0,3.0,3.0,0.42857142857142855,0.42857142857142855,0.14285714285714285,300.0,229.13936293319264,81000000000000,140.44971627767964
300,300,100,gaussian-filter,0.17415924072265626,9000000,90000,30000,30000,435.88989435406734,300000,8.228818690495881,8.228818690495881,6.643856189774724,23.101493570766486,1.0,3.0,3.0,0.42857142857142855,0.42857142857142855,0.14285714285714285,300.0,229.13936293319264,81000000000000,140.44971627767964
300,300,100,gst3d,2.0889907836914063,9000000,90000,30000,30000,435.88989435406734,300000,8.228818690495881,8.228818690495881,6.643856189774724,23.101493570766486,1.0,3.0,3.0,0.42857142857142855,0.42857142857142855,0.14285714285714285,300.0,229.13936293319264,81000000000000,140.44971627767964
300,300,200,envelope,0.5738594055175781,18000000,90000,60000,60000,469.041575982343,420000,8.228818690495881,8.228818690495881,7.643856189774724,24.101493570766486,1.0,1.5,1.5,0.375,0.375,0.25,300.0,229.13936293319264,324000000000000,148.292179396723
300,300,200,gaussian-filter,0.24091110229492188,18000000,90000,60000,60000,469.041575982343,420000,8.228818690495881,8.228818690495881,7.643856189774724,24.101493570766486,1.0,1.5,1.5,0.375,0.375,0.25,300.0,229.13936293319264,324000000000000,148.292179396723
300,300,200,gst3d,4.108500671386719,18000000,90000,60000,60000,469.041575982343,420000,8.228818690495881,8.228818690495881,7.643856189774724,24.101493570766486,1.0,1.5,1.5,0.375,0.375,0.25,300.0,229.13936293319264,324000000000000,148.292179396723
300,300,300,envelope,0.8066932678222656,27000000,90000,90000,90000,519.6152422706632,540000,8.228818690495881,8.228818690495881,8.228818690495881,24.686456071487644,1.0,1.0,1.0,0.3333333333333333,0.3333333333333333,0.3333333333333333,300.0,229.13936293319264,729000000000000,154.4140609535923
300,300,300,gaussian-filter,0.3082740783691406,27000000,90000,90000,90000,519.6152422706632,540000,8.228818690495881,8.228818690495881,8.228818690495881,24.686456071487644,1.0,1.0,1.0,0.3333333333333333,0.3333333333333333,0.3333333333333333,300.0,229.13936293319264,729000000000000,154.4140609535923
300,300,300,gst3d,6.129019165039063,27000000,90000,90000,90000,519.6152422706632,540000,8.228818690495881,8.228818690495881,8.228818690495881,24.686456071487644,1.0,1.0,1.0,0.3333333333333333,0.3333333333333333,0.3333333333333333,300.0,229.13936293319264,729000000000000,154.4140609535923
300,300,400,envelope,1.0396614074707031,36000000,90000,120000,120000,583.09518948453,660000,8.228818690495881,8.228818690495881,8.643856189774725,25.101493570766486,1.0,0.75,0.75,0.3,0.3,0.4,300.0,229.13936293319264,1296000000000000,159.898119668807
300,300,400,gaussian-filter,0.3752754211425781,36000000,90000,120000,120000,583.09518948453,660000,8.228818690495881,8.228818690495881,8.643856189774725,25.101493570766486,1.0,0.75,0.75,0.3,0.3,0.4,300.0,229.13936293319264,1296000000000000,159.898119668807
300,300,400,gst3d,8.148246765136719,36000000,90000,120000,120000,583.09518948453,660000,8.228818690495881,8.228818690495881,8.643856189774725,25.101493570766486,1.0,0.75,0.75,0.3,0.3,0.4,300.0,229.13936293319264,1296000000000000,159.898119668807
300,300,500,envelope,1.2754798889160157,45000000,90000,150000,150000,655.7438524302,780000,8.228818690495881,8.228818690495881,8.965784284662087,25.423421665653848,1.0,0.6,0.6,0.2727272727272727,0.2727272727272727,0.45454545454545453,300.0,229.13936293319264,2025000000000000,164.92921255803628
300,300,500,gaussian-filter,0.442462158203125,45000000,90000,150000,150000,655.7438524302,780000,8.228818690495881,8.228818690495881,8.965784284662087,25.423421665653848,1.0,0.6,0.6,0.2727272727272727,0.2727272727272727,0.45454545454545453,300.0,229.13936293319264,2025000000000000,164.92921255803628
300,300,500,gst3d,10.168596649169922,45000000,90000,150000,150000,655.7438524302,780000,8.228818690495881,8.228818690495881,8.965784284662087,25.423421665653848,1.0,0.6,0.6,0.2727272727272727,0.2727272727272727,0.45454545454545453,300.0,229.13936293319264,2025000000000000,164.92921255803628
300,300,600,envelope,1.5106399536132813,54000000,90000,180000,180000,734.8469228349534,900000,8.228818690495881,8.228818690495881,9.228818690495881,25.686456071487644,1.0,0.5,0.5,0.25,0.25,0.5,300.0,229.13936293319264,2916000000000000,169.55686450214046
300,300,600,gaussian-filter,0.5095420837402344,54000000,90000,180000,180000,734.8469228349534,900000,8.228818690495881,8.228818690495881,9.228818690495881,25.686456071487644,1.0,0.5,0.5,0.25,0.25,0.5,300.0,229.13936293319264,2916000000000000,169.55686450214046
300,300,600,gst3d,12.188174438476562,54000000,90000,180000,180000,734.8469228349534,900000,8.228818690495881,8.228818690495881,9.228818690495881,25.686456071487644,1.0,0.5,0.5,0.25,0.25,0.5,300.0,229.13936293319264,2916000000000000,169.55686450214046
300,300,700,envelope,1.7483253479003906,63000000,90000,210000,210000,818.535277187245,1020000,8.228818690495881,8.228818690495881,9.451211111832329,25.90884849282409,1.0,0.42857142857142855,0.42857142857142855,0.23076923076923078,0.23076923076923078,0.5384615384615384,300.0,229.13936293319264,3969000000000000,173.81566202679855
300,300,700,gaussian-filter,0.5764549255371094,63000000,90000,210000,210000,818.535277187245,1020000,8.228818690495881,8.228818690495881,9.451211111832329,25.90884849282409,1.0,0.42857142857142855,0.42857142857142855,0.23076923076923078,0.23076923076923078,0.5384615384615384,300.0,229.13936293319264,3969000000000000,173.81566202679855
300,300,700,gst3d,14.208525085449219,63000000,90000,210000,210000,818.535277187245,1020000,8.228818690495881,8.228818690495881,9.451211111832329,25.90884849282409,1.0,0.42857142857142855,0.42857142857142855,0.23076923076923078,0.23076923076923078,0.5384615384615384,300.0,229.13936293319264,3969000000000000,173.81566202679855
300,300,800,envelope,1.9827842712402344,72000000,90000,240000,240000,905.5385138137417,1140000,8.228818690495881,8.228818690495881,9.643856189774725,26.101493570766486,1.0,0.375,0.375,0.21428571428571427,0.21428571428571427,0.5714285714285714,300.0,229.13936293319264,5184000000000000,177.74160542601524
300,300,800,gaussian-filter,0.6436958312988281,72000000,90000,240000,240000,905.5385138137417,1140000,8.228818690495881,8.228818690495881,9.643856189774725,26.101493570766486,1.0,0.375,0.375,0.21428571428571427,0.21428571428571427,0.5714285714285714,300.0,229.13936293319264,5184000000000000,177.74160542601524
300,300,800,gst3d,16.22748794555664,72000000,90000,240000,240000,905.5385138137417,1140000,8.228818690495881,8.228818690495881,9.643856189774725,26.101493570766486,1.0,0.375,0.375,0.21428571428571427,0.21428571428571427,0.5714285714285714,300.0,229.13936293319264,5184000000000000,177.74160542601524
300,400,100,envelope,0.4120674133300781,12000000,120000,30000,40000,509.9019513592785,380000,8.228818690495881,8.643856189774725,6.643856189774724,23.516531070045332,0.75,3.0,4.0,0.375,0.5,0.125,350.0,229.13936293319264,144000000000000,146.65326654122597
300,400,100,gaussian-filter,0.19645614624023439,12000000,120000,30000,40000,509.9019513592785,380000,8.228818690495881,8.643856189774725,6.643856189774724,23.516531070045332,0.75,3.0,4.0,0.375,0.5,0.125,350.0,229.13936293319264,144000000000000,146.65326654122597
300,400,100,gst3d,2.754834747314453,12000000,120000,30000,40000,509.9019513592785,380000,8.228818690495881,8.643856189774725,6.643856189774724,23.516531070045332,0.75,3.0,4.0,0.375,0.5,0.125,350.0,229.13936293319264,144000000000000,146.65326654122597
300,400,200,envelope,0.7302040100097656,24000000,120000,60000,80000,538.5164807134504,520000,8.228818690495881,8.643856189774725,7.643856189774724,24.516531070045332,0.75,1.5,2.0,0.3333333333333333,0.4444444444444444,0.2222222222222222,350.0,229.13936293319264,576000000000000,154.22548820422688
300,400,200,gaussian-filter,0.28604583740234374,24000000,120000,60000,80000,538.5164807134504,520000,8.228818690495881,8.643856189774725,7.643856189774724,24.516531070045332,0.75,1.5,2.0,0.3333333333333333,0.4444444444444444,0.2222222222222222,350.0,229.13936293319264,576000000000000,154.22548820422688
300,400,200,gst3d,5.451637268066406,24000000,120000,60000,80000,538.5164807134504,520000,8.228818690495881,8.643856189774725,7.643856189774724,24.516531070045332,0.75,1.5,2.0,0.3333333333333333,0.4444444444444444,0.2222222222222222,350.0,229.13936293319264,576000000000000,154.22548820422688
300,400,300,envelope,1.0423271179199218,36000000,120000,90000,120000,583.09518948453,660000,8.228818690495881,8.643856189774725,8.228818690495881,25.101493570766486,0.75,1.0,1.3333333333333333,0.3,0.4,0.3,350.0,229.13936293319264,1296000000000000,159.898119668807
300,400,300,gaussian-filter,0.3752754211425781,36000000,120000,90000,120000,583.09518948453,660000,8.228818690495881,8.643856189774725,8.228818690495881,25.101493570766486,0.75,1.0,1.3333333333333333,0.3,0.4,0.3,350.0,229.13936293319264,1296000000000000,159.898119668807
300,400,300,gst3d,8.148558807373046,36000000,120000,90000,120000,583.09518948453,660000,8.228818690495881,8.643856189774725,8.228818690495881,25.101493570766486,0.75,1.0,1.3333333333333333,0.3,0.4,0.3,350.0,229.13936293319264,1296000000000000,159.898119668807
300,400,400,envelope,1.3549423217773438,48000000,120000,120000,160000,640.3124237432849,800000,8.228818690495881,8.643856189774725,8.643856189774725,25.516531070045332,0.75,0.75,1.0,0.2727272727272727,0.36363636363636365,0.36363636363636365,350.0,229.13936293319264,2304000000000000,164.92652568518335
300,400,400,gaussian-filter,0.46475372314453123,48000000,120000,120000,160000,640.3124237432849,800000,8.228818690495881,8.643856189774725,8.643856189774725,25.516531070045332,0.75,0.75,1.0,0.2727272727272727,0.36363636363636365,0.36363636363636365,350.0,229.13936293319264,2304000000000000,164.92652568518335
300,400,400,gst3d,10.846067810058594,48000000,120000,120000,160000,640.3124237432849,800000,8.228818690495881,8.643856189774725,8.643856189774725,25.516531070045332,0.75,0.75,1.0,0.2727272727272727,0.36363636363636365,0.36363636363636365,350.0,229.13936293319264,2304000000000000,164.92652568518335
300,400,500,envelope,1.66890869140625,60000000,120000,150000,200000,707.1067811865476,940000,8.228818690495881,8.643856189774725,8.965784284662087,25.838459164932694,0.75,0.6,0.8,0.25,0.3333333333333333,0.4166666666666667,350.0,229.13936293319264,3600000000000000,169.56734042249263
300,400,500,gaussian-filter,0.5541191101074219,60000000,120000,150000,200000,707.1067811865476,940000,8.228818690495881,8.643856189774725,8.965784284662087,25.838459164932694,0.75,0.6,0.8,0.25,0.3333333333333333,0.4166666666666667,350.0,229.13936293319264,3600000000000000,169.56734042249263
300,400,500,gst3d,13.542554473876953,60000000,120000,150000,200000,707.1067811865476,940000,8.228818690495881,8.643856189774725,8.965784284662087,25.838459164932694,0.75,0.6,0.8,0.25,0.3333333333333333,0.4166666666666667,350.0,229.13936293319264,3600000000000000,169.56734042249263
300,400,600,envelope,1.9819656372070313,72000000,120000,180000,240000,781.0249675906655,1080000,8.228818690495881,8.643856189774725,9.228818690495881,26.101493570766486,0.75,0.5,0.6666666666666666,0.23076923076923078,0.3076923076923077,0.46153846153846156,350.0,229.13936293319264,5184000000000000,173.88519203139109
300,400,600,gaussian-filter,0.6437164306640625,72000000,120000,180000,240000,781.0249675906655,1080000,8.228818690495881,8.643856189774725,9.228818690495881,26.101493570766486,0.75,0.5,0.6666666666666666,0.23076923076923078,0.3076923076923077,0.46153846153846156,350.0,229.13936293319264,5184000000000000,173.88519203139109
300,400,600,gst3d,16.240784454345704,72000000,120000,180000,240000,781.0249675906655,1080000,8.228818690495881,8.643856189774725,9.228818690495881,26.101493570766486,0.75,0.5,0.6666666666666666,0.23076923076923078,0.3076923076923077,0.46153846153846156,350.0,229.13936293319264,5184000000000000,173.88519203139109
300,400,700,envelope,2.2932418823242187,84000000,120000,210000,280000,860.2325267042627,1220000,8.228818690495881,8.643856189774725,9.451211111832329,26.323885992102934,0.75,0.42857142857142855,0.5714285714285714,0.21428571428571427,0.2857142857142857,0.5,350.0,229.13936293319264,7056000000000000,177.90641748148437
300,400,700,gaussian-filter,0.7329315185546875,84000000,120000,210000,280000,860.2325267042627,1220000,8.228818690495881,8.643856189774725,9.451211111832329,26.323885992102934,0.75,0.42857142857142855,0.5714285714285714,0.21428571428571427,0.2857142857142857,0.5,350.0,229.13936293319264,7056000000000000,177.90641748148437
300,400,700,gst3d,18.937740325927734,84000000,120000,210000,280000,860.2325267042627,1220000,8.228818690495881,8.643856189774725,9.451211111832329,26.323885992102934,0.75,0.42857142857142855,0.5714285714285714,0.21428571428571427,0.2857142857142857,0.5,350.0,229.13936293319264,7056000000000000,177.90641748148437
300,400,800,envelope,2.6051658630371093,96000000,120000,240000,320000,943.3981132056604,1360000,8.228818690495881,8.643856189774725,9.643856189774725,26.516531070045332,0.75,0.375,0.5,0.2,0.26666666666666666,0.5333333333333333,350.0,229.13936293319264,9216000000000000,181.65276377997913
300,400,800,gaussian-filter,0.8225364685058594,96000000,120000,240000,320000,943.3981132056604,1360000,8.228818690495881,8.643856189774725,9.643856189774725,26.516531070045332,0.75,0.375,0.5,0.2,0.26666666666666666,0.5333333333333333,350.0,229.13936293319264,9216000000000000,181.65276377997913
300,400,800,gst3d,21.635179138183595,96000000,120000,240000,320000,943.3981132056604,1360000,8.228818690495881,8.643856189774725,9.643856189774725,26.516531070045332,0.75,0.375,0.5,0.2,0.26666666666666666,0.5333333333333333,350.0,229.13936293319264,9216000000000000,181.65276377997913
300,500,100,envelope,0.49076385498046876,15000000,150000,30000,50000,591.6079783099616,460000,8.228818690495881,8.965784284662087,6.643856189774724,23.838459164932694,0.6,3.0,5.0,0.3333333333333333,0.5555555555555556,0.1111111111111111,400.0,229.13936293319264,225000000000000,152.19743155047576
300,500,100,gaussian-filter,0.21848983764648439,15000000,150000,30000,50000,591.6079783099616,460000,8.228818690495881,8.965784284662087,6.643856189774724,23.838459164932694,0.6,3.0,5.0,0.3333333333333333,0.5555555555555556,0.1111111111111111,400.0,229.13936293319264,225000000000000,152.19743155047576
300,500,100,gst3d,3.4186378479003907,15000000,150000,30000,50000,591.6079783099616,460000,8.228818690495881,8.965784284662087,6.643856189774724,23.838459164932694,0.6,3.0,5.0,0.3333333333333333,0.5555555555555556,0.1111111111111111,400.0,229.13936293319264,225000000000000,152.19743155047576
300,500,200,envelope,0.8881004333496094,30000000,150000,60000,100000,616.4414002968977,620000,8.228818690495881,8.965784284662087,7.643856189774724,24.838459164932694,0.6,1.5,2.5,0.3,0.5,0.2,400.0,229.13936293319264,900000000000000,159.60160991043807
300,500,200,gaussian-filter,0.3305213928222656,30000000,150000,60000,100000,616.4414002968977,620000,8.228818690495881,8.965784284662087,7.643856189774724,24.838459164932694,0.6,1.5,2.5,0.3,0.5,0.2,400.0,229.13936293319264,900000000000000,159.60160991043807
300,500,200,gst3d,6.793295288085938,30000000,150000,60000,100000,616.4414002968977,620000,8.228818690495881,8.965784284662087,7.643856189774724,24.838459164932694,0.6,1.5,2.5,0.3,0.5,0.2,400.0,229.13936293319264,900000000000000,159.60160991043807
300,500,300,envelope,1.2734588623046874,45000000,150000,90000,150000,655.7438524302,780000,8.228818690495881,8.965784284662087,8.228818690495881,25.423421665653848,0.6,1.0,1.6666666666666667,0.2727272727272727,0.45454545454545453,0.2727272727272727,400.0,229.13936293319264,2025000000000000,164.92921255803628
300,500,300,gaussian-filter,0.44239044189453125,45000000,150000,90000,150000,655.7438524302,780000,8.228818690495881,8.965784284662087,8.228818690495881,25.423421665653848,0.6,1.0,1.6666666666666667,0.2727272727272727,0.45454545454545453,0.2727272727272727,400.0,229.13936293319264,2025000000000000,164.92921255803628
300,500,300,gst3d,10.168404388427735,45000000,150000,90000,150000,655.7438524302,780000,8.228818690495881,8.965784284662087,8.228818690495881,25.423421665653848,0.6,1.0,1.6666666666666667,0.2727272727272727,0.45454545454545453,0.2727272727272727,400.0,229.13936293319264,2025000000000000,164.92921255803628
300,500,400,envelope,1.6680511474609374,60000000,150000,120000,200000,707.1067811865476,940000,8.228818690495881,8.965784284662087,8.643856189774725,25.838459164932694,0.6,0.75,1.25,0.25,0.4166666666666667,0.3333333333333333,400.0,229.13936293319264,3600000000000000,169.56734042249263
300,500,400,gaussian-filter,0.5541130065917969,60000000,150000,120000,200000,707.1067811865476,940000,8.228818690495881,8.965784284662087,8.643856189774725,25.838459164932694,0.6,0.75,1.25,0.25,0.4166666666666667,0.3333333333333333,400.0,229.13936293319264,3600000000000000,169.56734042249263
300,500,400,gst3d,13.5427001953125,60000000,150000,120000,200000,707.1067811865476,940000,8.228818690495881,8.965784284662087,8.643856189774725,25.838459164932694,0.6,0.75,1.25,0.25,0.4166666666666667,0.3333333333333333,400.0,229.13936293319264,3600000000000000,169.56734042249263
300,500,500,envelope,2.059944915771484,75000000,150000,150000,250000,768.1145747868608,1100000,8.228818690495881,8.965784284662087,8.965784284662087,26.160387259820055,0.6,0.6,1.0,0.23076923076923078,0.38461538461538464,0.38461538461538464,400.0,229.13936293319264,5625000000000000,173.84205053500645
300,500,500,gaussian-filter,0.6659103393554687,75000000,150000,150000,250000,768.1145747868608,1100000,8.228818690495881,8.965784284662087,8.965784284662087,26.160387259820055,0.6,0.6,1.0,0.23076923076923078,0.38461538461538464,0.38461538461538464,400.0,229.13936293319264,5625000000000000,173.84205053500645
300,500,500,gst3d,16.917939758300783,75000000,150000,150000,250000,768.1145747868608,1100000,8.228818690495881,8.965784284662087,8.965784284662087,26.160387259820055,0.6,0.6,1.0,0.23076923076923078,0.38461538461538464,0.38461538461538464,400.0,229.13936293319264,5625000000000000,173.84205053500645
300,500,600,envelope,2.450499725341797,90000000,150000,180000,300000,836.6600265340755,1260000,8.228818690495881,8.965784284662087,9.228818690495881,26.423421665653848,0.6,0.5,0.8333333333333334,0.21428571428571427,0.35714285714285715,0.42857142857142855,400.0,229.13936293319264,8100000000000000,177.84580744974232
300,500,600,gaussian-filter,0.7778785705566407,90000000,150000,180000,300000,836.6600265340755,1260000,8.228818690495881,8.965784284662087,9.228818690495881,26.423421665653848,0.6,0.5,0.8333333333333334,0.21428571428571427,0.35714285714285715,0.42857142857142855,400.0,229.13936293319264,8100000000000000,177.84580744974232
300,500,600,gst3d,20.292539215087892,90000000,150000,180000,300000,836.6600265340755,1260000,8.228818690495881,8.965784284662087,9.228818690495881,26.423421665653848,0.6,0.5,0.8333333333333334,0.21428571428571427,0.35714285714285715,0.42857142857142855,400.0,229.13936293319264,8100000000000000,177.84580744974232
300,500,700,envelope,2.842040252685547,105000000,150000,210000,350000,911.0433579144299,1420000,8.228818690495881,8.965784284662087,9.451211111832329,26.645814086990296,0.6,0.42857142857142855,0.7142857142857143,0.2,0.3333333333333333,0.4666666666666667,400.0,229.13936293319264,11025000000000000,181.6095428131768
300,500,700,gaussian-filter,0.8894371032714844,105000000,150000,210000,350000,911.0433579144299,1420000,8.228818690495881,8.965784284662087,9.451211111832329,26.645814086990296,0.6,0.42857142857142855,0.7142857142857143,0.2,0.3333333333333333,0.4666666666666667,400.0,229.13936293319264,11025000000000000,181.6095428131768
300,500,700,gst3d,23.667311096191405,105000000,150000,210000,350000,911.0433579144299,1420000,8.228818690495881,8.965784284662087,9.451211111832329,26.645814086990296,0.6,0.42857142857142855,0.7142857142857143,0.2,0.3333333333333333,0.4666666666666667,400.0,229.13936293319264,11025000000000000,181.6095428131768
300,500,800,envelope,3.2323211669921874,120000000,150000,240000,400000,989.9494936611666,1580000,8.228818690495881,8.965784284662087,9.643856189774725,26.838459164932694,0.6,0.375,0.625,0.1875,0.3125,0.5,400.0,229.13936293319264,14400000000000000,185.1495004625695
300,500,800,gaussian-filter,1.0013313293457031,120000000,150000,240000,400000,989.9494936611666,1580000,8.228818690495881,8.965784284662087,9.643856189774725,26.838459164932694,0.6,0.375,0.625,0.1875,0.3125,0.5,400.0,229.13936293319264,14400000000000000,185.1495004625695
300,500,800,gst3d,27.041872406005858,120000000,150000,240000,400000,989.9494936611666,1580000,8.228818690495881,8.965784284662087,9.643856189774725,26.838459164932694,0.6,0.375,0.625,0.1875,0.3125,0.5,400.0,229.13936293319264,14400000000000000,185.1495004625695
300,600,100,envelope,0.5700164794921875,18000000,180000,30000,60000,678.2329983125268,540000,8.228818690495881,9.228818690495881,6.643856189774724,24.101493570766486,0.5,3.0,6.0,0.3,0.6,0.1,450.0,229.13936293319264,324000000000000,157.1649771730334
300,600,100,gaussian-filter,0.24089813232421875,18000000,180000,30000,60000,678.2329983125268,540000,8.228818690495881,9.228818690495881,6.643856189774724,24.101493570766486,0.5,3.0,6.0,0.3,0.6,0.1,450.0,229.13936293319264,324000000000000,157.1649771730334
300,600,100,gst3d,4.083174133300782,18000000,180000,30000,60000,678.2329983125268,540000,8.228818690495881,9.228818690495881,6.643856189774724,24.101493570766486,0.5,3.0,6.0,0.3,0.6,0.1,450.0,229.13936293319264,324000000000000,157.1649771730334
300,600,200,envelope,1.0412208557128906,36000000,180000,60000,120000,700.0,720000,8.228818690495881,9.228818690495881,7.643856189774724,25.101493570766486,0.5,1.5,3.0,0.2727272727272727,0.5454545454545454,0.18181818181818182,450.0,229.13936293319264,1296000000000000,164.47773459879545
300,600,200,gaussian-filter,0.37529296875,36000000,180000,60000,120000,700.0,720000,8.228818690495881,9.228818690495881,7.643856189774724,25.101493570766486,0.5,1.5,3.0,0.2727272727272727,0.5454545454545454,0.18181818181818182,450.0,229.13936293319264,1296000000000000,164.47773459879545
300,600,200,gst3d,8.135916900634765,36000000,180000,60000,120000,700.0,720000,8.228818690495881,9.228818690495881,7.643856189774724,25.101493570766486,0.5,1.5,3.0,0.2727272727272727,0.5454545454545454,0.18181818181818182,450.0,229.13936293319264,1296000000000000,164.47773459879545
300,600,300,envelope,1.5123977661132812,54000000,180000,90000,180000,734.8469228349534,900000,8.228818690495881,9.228818690495881,8.228818690495881,25.686456071487644,0.5,1.0,2.0,0.25,0.5,0.25,450.0,229.13936293319264,2916000000000000,169.55686450214046
300,600,300,gaussian-filter,0.5094230651855469,54000000,180000,90000,180000,734.8469228349534,900000,8.228818690495881,9.228818690495881,8.228818690495881,25.686456071487644,0.5,1.0,2.0,0.25,0.5,0.25,450.0,229.13936293319264,2916000000000000,169.55686450214046
300,600,300,gst3d,12.188443756103515,54000000,180000,90000,180000,734.8469228349534,900000,8.228818690495881,9.228818690495881,8.228818690495881,25.686456071487644,0.5,1.0,2.0,0.25,0.5,0.25,450.0,229.13936293319264,2916000000000000,169.55686450214046
300,600,400,envelope,1.9805458068847657,72000000,180000,120000,240000,781.0249675906655,1080000,8.228818690495881,9.228818690495881,8.643856189774725,26.101493570766486,0.5,0.75,1.5,0.23076923076923078,0.46153846153846156,0.3076923076923077,450.0,229.13936293319264,5184000000000000,173.88519203139109
300,600,400,gaussian-filter,0.6435012817382812,72000000,180000,120000,240000,781.0249675906655,1080000,8.228818690495881,9.228818690495881,8.643856189774725,26.101493570766486,0.5,0.75,1.5,0.23076923076923078,0.46153846153846156,0.3076923076923077,450.0,229.13936293319264,5184000000000000,173.88519203139109
300,600,400,gst3d,16.24069747924805,72000000,180000,120000,240000,781.0249675906655,1080000,8.228818690495881,9.228818690495881,8.643856189774725,26.101493570766486,0.5,0.75,1.5,0.23076923076923078,0.46153846153846156,0.3076923076923077,450.0,229.13936293319264,5184000000000000,173.88519203139109
300,600,500,envelope,2.448952484130859,90000000,180000,150000,300000,836.6600265340755,1260000,8.228818690495881,9.228818690495881,8.965784284662087,26.423421665653848,0.5,0.6,1.2,0.21428571428571427,0.42857142857142855,0.35714285714285715,450.0,229.13936293319264,8100000000000000,177.84580744974232
300,600,500,gaussian-filter,0.7777450561523438,90000000,180000,150000,300000,836.6600265340755,1260000,8.228818690495881,9.228818690495881,8.965784284662087,26.423421665653848,0.5,0.6,1.2,0.21428571428571427,0.42857142857142855,0.35714285714285715,450.0,229.13936293319264,8100000000000000,177.84580744974232
300,600,500,gst3d,20.292146301269533,90000000,180000,150000,300000,836.6600265340755,1260000,8.228818690495881,9.228818690495881,8.965784284662087,26.423421665653848,0.5,0.6,1.2,0.21428571428571427,0.42857142857142855,0.35714285714285715,450.0,229.13936293319264,8100000000000000,177.84580744974232
300,600,600,envelope,2.919159698486328,108000000,180000,180000,360000,900.0,1440000,8.228818690495881,9.228818690495881,9.228818690495881,26.686456071487644,0.5,0.5,1.0,0.2,0.4,0.4,450.0,229.13936293319264,11664000000000000,181.56144418930012
300,600,600,gaussian-filter,0.9116615295410156,108000000,180000,180000,360000,900.0,1440000,8.228818690495881,9.228818690495881,9.228818690495881,26.686456071487644,0.5,0.5,1.0,0.2,0.4,0.4,450.0,229.13936293319264,11664000000000000,181.56144418930012
300,600,600,gst3d,24.344468688964845,108000000,180000,180000,360000,900.0,1440000,8.228818690495881,9.228818690495881,9.228818690495881,26.686456071487644,0.5,0.5,1.0,0.2,0.4,0.4,450.0,229.13936293319264,11664000000000000,181.56144418930012
300,600,700,envelope,3.3904098510742187,126000000,180000,210000,420000,969.5359714832658,1620000,8.228818690495881,9.228818690495881,9.451211111832329,26.90884849282409,0.5,0.42857142857142855,0.8571428571428571,0.1875,0.375,0.4375,450.0,229.13936293319264,15876000000000000,185.07498235025992
300,600,700,gaussian-filter,1.046015167236328,126000000,180000,210000,420000,969.5359714832658,1620000,8.228818690495881,9.228818690495881,9.451211111832329,26.90884849282409,0.5,0.42857142857142855,0.8571428571428571,0.1875,0.375,0.4375,450.0,229.13936293319264,15876000000000000,185.07498235025992
300,600,700,gst3d,28.397108459472655,126000000,180000,210000,420000,969.5359714832658,1620000,8.228818690495881,9.228818690495881,9.451211111832329,26.90884849282409,0.5,0.42857142857142855,0.8571428571428571,0.1875,0.375,0.4375,450.0,229.13936293319264,15876000000000000,185.07498235025992
300,600,800,envelope,3.8600624084472654,144000000,180000,240000,480000,1044.030650891055,1800000,8.228818690495881,9.228818690495881,9.643856189774725,27.101493570766486,0.5,0.375,0.75,0.17647058823529413,0.35294117647058826,0.47058823529411764,450.0,229.13936293319264,20736000000000000,188.40420352103857
300,600,800,gaussian-filter,1.1801673889160156,144000000,180000,240000,480000,1044.030650891055,1800000,8.228818690495881,9.228818690495881,9.643856189774725,27.101493570766486,0.5,0.375,0.75,0.17647058823529413,0.35294117647058826,0.47058823529411764,450.0,229.13936293319264,20736000000000000,188.40420352103857
300,600,800,gst3d,32.44905776977539,144000000,180000,240000,480000,1044.030650891055,1800000,8.228818690495881,9.228818690495881,9.643856189774725,27.101493570766486,0.5,0.375,0.75,0.17647058823529413,0.35294117647058826,0.47058823529411764,450.0,229.13936293319264,20736000000000000,188.40420352103857
300,700,100,envelope,0.6486007690429687,21000000,210000,30000,70000,768.1145747868608,620000,8.228818690495881,9.451211111832329,6.643856189774724,24.323885992102934,0.42857142857142855,3.0,7.0,0.2727272727272727,0.6363636363636364,0.09090909090909091,500.0,229.13936293319264,441000000000000,161.6380589419447
300,700,100,gaussian-filter,0.26332778930664064,21000000,210000,30000,70000,768.1145747868608,620000,8.228818690495881,9.451211111832329,6.643856189774724,24.323885992102934,0.42857142857142855,3.0,7.0,0.2727272727272727,0.6363636363636364,0.09090909090909091,500.0,229.13936293319264,441000000000000,161.6380589419447
300,700,100,gst3d,4.747998809814453,21000000,210000,30000,70000,768.1145747868608,620000,8.228818690495881,9.451211111832329,6.643856189774724,24.323885992102934,0.42857142857142855,3.0,7.0,0.2727272727272727,0.6363636363636364,0.09090909090909091,500.0,229.13936293319264,441000000000000,161.6380589419447
300,700,200,envelope,1.1960189819335938,42000000,210000,60000,140000,787.4007874011811,820000,8.228818690495881,9.451211111832329,7.643856189774724,25.323885992102934,0.42857142857142855,1.5,3.5,0.25,0.5833333333333334,0.16666666666666666,500.0,229.13936293319264,1764000000000000,168.910486046836
300,700,200,gaussian-filter,0.41993865966796873,42000000,210000,60000,140000,787.4007874011811,820000,8.228818690495881,9.451211111832329,7.643856189774724,25.323885992102934,0.42857142857142855,1.5,3.5,0.25,0.5833333333333334,0.16666666666666666,500.0,229.13936293319264,1764000000000000,168.910486046836
300,700,200,gst3d,9.478116607666015,42000000,210000,60000,140000,787.4007874011811,820000,8.228818690495881,9.451211111832329,7.643856189774724,25.323885992102934,0.42857142857142855,1.5,3.5,0.25,0.5833333333333334,0.16666666666666666,500.0,229.13936293319264,1764000000000000,168.910486046836
300,700,300,envelope,1.7474380493164063,63000000,210000,90000,210000,818.535277187245,1020000,8.228818690495881,9.451211111832329,8.228818690495881,25.90884849282409,0.42857142857142855,1.0,2.3333333333333335,0.23076923076923078,0.5384615384615384,0.23076923076923078,500.0,229.13936293319264,3969000000000000,173.81566202679855
300,700,300,gaussian-filter,0.5763076782226563,63000000,210000,90000,210000,818.535277187245,1020000,8.228818690495881,9.451211111832329,8.228818690495881,25.90884849282409,0.42857142857142855,1.0,2.3333333333333335,0.23076923076923078,0.5384615384615384,0.23076923076923078,500.0,229.13936293319264,3969000000000000,173.81566202679855
300,700,300,gst3d,14.208019256591797,63000000,210000,90000,210000,818.535277187245,1020000,8.228818690495881,9.451211111832329,8.228818690495881,25.90884849282409,0.42857142857142855,1.0,2.3333333333333335,0.23076923076923078,0.5384615384615384,0.23076923076923078,500.0,229.13936293319264,3969000000000000,173.81566202679855
300,700,400,envelope,2.29384765625,84000000,210000,120000,280000,860.2325267042627,1220000,8.228818690495881,9.451211111832329,8.643856189774725,26.323885992102934,0.42857142857142855,0.75,1.75,0.21428571428571427,0.5,0.2857142857142857,500.0,229.13936293319264,7056000000000000,177.90641748148437
300,700,400,gaussian-filter,0.7328125,84000000,210000,120000,280000,860.2325267042627,1220000,8.228818690495881,9.451211111832329,8.643856189774725,26.323885992102934,0.42857142857142855,0.75,1.75,0.21428571428571427,0.5,0.2857142857142857,500.0,229.13936293319264,7056000000000000,177.90641748148437
300,700,400,gst3d,18.9379150390625,84000000,210000,120000,280000,860.2325267042627,1220000,8.228818690495881,9.451211111832329,8.643856189774725,26.323885992102934,0.42857142857142855,0.75,1.75,0.21428571428571427,0.5,0.2857142857142857,500.0,229.13936293319264,7056000000000000,177.90641748148437
300,700,500,envelope,2.8424949645996094,105000000,210000,150000,350000,911.0433579144299,1420000,8.228818690495881,9.451211111832329,8.965784284662087,26.645814086990296,0.42857142857142855,0.6,1.4,0.2,0.4666666666666667,0.3333333333333333,500.0,229.13936293319264,11025000000000000,181.6095428131768
300,700,500,gaussian-filter,0.8893989562988281,105000000,210000,150000,350000,911.0433579144299,1420000,8.228818690495881,9.451211111832329,8.965784284662087,26.645814086990296,0.42857142857142855,0.6,1.4,0.2,0.4666666666666667,0.3333333333333333,500.0,229.13936293319264,11025000000000000,181.6095428131768
300,700,500,gst3d,23.66758041381836,105000000,210000,150000,350000,911.0433579144299,1420000,8.228818690495881,9.451211111832329,8.965784284662087,26.645814086990296,0.42857142857142855,0.6,1.4,0.2,0.4666666666666667,0.3333333333333333,500.0,229.13936293319264,11025000000000000,181.6095428131768
300,700,600,envelope,3.3903152465820314,126000000,210000,180000,420000,969.5359714832658,1620000,8.228818690495881,9.451211111832329,9.228818690495881,26.90884849282409,0.42857142857142855,0.5,1.1666666666666667,0.1875,0.4375,0.375,500.0,229.13936293319264,15876000000000000,185.07498235025992
300,700,600,gaussian-filter,1.0459091186523437,126000000,210000,180000,420000,969.5359714832658,1620000,8.228818690495881,9.451211111832329,9.228818690495881,26.90884849282409,0.42857142857142855,0.5,1.1666666666666667,0.1875,0.4375,0.375,500.0,229.13936293319264,15876000000000000,185.07498235025992
300,700,600,gst3d,28.396914672851562,126000000,210000,180000,420000,969.5359714832658,1620000,8.228818690495881,9.451211111832329,9.228818690495881,26.90884849282409,0.42857142857142855,0.5,1.1666666666666667,0.1875,0.4375,0.375,500.0,229.13936293319264,15876000000000000,185.07498235025992
300,700,700,envelope,3.9391937255859375,147000000,210000,210000,490000,1034.40804327886,1820000,8.228818690495881,9.451211111832329,9.451211111832329,27.13124091416054,0.42857142857142855,0.42857142857142855,1.0,0.17647058823529413,0.4117647058823529,0.4117647058823529,500.0,229.13936293319264,21609000000000000,188.36002028656327
300,700,700,gaussian-filter,1.2024131774902345,147000000,210000,210000,490000,1034.40804327886,1820000,8.228818690495881,9.451211111832329,9.451211111832329,27.13124091416054,0.42857142857142855,0.42857142857142855,1.0,0.17647058823529413,0.4117647058823529,0.4117647058823529,500.0,229.13936293319264,21609000000000000,188.36002028656327
300,700,700,gst3d,33.12679443359375,147000000,210000,210000,490000,1034.40804327886,1820000,8.228818690495881,9.451211111832329,9.451211111832329,27.13124091416054,0.42857142857142855,0.42857142857142855,1.0,0.17647058823529413,0.4117647058823529,0.4117647058823529,500.0,229.13936293319264,21609000000000000,188.36002028656327
300,700,800,envelope,4.486833953857422,168000000,210000,240000,560000,1104.536101718726,2020000,8.228818690495881,9.451211111832329,9.643856189774725,27.323885992102934,0.42857142857142855,0.375,0.875,0.16666666666666666,0.3888888888888889,0.4444444444444444,500.0,229.13936293319264,28224000000000000,191.48813349361868
300,700,800,gaussian-filter,1.3589485168457032,168000000,210000,240000,560000,1104.536101718726,2020000,8.228818690495881,9.451211111832329,9.643856189774725,27.323885992102934,0.42857142857142855,0.375,0.875,0.16666666666666666,0.3888888888888889,0.4444444444444444,500.0,229.13936293319264,28224000000000000,191.48813349361868
300,700,800,gst3d,37.85605010986328,168000000,210000,240000,560000,1104.536101718726,2020000,8.228818690495881,9.451211111832329,9.643856189774725,27.323885992102934,0.42857142857142855,0.375,0.875,0.16666666666666666,0.3888888888888889,0.4444444444444444,500.0,229.13936293319264,28224000000000000,191.48813349361868
300,800,100,envelope,0.7275276184082031,24000000,240000,30000,80000,860.2325267042627,700000,8.228818690495881,9.643856189774725,6.643856189774724,24.516531070045332,0.375,3.0,8.0,0.25,0.6666666666666666,0.08333333333333333,550.0,229.13936293319264,576000000000000,165.691654076216
300,800,100,gaussian-filter,0.2859954833984375,24000000,240000,30000,80000,860.2325267042627,700000,8.228818690495881,9.643856189774725,6.643856189774724,24.516531070045332,0.375,3.0,8.0,0.25,0.6666666666666666,0.08333333333333333,550.0,229.13936293319264,576000000000000,165.691654076216
300,800,100,gst3d,5.413611602783203,24000000,240000,30000,80000,860.2325267042627,700000,8.228818690495881,9.643856189774725,6.643856189774724,24.516531070045332,0.375,3.0,8.0,0.25,0.6666666666666666,0.08333333333333333,550.0,229.13936293319264,576000000000000,165.691654076216
300,800,200,envelope,1.3515403747558594,48000000,240000,60000,160000,877.4964387392122,920000,8.228818690495881,9.643856189774725,7.643856189774724,25.516531070045332,0.375,1.5,4.0,0.23076923076923078,0.6153846153846154,0.15384615384615385,550.0,229.13936293319264,2304000000000000,172.9564533673934
300,800,200,gaussian-filter,0.46474151611328124,48000000,240000,60000,160000,877.4964387392122,920000,8.228818690495881,9.643856189774725,7.643856189774724,25.516531070045332,0.375,1.5,4.0,0.23076923076923078,0.6153846153846154,0.15384615384615385,550.0,229.13936293319264,2304000000000000,172.9564533673934
300,800,200,gst3d,10.820439910888672,48000000,240000,60000,160000,877.4964387392122,920000,8.228818690495881,9.643856189774725,7.643856189774724,25.516531070045332,0.375,1.5,4.0,0.23076923076923078,0.6153846153846154,0.15384615384615385,550.0,229.13936293319264,2304000000000000,172.9564533673934
300,800,300,envelope,1.9801071166992188,72000000,240000,90000,240000,905.5385138137417,1140000,8.228818690495881,9.643856189774725,8.228818690495881,26.101493570766486,0.375,1.0,2.6666666666666665,0.21428571428571427,0.5714285714285714,0.21428571428571427,550.0,229.13936293319264,5184000000000000,177.74160542601524
300,800,300,gaussian-filter,0.6436981201171875,72000000,240000,90000,240000,905.5385138137417,1140000,8.228818690495881,9.643856189774725,8.228818690495881,26.101493570766486,0.375,1.0,2.6666666666666665,0.21428571428571427,0.5714285714285714,0.21428571428571427,550.0,229.13936293319264,5184000000000000,177.74160542601524
300,800,300,gst3d,16.22724151611328,72000000,240000,90000,240000,905.5385138137417,1140000,8.228818690495881,9.643856189774725,8.228818690495881,26.101493570766486,0.375,1.0,2.6666666666666665,0.21428571428571427,0.5714285714285714,0.21428571428571427,550.0,229.13936293319264,5184000000000000,177.74160542601524
300,800,400,envelope,2.608930206298828,96000000,240000,120000,320000,943.3981132056604,1360000,8.228818690495881,9.643856189774725,8.643856189774725,26.516531070045332,0.375,0.75,2.0,0.2,0.5333333333333333,0.26666666666666666,550.0,229.13936293319264,9216000000000000,181.65276377997913
300,800,400,gaussian-filter,0.8224029541015625,96000000,240000,120000,320000,943.3981132056604,1360000,8.228818690495881,9.643856189774725,8.643856189774725,26.516531070045332,0.375,0.75,2.0,0.2,0.5333333333333333,0.26666666666666666,550.0,229.13936293319264,9216000000000000,181.65276377997913
300,800,400,gst3d,21.634745788574218,96000000,240000,120000,320000,943.3981132056604,1360000,8.228818690495881,9.643856189774725,8.643856189774725,26.516531070045332,0.375,0.75,2.0,0.2,0.5333333333333333,0.26666666666666666,550.0,229.13936293319264,9216000000000000,181.65276377997913
300,800,500,envelope,3.235590362548828,120000000,240000,150000,400000,989.9494936611666,1580000,8.228818690495881,9.643856189774725,8.965784284662087,26.838459164932694,0.375,0.6,1.6,0.1875,0.5,0.3125,550.0,229.13936293319264,14400000000000000,185.1495004625695
300,800,500,gaussian-filter,1.0012283325195312,120000000,240000,150000,400000,989.9494936611666,1580000,8.228818690495881,9.643856189774725,8.965784284662087,26.838459164932694,0.375,0.6,1.6,0.1875,0.5,0.3125,550.0,229.13936293319264,14400000000000000,185.1495004625695
300,800,500,gst3d,27.041141510009766,120000000,240000,150000,400000,989.9494936611666,1580000,8.228818690495881,9.643856189774725,8.965784284662087,26.838459164932694,0.375,0.6,1.6,0.1875,0.5,0.3125,550.0,229.13936293319264,14400000000000000,185.1495004625695
300,800,600,envelope,3.858551025390625,144000000,240000,180000,480000,1044.030650891055,1800000,8.228818690495881,9.643856189774725,9.228818690495881,27.101493570766486,0.375,0.5,1.3333333333333333,0.17647058823529413,0.47058823529411764,0.35294117647058826,550.0,229.13936293319264,20736000000000000,188.40420352103857
300,800,600,gaussian-filter,1.1800796508789062,144000000,240000,180000,480000,1044.030650891055,1800000,8.228818690495881,9.643856189774725,9.228818690495881,27.101493570766486,0.375,0.5,1.3333333333333333,0.17647058823529413,0.47058823529411764,0.35294117647058826,550.0,229.13936293319264,20736000000000000,188.40420352103857
300,800,600,gst3d,32.449127960205075,144000000,240000,180000,480000,1044.030650891055,1800000,8.228818690495881,9.643856189774725,9.228818690495881,27.101493570766486,0.375,0.5,1.3333333333333333,0.17647058823529413,0.47058823529411764,0.35294117647058826,550.0,229.13936293319264,20736000000000000,188.40420352103857
300,800,700,envelope,4.4838920593261715,168000000,240000,210000,560000,1104.536101718726,2020000,8.228818690495881,9.643856189774725,9.451211111832329,27.323885992102934,0.375,0.42857142857142855,1.1428571428571428,0.16666666666666666,0.4444444444444444,0.3888888888888889,550.0,229.13936293319264,28224000000000000,191.48813349361868
300,800,700,gaussian-filter,1.358942413330078,168000000,240000,210000,560000,1104.536101718726,2020000,8.228818690495881,9.643856189774725,9.451211111832329,27.323885992102934,0.375,0.42857142857142855,1.1428571428571428,0.16666666666666666,0.4444444444444444,0.3888888888888889,550.0,229.13936293319264,28224000000000000,191.48813349361868
300,800,700,gst3d,37.85620956420898,168000000,240000,210000,560000,1104.536101718726,2020000,8.228818690495881,9.643856189774725,9.451211111832329,27.323885992102934,0.375,0.42857142857142855,1.1428571428571428,0.16666666666666666,0.4444444444444444,0.3888888888888889,550.0,229.13936293319264,28224000000000000,191.48813349361868
300,800,800,envelope,5.111376190185547,192000000,240000,240000,640000,1170.4699910719626,2240000,8.228818690495881,9.643856189774725,9.643856189774725,27.516531070045332,0.375,0.375,1.0,0.15789473684210525,0.42105263157894735,0.42105263157894735,550.0,229.13936293319264,36864000000000000,194.43221143259794
300,800,800,gaussian-filter,1.5377601623535155,192000000,240000,240000,640000,1170.4699910719626,2240000,8.228818690495881,9.643856189774725,9.643856189774725,27.516531070045332,0.375,0.375,1.0,0.15789473684210525,0.42105263157894735,0.42105263157894735,550.0,229.13936293319264,36864000000000000,194.43221143259794
300,800,800,gst3d,43.263973236083984,192000000,240000,240000,640000,1170.4699910719626,2240000,8.228818690495881,9.643856189774725,9.643856189774725,27.516531070045332,0.375,0.375,1.0,0.15789473684210525,0.42105263157894735,0.42105263157894735,550.0,229.13936293319264,36864000000000000,194.43221143259794
400,100,100,envelope,0.204083251953125,4000000,40000,40000,10000,424.26406871192853,180000,8.643856189774725,6.643856189774724,6.643856189774724,21.931568569324174,4.0,4.0,1.0,0.6666666666666666,0.16666666666666666,0.16666666666666666,250.0,229.13936293319264,16000000000000,132.7454312843676
400,100,100,gaussian-filter,0.13702011108398438,4000000,40000,40000,10000,424.26406871192853,180000,8.643856189774725,6.643856189774724,6.643856189774724,21.931568569324174,4.0,4.0,1.0,0.6666666666666666,0.16666666666666666,0.16666666666666666,250.0,229.13936293319264,16000000000000,132.7454312843676
400,100,100,gst3d,0.9942985534667969,4000000,40000,40000,10000,424.26406871192853,180000,8.643856189774725,6.643856189774724,6.643856189774724,21.931568569324174,4.0,4.0,1.0,0.6666666666666666,0.16666666666666666,0.16666666666666666,250.0,229.13936293319264,16000000000000,132.7454312843676
400,100,200,envelope,0.31049270629882814,8000000,40000,80000,20000,458.257569495584,280000,8.643856189774725,6.643856189774724,7.643856189774724,22.931568569324174,4.0,2.0,0.5,0.5714285714285714,0.14285714285714285,0.2857142857142857,250.0,229.13936293319264,64000000000000,140.56159967960087
400,100,200,gaussian-filter,0.16662368774414063,8000000,40000,80000,20000,458.257569495584,280000,8.643856189774725,6.643856189774724,7.643856189774724,22.931568569324174,4.0,2.0,0.5,0.5714285714285714,0.14285714285714285,0.2857142857142857,250.0,229.13936293319264,64000000000000,140.56159967960087
400,100,200,gst3d,1.897210693359375,8000000,40000,80000,20000,458.257569495584,280000,8.643856189774725,6.643856189774724,7.643856189774724,22.931568569324174,4.0,2.0,0.5,0.5714285714285714,0.14285714285714285,0.2857142857142857,250.0,229.13936293319264,64000000000000,140.56159967960087
400,100,300,envelope,0.41767578125,12000000,40000,120000,30000,509.9019513592785,380000,8.643856189774725,6.643856189774724,8.228818690495881,23.516531070045332,4.0,1.3333333333333333,0.3333333333333333,0.5,0.125,0.375,250.0,229.13936293319264,144000000000000,146.65326654122597
400,100,300,gaussian-filter,0.19633941650390624,12000000,40000,120000,30000,509.9019513592785,380000,8.643856189774725,6.643856189774724,8.228818690495881,23.516531070045332,4.0,1.3333333333333333,0.3333333333333333,0.5,0.125,0.375,250.0,229.13936293319264,144000000000000,146.65326654122597
400,100,300,gst3d,2.754904937744141,12000000,40000,120000,30000,509.9019513592785,380000,8.643856189774725,6.643856189774724,8.228818690495881,23.516531070045332,4.0,1.3333333333333333,0.3333333333333333,0.5,0.125,0.375,250.0,229.13936293319264,144000000000000,146.65326654122597
400,100,400,envelope,0.5172714233398438,16000000,40000,160000,40000,574.4562646538029,480000,8.643856189774725,6.643856189774724,8.643856189774725,23.931568569324174,4.0,1.0,0.25,0.4444444444444444,0.1111111111111111,0.4444444444444444,250.0,229.13936293319264,256000000000000,152.08902460525113
400,100,400,gaussian-filter,0.22635269165039062,16000000,40000,160000,40000,574.4562646538029,480000,8.643856189774725,6.643856189774724,8.643856189774725,23.931568569324174,4.0,1.0,0.25,0.4444444444444444,0.1111111111111111,0.4444444444444444,250.0,229.13936293319264,256000000000000,152.08902460525113
400,100,400,gst3d,3.6410751342773438,16000000,40000,160000,40000,574.4562646538029,480000,8.643856189774725,6.643856189774724,8.643856189774725,23.931568569324174,4.0,1.0,0.25,0.4444444444444444,0.1111111111111111,0.4444444444444444,250.0,229.13936293319264,256000000000000,152.08902460525113
400,100,500,envelope,0.6233207702636718,20000000,40000,200000,50000,648.074069840786,580000,8.643856189774725,6.643856189774724,8.965784284662087,24.253496664211536,4.0,0.8,0.2,0.4,0.1,0.5,250.0,229.13936293319264,400000000000000,157.05465366776156
400,100,500,gaussian-filter,0.25626220703125,20000000,40000,200000,50000,648.074069840786,580000,8.643856189774725,6.643856189774724,8.965784284662087,24.253496664211536,4.0,0.8,0.2,0.4,0.1,0.5,250.0,229.13936293319264,400000000000000,157.05465366776156
400,100,500,gst3d,4.52889404296875,20000000,40000,200000,50000,648.074069840786,580000,8.643856189774725,6.643856189774724,8.965784284662087,24.253496664211536,4.0,0.8,0.2,0.4,0.1,0.5,250.0,229.13936293319264,400000000000000,157.05465366776156
400,100,600,envelope,0.726983642578125,24000000,40000,240000,60000,728.0109889280518,680000,8.643856189774725,6.643856189774724,9.228818690495881,24.516531070045332,4.0,0.6666666666666666,0.16666666666666666,0.36363636363636365,0.09090909090909091,0.5454545454545454,250.0,229.13936293319264,576000000000000,161.60534341319234
400,100,600,gaussian-filter,0.28604965209960936,24000000,40000,240000,60000,728.0109889280518,680000,8.643856189774725,6.643856189774724,9.228818690495881,24.516531070045332,4.0,0.6666666666666666,0.16666666666666666,0.36363636363636365,0.09090909090909091,0.5454545454545454,250.0,229.13936293319264,576000000000000,161.60534341319234
400,100,600,gst3d,5.417560577392578,24000000,40000,240000,60000,728.0109889280518,680000,8.643856189774725,6.643856189774724,9.228818690495881,24.516531070045332,4.0,0.6666666666666666,0.16666666666666666,0.36363636363636365,0.09090909090909091,0.5454545454545454,250.0,229.13936293319264,576000000000000,161.60534341319234
400,100,700,envelope,0.8347282409667969,28000000,40000,280000,70000,812.403840463596,780000,8.643856189774725,6.643856189774724,9.451211111832329,24.73892349138178,4.0,0.5714285714285714,0.14285714285714285,0.3333333333333333,0.08333333333333333,0.5833333333333334,250.0,229.13936293319264,784000000000000,165.78115973863453
400,100,700,gaussian-filter,0.315985107421875,28000000,40000,280000,70000,812.403840463596,780000,8.643856189774725,6.643856189774724,9.451211111832329,24.73892349138178,4.0,0.5714285714285714,0.14285714285714285,0.3333333333333333,0.08333333333333333,0.5833333333333334,250.0,229.13936293319264,784000000000000,165.78115973863453
400,100,700,gst3d,6.305501556396484,28000000,40000,280000,70000,812.403840463596,780000,8.643856189774725,6.643856189774724,9.451211111832329,24.73892349138178,4.0,0.5714285714285714,0.14285714285714285,0.3333333333333333,0.08333333333333333,0.5833333333333334,250.0,229.13936293319264,784000000000000,165.78115973863453
400,100,800,envelope,0.9404533386230469,32000000,40000,320000,80000,900.0,880000,8.643856189774725,6.643856189774724,9.643856189774725,24.931568569324174,4.0,0.5,0.125,0.3076923076923077,0.07692307692307693,0.6153846153846154,250.0,229.13936293319264,1024000000000000,169.6220578418198
400,100,800,gaussian-filter,0.3456443786621094,32000000,40000,320000,80000,900.0,880000,8.643856189774725,6.643856189774724,9.643856189774725,24.931568569324174,4.0,0.5,0.125,0.3076923076923077,0.07692307692307693,0.6153846153846154,250.0,229.13936293319264,1024000000000000,169.6220578418198
400,100,800,gst3d,7.1931404113769535,32000000,40000,320000,80000,900.0,880000,8.643856189774725,6.643856189774724,9.643856189774725,24.931568569324174,4.0,0.5,0.125,0.3076923076923077,0.07692307692307693,0.6153846153846154,250.0,229.13936293319264,1024000000000000,169.6220578418198
400,200,100,envelope,0.31140823364257814,8000000,80000,40000,20000,458.257569495584,280000,8.643856189774725,7.643856189774724,6.643856189774724,22.931568569324174,2.0,4.0,2.0,0.5714285714285714,0.2857142857142857,0.14285714285714285,300.0,229.13936293319264,64000000000000,140.56159967960087
400,200,100,gaussian-filter,0.16643218994140624,8000000,80000,40000,20000,458.257569495584,280000,8.643856189774725,7.643856189774724,6.643856189774724,22.931568569324174,2.0,4.0,2.0,0.5714285714285714,0.2857142857142857,0.14285714285714285,300.0,229.13936293319264,64000000000000,140.56159967960087
400,200,100,gst3d,1.8973403930664063,8000000,80000,40000,20000,458.257569495584,280000,8.643856189774725,7.643856189774724,6.643856189774724,22.931568569324174,2.0,4.0,2.0,0.5714285714285714,0.2857142857142857,0.14285714285714285,300.0,229.13936293319264,64000000000000,140.56159967960087
400,200,200,envelope,0.5147216796875,16000000,80000,80000,40000,489.89794855663564,400000,8.643856189774725,7.643856189774724,7.643856189774724,23.931568569324174,2.0,2.0,1.0,0.5,0.25,0.25,300.0,229.13936293319264,256000000000000,148.28565297846086
400,200,200,gaussian-filter,0.22627105712890624,16000000,80000,80000,40000,489.89794855663564,400000,8.643856189774725,7.643856189774724,7.643856189774724,23.931568569324174,2.0,2.0,1.0,0.5,0.25,0.25,300.0,229.13936293319264,256000000000000,148.28565297846086
400,200,200,gst3d,3.6588592529296875,16000000,80000,80000,40000,489.89794855663564,400000,8.643856189774725,7.643856189774724,7.643856189774724,23.931568569324174,2.0,2.0,1.0,0.5,0.25,0.25,300.0,229.13936293319264,256000000000000,148.28565297846086
400,200,300,envelope,0.7293922424316406,24000000,80000,120000,60000,538.5164807134504,520000,8.643856189774725,7.643856189774724,8.228818690495881,24.516531070045332,2.0,1.3333333333333333,0.6666666666666666,0.4444444444444444,0.2222222222222222,0.3333333333333333,300.0,229.13936293319264,576000000000000,154.22548820422688
400,200,300,gaussian-filter,0.28595733642578125,24000000,80000,120000,60000,538.5164807134504,520000,8.643856189774725,7.643856189774724,8.228818690495881,24.516531070045332,2.0,1.3333333333333333,0.6666666666666666,0.4444444444444444,0.2222222222222222,0.3333333333333333,300.0,229.13936293319264,576000000000000,154.22548820422688
400,200,300,gst3d,5.451636505126953,24000000,80000,120000,60000,538.5164807134504,520000,8.643856189774725,7.643856189774724,8.228818690495881,24.516531070045332,2.0,1.3333333333333333,0.6666666666666666,0.4444444444444444,0.2222222222222222,0.3333333333333333,300.0,229.13936293319264,576000000000000,154.22548820422688
400,200,400,envelope,0.9358009338378906,32000000,80000,160000,80000,600.0,640000,8.643856189774725,7.643856189774724,8.643856189774725,24.931568569324174,2.0,1.0,0.5,0.4,0.2,0.4,300.0,229.13936293319264,1024000000000000,159.52700835769485
400,200,400,gaussian-filter,0.34543304443359374,32000000,80000,160000,80000,600.0,640000,8.643856189774725,7.643856189774724,8.643856189774725,24.931568569324174,2.0,1.0,0.5,0.4,0.2,0.4,300.0,229.13936293319264,1024000000000000,159.52700835769485
400,200,400,gst3d,7.2431793212890625,32000000,80000,160000,80000,600.0,640000,8.643856189774725,7.643856189774724,8.643856189774725,24.931568569324174,2.0,1.0,0.5,0.4,0.2,0.4,300.0,229.13936293319264,1024000000000000,159.52700835769485
400,200,500,envelope,1.1465354919433595,40000000,80000,200000,100000,670.820393249937,760000,8.643856189774725,7.643856189774724,8.965784284662087,25.253496664211536,2.0,0.8,0.4,0.36363636363636365,0.18181818181818182,0.45454545454545453,300.0,229.13936293319264,1600000000000000,164.40003683212797
400,200,500,gaussian-filter,0.40518646240234374,40000000,80000,200000,100000,670.820393249937,760000,8.643856189774725,7.643856189774724,8.965784284662087,25.253496664211536,2.0,0.8,0.4,0.36363636363636365,0.18181818181818182,0.45454545454545453,300.0,229.13936293319264,1600000000000000,164.40003683212797
400,200,500,gst3d,9.036791229248047,40000000,80000,200000,100000,670.820393249937,760000,8.643856189774725,7.643856189774724,8.965784284662087,25.253496664211536,2.0,0.8,0.4,0.36363636363636365,0.18181818181818182,0.45454545454545453,300.0,229.13936293319264,1600000000000000,164.40003683212797
400,200,600,envelope,1.3540267944335938,48000000,80000,240000,120000,748.3314773547883,880000,8.643856189774725,7.643856189774724,9.228818690495881,25.516531070045332,2.0,0.6666666666666666,0.3333333333333333,0.3333333333333333,0.16666666666666666,0.5,300.0,229.13936293319264,2304000000000000,168.89854901243746
400,200,600,gaussian-filter,0.4648582458496094,48000000,80000,240000,120000,748.3314773547883,880000,8.643856189774725,7.643856189774724,9.228818690495881,25.516531070045332,2.0,0.6666666666666666,0.3333333333333333,0.3333333333333333,0.16666666666666666,0.5,300.0,229.13936293319264,2304000000000000,168.89854901243746
400,200,600,gst3d,10.828496551513672,48000000,80000,240000,120000,748.3314773547883,880000,8.643856189774725,7.643856189774724,9.228818690495881,25.516531070045332,2.0,0.6666666666666666,0.3333333333333333,0.3333333333333333,0.16666666666666666,0.5,300.0,229.13936293319264,2304000000000000,168.89854901243746
400,200,700,envelope,1.5657920837402344,56000000,80000,280000,140000,830.6623862918075,1000000,8.643856189774725,7.643856189774724,9.451211111832329,25.73892349138178,2.0,0.5714285714285714,0.2857142857142857,0.3076923076923077,0.15384615384615385,0.5384615384615384,300.0,229.13936293319264,3136000000000000,173.05376215621723
400,200,700,gaussian-filter,0.5245735168457031,56000000,80000,280000,140000,830.6623862918075,1000000,8.643856189774725,7.643856189774724,9.451211111832329,25.73892349138178,2.0,0.5714285714285714,0.2857142857142857,0.3076923076923077,0.15384615384615385,0.5384615384615384,300.0,229.13936293319264,3136000000000000,173.05376215621723
400,200,700,gst3d,12.621051788330078,56000000,80000,280000,140000,830.6623862918075,1000000,8.643856189774725,7.643856189774724,9.451211111832329,25.73892349138178,2.0,0.5714285714285714,0.2857142857142857,0.3076923076923077,0.15384615384615385,0.5384615384615384,300.0,229.13936293319264,3136000000000000,173.05376215621723
400,200,800,envelope,1.7715873718261719,64000000,80000,320000,160000,916.515138991168,1120000,8.643856189774725,7.643856189774724,9.643856189774725,25.931568569324174,2.0,0.5,0.25,0.2857142857142857,0.14285714285714285,0.5714285714285714,300.0,229.13936293319264,4096000000000000,176.8965795066965
400,200,800,gaussian-filter,0.5841560363769531,64000000,80000,320000,160000,916.515138991168,1120000,8.643856189774725,7.643856189774724,9.643856189774725,25.931568569324174,2.0,0.5,0.25,0.2857142857142857,0.14285714285714285,0.5714285714285714,300.0,229.13936293319264,4096000000000000,176.8965795066965
400,200,800,gst3d,14.414570617675782,64000000,80000,320000,160000,916.515138991168,1120000,8.643856189774725,7.643856189774724,9.643856189774725,25.931568569324174,2.0,0.5,0.25,0.2857142857142857,0.14285714285714285,0.5714285714285714,300.0,229.13936293319264,4096000000000000,176.8965795066965
400,300,100,envelope,0.41113128662109377,12000000,120000,40000,30000,509.9019513592785,380000,8.643856189774725,8.228818690495881,6.643856189774724,23.516531070045332,1.3333333333333333,4.0,3.0,0.5,0.375,0.125,350.0,229.13936293319264,144000000000000,146.65326654122597
400,300,100,gaussian-filter,0.19643936157226563,12000000,120000,40000,30000,509.9019513592785,380000,8.643856189774725,8.228818690495881,6.643856189774724,23.516531070045332,1.3333333333333333,4.0,3.0,0.5,0.375,0.125,350.0,229.13936293319264,144000000000000,146.65326654122597
400,300,100,gst3d,2.754904937744141,12000000,120000,40000,30000,509.9019513592785,380000,8.643856189774725,8.228818690495881,6.643856189774724,23.516531070045332,1.3333333333333333,4.0,3.0,0.5,0.375,0.125,350.0,229.13936293319264,144000000000000,146.65326654122597
400,300,200,envelope,0.7248268127441406,24000000,120000,80000,60000,538.5164807134504,520000,8.643856189774725,8.228818690495881,7.643856189774724,24.516531070045332,1.3333333333333333,2.0,1.5,0.4444444444444444,0.3333333333333333,0.2222222222222222,350.0,229.13936293319264,576000000000000,154.22548820422688
400,300,200,gaussian-filter,0.2859931945800781,24000000,120000,80000,60000,538.5164807134504,520000,8.643856189774725,8.228818690495881,7.643856189774724,24.516531070045332,1.3333333333333333,2.0,1.5,0.4444444444444444,0.3333333333333333,0.2222222222222222,350.0,229.13936293319264,576000000000000,154.22548820422688
400,300,200,gst3d,5.451318359375,24000000,120000,80000,60000,538.5164807134504,520000,8.643856189774725,8.228818690495881,7.643856189774724,24.516531070045332,1.3333333333333333,2.0,1.5,0.4444444444444444,0.3333333333333333,0.2222222222222222,350.0,229.13936293319264,576000000000000,154.22548820422688
400,300,300,envelope,1.0436981201171875,36000000,120000,120000,90000,583.09518948453,660000,8.643856189774725,8.228818690495881,8.228818690495881,25.101493570766486,1.3333333333333333,1.3333333333333333,1.0,0.4,0.3,0.3,350.0,229.13936293319264,1296000000000000,159.898119668807
400,300,300,gaussian-filter,0.37521896362304685,36000000,120000,120000,90000,583.09518948453,660000,8.643856189774725,8.228818690495881,8.228818690495881,25.101493570766486,1.3333333333333333,1.3333333333333333,1.0,0.4,0.3,0.3,350.0,229.13936293319264,1296000000000000,159.898119668807
400,300,300,gst3d,8.148724365234376,36000000,120000,120000,90000,583.09518948453,660000,8.643856189774725,8.228818690495881,8.228818690495881,25.101493570766486,1.3333333333333333,1.3333333333333333,1.0,0.4,0.3,0.3,350.0,229.13936293319264,1296000000000000,159.898119668807
400,300,400,envelope,1.35550537109375,48000000,120000,160000,120000,640.3124237432849,800000,8.643856189774725,8.228818690495881,8.643856189774725,25.516531070045332,1.3333333333333333,1.0,0.75,0.36363636363636365,0.2727272727272727,0.36363636363636365,350.0,229.13936293319264,2304000000000000,164.92652568518335
400,300,400,gaussian-filter,0.4646728515625,48000000,120000,160000,120000,640.3124237432849,800000,8.643856189774725,8.228818690495881,8.643856189774725,25.516531070045332,1.3333333333333333,1.0,0.75,0.36363636363636365,0.2727272727272727,0.36363636363636365,350.0,229.13936293319264,2304000000000000,164.92652568518335
400,300,400,gst3d,10.845281982421875,48000000,120000,160000,120000,640.3124237432849,800000,8.643856189774725,8.228818690495881,8.643856189774725,25.516531070045332,1.3333333333333333,1.0,0.75,0.36363636363636365,0.2727272727272727,0.36363636363636365,350.0,229.13936293319264,2304000000000000,164.92652568518335
400,300,500,envelope,1.6663131713867188,60000000,120000,200000,150000,707.1067811865476,940000,8.643856189774725,8.228818690495881,8.965784284662087,25.838459164932694,1.3333333333333333,0.8,0.6,0.3333333333333333,0.25,0.4166666666666667,350.0,229.13936293319264,3600000000000000,169.56734042249263
400,300,500,gaussian-filter,0.5541107177734375,60000000,120000,200000,150000,707.1067811865476,940000,8.643856189774725,8.228818690495881,8.965784284662087,25.838459164932694,1.3333333333333333,0.8,0.6,0.3333333333333333,0.25,0.4166666666666667,350.0,229.13936293319264,3600000000000000,169.56734042249263
400,300,500,gst3d,13.542898559570313,60000000,120000,200000,150000,707.1067811865476,940000,8.643856189774725,8.228818690495881,8.965784284662087,25.838459164932694,1.3333333333333333,0.8,0.6,0.3333333333333333,0.25,0.4166666666666667,350.0,229.13936293319264,3600000000000000,169.56734042249263
400,300,600,envelope,1.982018280029297,72000000,120000,240000,180000,781.0249675906655,1080000,8.643856189774725,8.228818690495881,9.228818690495881,26.101493570766486,1.3333333333333333,0.6666666666666666,0.5,0.3076923076923077,0.23076923076923078,0.46153846153846156,350.0,229.13936293319264,5184000000000000,173.88519203139109
400,300,600,gaussian-filter,0.6437286376953125,72000000,120000,240000,180000,781.0249675906655,1080000,8.643856189774725,8.228818690495881,9.228818690495881,26.101493570766486,1.3333333333333333,0.6666666666666666,0.5,0.3076923076923077,0.23076923076923078,0.46153846153846156,350.0,229.13936293319264,5184000000000000,173.88519203139109
400,300,600,gst3d,16.240779876708984,72000000,120000,240000,180000,781.0249675906655,1080000,8.643856189774725,8.228818690495881,9.228818690495881,26.101493570766486,1.3333333333333333,0.6666666666666666,0.5,0.3076923076923077,0.23076923076923078,0.46153846153846156,350.0,229.13936293319264,5184000000000000,173.88519203139109
400,300,700,envelope,2.2926872253417967,84000000,120000,280000,210000,860.2325267042627,1220000,8.643856189774725,8.228818690495881,9.451211111832329,26.323885992102934,1.3333333333333333,0.5714285714285714,0.42857142857142855,0.2857142857142857,0.21428571428571427,0.5,350.0,229.13936293319264,7056000000000000,177.90641748148437
400,300,700,gaussian-filter,0.732928466796875,84000000,120000,280000,210000,860.2325267042627,1220000,8.643856189774725,8.228818690495881,9.451211111832329,26.323885992102934,1.3333333333333333,0.5714285714285714,0.42857142857142855,0.2857142857142857,0.21428571428571427,0.5,350.0,229.13936293319264,7056000000000000,177.90641748148437
400,300,700,gst3d,18.937584686279298,84000000,120000,280000,210000,860.2325267042627,1220000,8.643856189774725,8.228818690495881,9.451211111832329,26.323885992102934,1.3333333333333333,0.5714285714285714,0.42857142857142855,0.2857142857142857,0.21428571428571427,0.5,350.0,229.13936293319264,7056000000000000,177.90641748148437
400,300,800,envelope,2.606365966796875,96000000,120000,320000,240000,943.3981132056604,1360000,8.643856189774725,8.228818690495881,9.643856189774725,26.516531070045332,1.3333333333333333,0.5,0.375,0.26666666666666666,0.2,0.5333333333333333,350.0,229.13936293319264,9216000000000000,181.65276377997913
400,300,800,gaussian-filter,0.82255859375,96000000,120000,320000,240000,943.3981132056604,1360000,8.643856189774725,8.228818690495881,9.643856189774725,26.516531070045332,1.3333333333333333,0.5,0.375,0.26666666666666666,0.2,0.5333333333333333,350.0,229.13936293319264,9216000000000000,181.65276377997913
400,300,800,gst3d,21.635007476806642,96000000,120000,320000,240000,943.3981132056604,1360000,8.643856189774725,8.228818690495881,9.643856189774725,26.516531070045332,1.3333333333333333,0.5,0.375,0.26666666666666666,0.2,0.5333333333333333,350.0,229.13936293319264,9216000000000000,181.65276377997913
400,400,100,envelope,0.5183059692382812,16000000,160000,40000,40000,574.4562646538029,480000,8.643856189774725,8.643856189774725,6.643856189774724,23.931568569324174,1.0,4.0,4.0,0.4444444444444444,0.4444444444444444,0.1111111111111111,400.0,229.13936293319264,256000000000000,152.08902460525113
400,400,100,gaussian-filter,0.226287841796875,16000000,160000,40000,40000,574.4562646538029,480000,8.643856189774725,8.643856189774725,6.643856189774724,23.931568569324174,1.0,4.0,4.0,0.4444444444444444,0.4444444444444444,0.1111111111111111,400.0,229.13936293319264,256000000000000,152.08902460525113
400,400,100,gst3d,3.6411537170410155,16000000,160000,40000,40000,574.4562646538029,480000,8.643856189774725,8.643856189774725,6.643856189774724,23.931568569324174,1.0,4.0,4.0,0.4444444444444444,0.4444444444444444,0.1111111111111111,400.0,229.13936293319264,256000000000000,152.08902460525113
400,400,200,envelope,0.9366012573242187,32000000,160000,80000,80000,600.0,640000,8.643856189774725,8.643856189774725,7.643856189774724,24.931568569324174,1.0,2.0,2.0,0.4,0.4,0.2,400.0,229.13936293319264,1024000000000000,159.52700835769485
400,400,200,gaussian-filter,0.34554367065429686,32000000,160000,80000,80000,600.0,640000,8.643856189774725,8.643856189774725,7.643856189774724,24.931568569324174,1.0,2.0,2.0,0.4,0.4,0.2,400.0,229.13936293319264,1024000000000000,159.52700835769485
400,400,200,gst3d,7.244012451171875,32000000,160000,80000,80000,600.0,640000,8.643856189774725,8.643856189774725,7.643856189774724,24.931568569324174,1.0,2.0,2.0,0.4,0.4,0.2,400.0,229.13936293319264,1024000000000000,159.52700835769485
400,400,300,envelope,1.3529693603515625,48000000,160000,120000,120000,640.3124237432849,800000,8.643856189774725,8.643856189774725,8.228818690495881,25.516531070045332,1.0,1.3333333333333333,1.3333333333333333,0.36363636363636365,0.36363636363636365,0.2727272727272727,400.0,229.13936293319264,2304000000000000,164.92652568518335
400,400,300,gaussian-filter,0.4647377014160156,48000000,160000,120000,120000,640.3124237432849,800000,8.643856189774725,8.643856189774725,8.228818690495881,25.516531070045332,1.0,1.3333333333333333,1.3333333333333333,0.36363636363636365,0.36363636363636365,0.2727272727272727,400.0,229.13936293319264,2304000000000000,164.92652568518335
400,400,300,gst3d,10.845772552490235,48000000,160000,120000,120000,640.3124237432849,800000,8.643856189774725,8.643856189774725,8.228818690495881,25.516531070045332,1.0,1.3333333333333333,1.3333333333333333,0.36363636363636365,0.36363636363636365,0.2727272727272727,400.0,229.13936293319264,2304000000000000,164.92652568518335
400,400,400,envelope,1.7713600158691407,64000000,160000,160000,160000,692.8203230275509,960000,8.643856189774725,8.643856189774725,8.643856189774725,25.931568569324174,1.0,1.0,1.0,0.3333333333333333,0.3333333333333333,0.3333333333333333,400.0,229.13936293319264,4096000000000000,169.64984569050375
400,400,400,gaussian-filter,0.5838859558105469,64000000,160000,160000,160000,692.8203230275509,960000,8.643856189774725,8.643856189774725,8.643856189774725,25.931568569324174,1.0,1.0,1.0,0.3333333333333333,0.3333333333333333,0.3333333333333333,400.0,229.13936293319264,4096000000000000,169.64984569050375
400,400,400,gst3d,14.447705078125,64000000,160000,160000,160000,692.8203230275509,960000,8.643856189774725,8.643856189774725,8.643856189774725,25.931568569324174,1.0,1.0,1.0,0.3333333333333333,0.3333333333333333,0.3333333333333333,400.0,229.13936293319264,4096000000000000,169.64984569050375
400,400,500,envelope,2.191997528076172,80000000,160000,200000,200000,754.983443527075,1120000,8.643856189774725,8.643856189774725,8.965784284662087,26.253496664211536,1.0,0.8,0.8,0.3076923076923077,0.3076923076923077,0.38461538461538464,400.0,229.13936293319264,6400000000000000,174.00868719938015
400,400,500,gaussian-filter,0.7030738830566406,80000000,160000,200000,200000,754.983443527075,1120000,8.643856189774725,8.643856189774725,8.965784284662087,26.253496664211536,1.0,0.8,0.8,0.3076923076923077,0.3076923076923077,0.38461538461538464,400.0,229.13936293319264,6400000000000000,174.00868719938015
400,400,500,gst3d,18.049723815917968,80000000,160000,200000,200000,754.983443527075,1120000,8.643856189774725,8.643856189774725,8.965784284662087,26.253496664211536,1.0,0.8,0.8,0.3076923076923077,0.3076923076923077,0.38461538461538464,400.0,229.13936293319264,6400000000000000,174.00868719938015
400,400,600,envelope,2.607941436767578,96000000,160000,240000,240000,824.6211251235321,1280000,8.643856189774725,8.643856189774725,9.228818690495881,26.516531070045332,1.0,0.6666666666666666,0.6666666666666666,0.2857142857142857,0.2857142857142857,0.42857142857142855,400.0,229.13936293319264,9216000000000000,178.08862843738208
400,400,600,gaussian-filter,0.8225273132324219,96000000,160000,240000,240000,824.6211251235321,1280000,8.643856189774725,8.643856189774725,9.228818690495881,26.516531070045332,1.0,0.6666666666666666,0.6666666666666666,0.2857142857142857,0.2857142857142857,0.42857142857142855,400.0,229.13936293319264,9216000000000000,178.08862843738208
400,400,600,gst3d,21.6524169921875,96000000,160000,240000,240000,824.6211251235321,1280000,8.643856189774725,8.643856189774725,9.228818690495881,26.516531070045332,1.0,0.6666666666666666,0.6666666666666666,0.2857142857142857,0.2857142857142857,0.42857142857142855,400.0,229.13936293319264,9216000000000000,178.08862843738208
400,400,700,envelope,3.0265968322753904,112000000,160000,280000,280000,900.0,1440000,8.643856189774725,8.643856189774725,9.451211111832329,26.73892349138178,1.0,0.5714285714285714,0.5714285714285714,0.26666666666666666,0.26666666666666666,0.4666666666666667,400.0,229.13936293319264,12544000000000000,181.91840655640303
400,400,700,gaussian-filter,0.9416244506835938,112000000,160000,280000,280000,900.0,1440000,8.643856189774725,8.643856189774725,9.451211111832329,26.73892349138178,1.0,0.5714285714285714,0.5714285714285714,0.26666666666666666,0.26666666666666666,0.4666666666666667,400.0,229.13936293319264,12544000000000000,181.91840655640303
400,400,700,gst3d,25.253839874267577,112000000,160000,280000,280000,900.0,1440000,8.643856189774725,8.643856189774725,9.451211111832329,26.73892349138178,1.0,0.5714285714285714,0.5714285714285714,0.26666666666666666,0.26666666666666666,0.4666666666666667,400.0,229.13936293319264,12544000000000000,181.91840655640303
400,400,800,envelope,3.4428367614746094,128000000,160000,320000,320000,979.7958971132713,1600000,8.643856189774725,8.643856189774725,9.643856189774725,26.931568569324174,1.0,0.5,0.5,0.25,0.25,0.5,400.0,229.13936293319264,16384000000000000,185.51445768348705
400,400,800,gaussian-filter,1.0607322692871093,128000000,160000,320000,320000,979.7958971132713,1600000,8.643856189774725,8.643856189774725,9.643856189774725,26.931568569324174,1.0,0.5,0.5,0.25,0.25,0.5,400.0,229.13936293319264,16384000000000000,185.51445768348705
400,400,800,gst3d,28.855835723876954,128000000,160000,320000,320000,979.7958971132713,1600000,8.643856189774725,8.643856189774725,9.643856189774725,26.931568569324174,1.0,0.5,0.5,0.25,0.25,0.5,400.0,229.13936293319264,16384000000000000,185.51445768348705
400,500,100,envelope,0.6249099731445312,20000000,200000,40000,50000,648.074069840786,580000,8.643856189774725,8.965784284662087,6.643856189774724,24.253496664211536,0.8,4.0,5.0,0.4,0.5,0.1,450.0,229.13936293319264,400000000000000,157.05465366776156
400,500,100,gaussian-filter,0.25625152587890626,20000000,200000,40000,50000,648.074069840786,580000,8.643856189774725,8.965784284662087,6.643856189774724,24.253496664211536,0.8,4.0,5.0,0.4,0.5,0.1,450.0,229.13936293319264,400000000000000,157.05465366776156
400,500,100,gst3d,4.529389953613281,20000000,200000,40000,50000,648.074069840786,580000,8.643856189774725,8.965784284662087,6.643856189774724,24.253496664211536,0.8,4.0,5.0,0.4,0.5,0.1,450.0,229.13936293319264,400000000000000,157.05465366776156
400,500,200,envelope,1.14317626953125,40000000,200000,80000,100000,670.820393249937,760000,8.643856189774725,8.965784284662087,7.643856189774724,25.253496664211536,0.8,2.0,2.5,0.36363636363636365,0.45454545454545453,0.18181818181818182,450.0,229.13936293319264,1600000000000000,164.40003683212797
400,500,200,gaussian-filter,0.4051704406738281,40000000,200000,80000,100000,670.820393249937,760000,8.643856189774725,8.965784284662087,7.643856189774724,25.253496664211536,0.8,2.0,2.5,0.36363636363636365,0.45454545454545453,0.18181818181818182,450.0,229.13936293319264,1600000000000000,164.40003683212797
400,500,200,gst3d,9.036542510986328,40000000,200000,80000,100000,670.820393249937,760000,8.643856189774725,8.965784284662087,7.643856189774724,25.253496664211536,0.8,2.0,2.5,0.36363636363636365,0.45454545454545453,0.18181818181818182,450.0,229.13936293319264,1600000000000000,164.40003683212797
400,500,300,envelope,1.667047119140625,60000000,200000,120000,150000,707.1067811865476,940000,8.643856189774725,8.965784284662087,8.228818690495881,25.838459164932694,0.8,1.3333333333333333,1.6666666666666667,0.3333333333333333,0.4166666666666667,0.25,450.0,229.13936293319264,3600000000000000,169.56734042249263
400,500,300,gaussian-filter,0.5539962768554687,60000000,200000,120000,150000,707.1067811865476,940000,8.643856189774725,8.965784284662087,8.228818690495881,25.838459164932694,0.8,1.3333333333333333,1.6666666666666667,0.3333333333333333,0.4166666666666667,0.25,450.0,229.13936293319264,3600000000000000,169.56734042249263
400,500,300,gst3d,13.543212890625,60000000,200000,120000,150000,707.1067811865476,940000,8.643856189774725,8.965784284662087,8.228818690495881,25.838459164932694,0.8,1.3333333333333333,1.6666666666666667,0.3333333333333333,0.4166666666666667,0.25,450.0,229.13936293319264,3600000000000000,169.56734042249263
400,500,400,envelope,2.1888877868652346,80000000,200000,160000,200000,754.983443527075,1120000,8.643856189774725,8.965784284662087,8.643856189774725,26.253496664211536,0.8,1.0,1.25,0.3076923076923077,0.38461538461538464,0.3076923076923077,450.0,229.13936293319264,6400000000000000,174.00868719938015
400,500,400,gaussian-filter,0.7030128479003906,80000000,200000,160000,200000,754.983443527075,1120000,8.643856189774725,8.965784284662087,8.643856189774725,26.253496664211536,0.8,1.0,1.25,0.3076923076923077,0.38461538461538464,0.3076923076923077,450.0,229.13936293319264,6400000000000000,174.00868719938015
400,500,400,gst3d,18.049874114990235,80000000,200000,160000,200000,754.983443527075,1120000,8.643856189774725,8.965784284662087,8.643856189774725,26.253496664211536,0.8,1.0,1.25,0.3076923076923077,0.38461538461538464,0.3076923076923077,450.0,229.13936293319264,6400000000000000,174.00868719938015
400,500,500,envelope,2.710833740234375,100000000,200000,200000,250000,812.403840463596,1300000,8.643856189774725,8.965784284662087,8.965784284662087,26.575424759098897,0.8,0.8,1.0,0.2857142857142857,0.35714285714285715,0.35714285714285715,450.0,229.13936293319264,10000000000000000,178.08797293241312
400,500,500,gaussian-filter,0.8522796630859375,100000000,200000,200000,250000,812.403840463596,1300000,8.643856189774725,8.965784284662087,8.965784284662087,26.575424759098897,0.8,0.8,1.0,0.2857142857142857,0.35714285714285715,0.35714285714285715,450.0,229.13936293319264,10000000000000000,178.08797293241312
400,500,500,gst3d,22.555616760253905,100000000,200000,200000,250000,812.403840463596,1300000,8.643856189774725,8.965784284662087,8.965784284662087,26.575424759098897,0.8,0.8,1.0,0.2857142857142857,0.35714285714285715,0.35714285714285715,450.0,229.13936293319264,10000000000000000,178.08797293241312
400,500,600,envelope,3.2344764709472655,120000000,200000,240000,300000,877.4964387392122,1480000,8.643856189774725,8.965784284662087,9.228818690495881,26.838459164932694,0.8,0.6666666666666666,0.8333333333333334,0.26666666666666666,0.3333333333333333,0.4,450.0,229.13936293319264,14400000000000000,181.916762050059
400,500,600,gaussian-filter,1.0012519836425782,120000000,200000,240000,300000,877.4964387392122,1480000,8.643856189774725,8.965784284662087,9.228818690495881,26.838459164932694,0.8,0.6666666666666666,0.8333333333333334,0.26666666666666666,0.3333333333333333,0.4,450.0,229.13936293319264,14400000000000000,181.916762050059
400,500,600,gst3d,27.063394927978514,120000000,200000,240000,300000,877.4964387392122,1480000,8.643856189774725,8.965784284662087,9.228818690495881,26.838459164932694,0.8,0.6666666666666666,0.8333333333333334,0.26666666666666666,0.3333333333333333,0.4,450.0,229.13936293319264,14400000000000000,181.916762050059
400,500,700,envelope,3.755687713623047,140000000,200000,280000,350000,948.6832980505138,1660000,8.643856189774725,8.965784284662087,9.451211111832329,27.06085158626914,0.8,0.5714285714285714,0.7142857142857143,0.25,0.3125,0.4375,450.0,229.13936293319264,19600000000000000,185.53267737906353
400,500,700,gaussian-filter,1.1503166198730468,140000000,200000,280000,350000,948.6832980505138,1660000,8.643856189774725,8.965784284662087,9.451211111832329,27.06085158626914,0.8,0.5714285714285714,0.7142857142857143,0.25,0.3125,0.4375,450.0,229.13936293319264,19600000000000000,185.53267737906353
400,500,700,gst3d,31.569926452636718,140000000,200000,280000,350000,948.6832980505138,1660000,8.643856189774725,8.965784284662087,9.451211111832329,27.06085158626914,0.8,0.5714285714285714,0.7142857142857143,0.25,0.3125,0.4375,450.0,229.13936293319264,19600000000000000,185.53267737906353
400,500,800,envelope,4.278132629394531,160000000,200000,320000,400000,1024.6950765959598,1840000,8.643856189774725,8.965784284662087,9.643856189774725,27.253496664211536,0.8,0.5,0.625,0.23529411764705882,0.29411764705882354,0.47058823529411764,450.0,229.13936293319264,25600000000000000,188.95192046111265
400,500,800,gaussian-filter,1.2992256164550782,160000000,200000,320000,400000,1024.6950765959598,1840000,8.643856189774725,8.965784284662087,9.643856189774725,27.253496664211536,0.8,0.5,0.625,0.23529411764705882,0.29411764705882354,0.47058823529411764,450.0,229.13936293319264,25600000000000000,188.95192046111265
400,500,800,gst3d,36.077135467529295,160000000,200000,320000,400000,1024.6950765959598,1840000,8.643856189774725,8.965784284662087,9.643856189774725,27.253496664211536,0.8,0.5,0.625,0.23529411764705882,0.29411764705882354,0.47058823529411764,450.0,229.13936293319264,25600000000000000,188.95192046111265
400,600,100,envelope,0.7254684448242188,24000000,240000,40000,60000,728.0109889280518,680000,8.643856189774725,9.228818690495881,6.643856189774724,24.516531070045332,0.6666666666666666,4.0,6.0,0.36363636363636365,0.5454545454545454,0.09090909090909091,500.0,229.13936293319264,576000000000000,161.60534341319234
400,600,100,gaussian-filter,0.2859527587890625,24000000,240000,40000,60000,728.0109889280518,680000,8.643856189774725,9.228818690495881,6.643856189774724,24.516531070045332,0.6666666666666666,4.0,6.0,0.36363636363636365,0.5454545454545454,0.09090909090909091,500.0,229.13936293319264,576000000000000,161.60534341319234
400,600,100,gst3d,5.417655181884766,24000000,240000,40000,60000,728.0109889280518,680000,8.643856189774725,9.228818690495881,6.643856189774724,24.516531070045332,0.6666666666666666,4.0,6.0,0.36363636363636365,0.5454545454545454,0.09090909090909091,500.0,229.13936293319264,576000000000000,161.60534341319234
400,600,200,envelope,1.3545272827148438,48000000,240000,80000,120000,748.3314773547883,880000,8.643856189774725,9.228818690495881,7.643856189774724,25.516531070045332,0.6666666666666666,2.0,3.0,0.3333333333333333,0.5,0.16666666666666666,500.0,229.13936293319264,2304000000000000,168.89854901243746
400,600,200,gaussian-filter,0.4647979736328125,48000000,240000,80000,120000,748.3314773547883,880000,8.643856189774725,9.228818690495881,7.643856189774724,25.516531070045332,0.6666666666666666,2.0,3.0,0.3333333333333333,0.5,0.16666666666666666,500.0,229.13936293319264,2304000000000000,168.89854901243746
400,600,200,gst3d,10.828418731689453,48000000,240000,80000,120000,748.3314773547883,880000,8.643856189774725,9.228818690495881,7.643856189774724,25.516531070045332,0.6666666666666666,2.0,3.0,0.3333333333333333,0.5,0.16666666666666666,500.0,229.13936293319264,2304000000000000,168.89854901243746
400,600,300,envelope,1.9832557678222655,72000000,240000,120000,180000,781.0249675906655,1080000,8.643856189774725,9.228818690495881,8.228818690495881,26.101493570766486,0.6666666666666666,1.3333333333333333,2.0,0.3076923076923077,0.46153846153846156,0.23076923076923078,500.0,229.13936293319264,5184000000000000,173.88519203139109
400,600,300,gaussian-filter,0.6436752319335938,72000000,240000,120000,180000,781.0249675906655,1080000,8.643856189774725,9.228818690495881,8.228818690495881,26.101493570766486,0.6666666666666666,1.3333333333333333,2.0,0.3076923076923077,0.46153846153846156,0.23076923076923078,500.0,229.13936293319264,5184000000000000,173.88519203139109
400,600,300,gst3d,16.24061813354492,72000000,240000,120000,180000,781.0249675906655,1080000,8.643856189774725,9.228818690495881,8.228818690495881,26.101493570766486,0.6666666666666666,1.3333333333333333,2.0,0.3076923076923077,0.46153846153846156,0.23076923076923078,500.0,229.13936293319264,5184000000000000,173.88519203139109
400,600,400,envelope,2.605265808105469,96000000,240000,160000,240000,824.6211251235321,1280000,8.643856189774725,9.228818690495881,8.643856189774725,26.516531070045332,0.6666666666666666,1.0,1.5,0.2857142857142857,0.42857142857142855,0.2857142857142857,500.0,229.13936293319264,9216000000000000,178.08862843738208
400,600,400,gaussian-filter,0.8225914001464844,96000000,240000,160000,240000,824.6211251235321,1280000,8.643856189774725,9.228818690495881,8.643856189774725,26.516531070045332,0.6666666666666666,1.0,1.5,0.2857142857142857,0.42857142857142855,0.2857142857142857,500.0,229.13936293319264,9216000000000000,178.08862843738208
400,600,400,gst3d,21.65234832763672,96000000,240000,160000,240000,824.6211251235321,1280000,8.643856189774725,9.228818690495881,8.643856189774725,26.516531070045332,0.6666666666666666,1.0,1.5,0.2857142857142857,0.42857142857142855,0.2857142857142857,500.0,229.13936293319264,9216000000000000,178.08862843738208
400,600,500,envelope,3.2328948974609375,120000000,240000,200000,300000,877.4964387392122,1480000,8.643856189774725,9.228818690495881,8.965784284662087,26.838459164932694,0.6666666666666666,0.8,1.2,0.26666666666666666,0.4,0.3333333333333333,500.0,229.13936293319264,14400000000000000,181.916762050059
400,600,500,gaussian-filter,1.0012619018554687,120000000,240000,200000,300000,877.4964387392122,1480000,8.643856189774725,9.228818690495881,8.965784284662087,26.838459164932694,0.6666666666666666,0.8,1.2,0.26666666666666666,0.4,0.3333333333333333,500.0,229.13936293319264,14400000000000000,181.916762050059
400,600,500,gst3d,27.06349105834961,120000000,240000,200000,300000,877.4964387392122,1480000,8.643856189774725,9.228818690495881,8.965784284662087,26.838459164932694,0.6666666666666666,0.8,1.2,0.26666666666666666,0.4,0.3333333333333333,500.0,229.13936293319264,14400000000000000,181.916762050059
400,600,600,envelope,3.856614685058594,144000000,240000,240000,360000,938.083151964686,1680000,8.643856189774725,9.228818690495881,9.228818690495881,27.101493570766486,0.6666666666666666,0.6666666666666666,1.0,0.25,0.375,0.375,500.0,229.13936293319264,20736000000000000,185.50712253528698
400,600,600,gaussian-filter,1.1801620483398438,144000000,240000,240000,360000,938.083151964686,1680000,8.643856189774725,9.228818690495881,9.228818690495881,27.101493570766486,0.6666666666666666,0.6666666666666666,1.0,0.25,0.375,0.375,500.0,229.13936293319264,20736000000000000,185.50712253528698
400,600,600,gst3d,32.474710083007814,144000000,240000,240000,360000,938.083151964686,1680000,8.643856189774725,9.228818690495881,9.228818690495881,27.101493570766486,0.6666666666666666,0.6666666666666666,1.0,0.25,0.375,0.375,500.0,229.13936293319264,20736000000000000,185.50712253528698
400,600,700,envelope,4.485052490234375,168000000,240000,280000,420000,1004.987562112089,1880000,8.643856189774725,9.228818690495881,9.451211111832329,27.323885992102934,0.6666666666666666,0.5714285714285714,0.8571428571428571,0.23529411764705882,0.35294117647058826,0.4117647058823529,500.0,229.13936293319264,28224000000000000,188.90983332219625
400,600,700,gaussian-filter,1.3589485168457032,168000000,240000,280000,420000,1004.987562112089,1880000,8.643856189774725,9.228818690495881,9.451211111832329,27.323885992102934,0.6666666666666666,0.5714285714285714,0.8571428571428571,0.23529411764705882,0.35294117647058826,0.4117647058823529,500.0,229.13936293319264,28224000000000000,188.90983332219625
400,600,700,gst3d,37.886235046386716,168000000,240000,280000,420000,1004.987562112089,1880000,8.643856189774725,9.228818690495881,9.451211111832329,27.323885992102934,0.6666666666666666,0.5714285714285714,0.8571428571428571,0.23529411764705882,0.35294117647058826,0.4117647058823529,500.0,229.13936293319264,28224000000000000,188.90983332219625
400,600,800,envelope,5.111257934570313,192000000,240000,320000,480000,1077.0329614269008,2080000,8.643856189774725,9.228818690495881,9.643856189774725,27.516531070045332,0.6666666666666666,0.5,0.75,0.2222222222222222,0.3333333333333333,0.4444444444444444,500.0,229.13936293319264,36864000000000000,192.1450012039835
400,600,800,gaussian-filter,1.5378242492675782,192000000,240000,320000,480000,1077.0329614269008,2080000,8.643856189774725,9.228818690495881,9.643856189774725,27.516531070045332,0.6666666666666666,0.5,0.75,0.2222222222222222,0.3333333333333333,0.4444444444444444,500.0,229.13936293319264,36864000000000000,192.1450012039835
400,600,800,gst3d,43.29756622314453,192000000,240000,320000,480000,1077.0329614269008,2080000,8.643856189774725,9.228818690495881,9.643856189774725,27.516531070045332,0.6666666666666666,0.5,0.75,0.2222222222222222,0.3333333333333333,0.4444444444444444,500.0,229.13936293319264,36864000000000000,192.1450012039835
400,700,100,envelope,0.8315757751464844,28000000,280000,40000,70000,812.403840463596,780000,8.643856189774725,9.451211111832329,6.643856189774724,24.73892349138178,0.5714285714285714,4.0,7.0,0.3333333333333333,0.5833333333333334,0.08333333333333333,550.0,229.13936293319264,784000000000000,165.78115973863453
400,700,100,gaussian-filter,0.3158088684082031,28000000,280000,40000,70000,812.403840463596,780000,8.643856189774725,9.451211111832329,6.643856189774724,24.73892349138178,0.5714285714285714,4.0,7.0,0.3333333333333333,0.5833333333333334,0.08333333333333333,550.0,229.13936293319264,784000000000000,165.78115973863453
400,700,100,gst3d,6.304480743408203,28000000,280000,40000,70000,812.403840463596,780000,8.643856189774725,9.451211111832329,6.643856189774724,24.73892349138178,0.5714285714285714,4.0,7.0,0.3333333333333333,0.5833333333333334,0.08333333333333333,550.0,229.13936293319264,784000000000000,165.78115973863453
400,700,200,envelope,1.5629852294921875,56000000,280000,80000,140000,830.6623862918075,1000000,8.643856189774725,9.451211111832329,7.643856189774724,25.73892349138178,0.5714285714285714,2.0,3.5,0.3076923076923077,0.5384615384615384,0.15384615384615385,550.0,229.13936293319264,3136000000000000,173.05376215621723
400,700,200,gaussian-filter,0.5244422912597656,56000000,280000,80000,140000,830.6623862918075,1000000,8.643856189774725,9.451211111832329,7.643856189774724,25.73892349138178,0.5714285714285714,2.0,3.5,0.3076923076923077,0.5384615384615384,0.15384615384615385,550.0,229.13936293319264,3136000000000000,173.05376215621723
400,700,200,gst3d,12.621277618408204,56000000,280000,80000,140000,830.6623862918075,1000000,8.643856189774725,9.451211111832329,7.643856189774724,25.73892349138178,0.5714285714285714,2.0,3.5,0.3076923076923077,0.5384615384615384,0.15384615384615385,550.0,229.13936293319264,3136000000000000,173.05376215621723
400,700,300,envelope,2.296465301513672,84000000,280000,120000,210000,860.2325267042627,1220000,8.643856189774725,9.451211111832329,8.228818690495881,26.323885992102934,0.5714285714285714,1.3333333333333333,2.3333333333333335,0.2857142857142857,0.5,0.21428571428571427,550.0,229.13936293319264,7056000000000000,177.90641748148437
400,700,300,gaussian-filter,0.7330162048339843,84000000,280000,120000,210000,860.2325267042627,1220000,8.643856189774725,9.451211111832329,8.228818690495881,26.323885992102934,0.5714285714285714,1.3333333333333333,2.3333333333333335,0.2857142857142857,0.5,0.21428571428571427,550.0,229.13936293319264,7056000000000000,177.90641748148437
400,700,300,gst3d,18.93778839111328,84000000,280000,120000,210000,860.2325267042627,1220000,8.643856189774725,9.451211111832329,8.228818690495881,26.323885992102934,0.5714285714285714,1.3333333333333333,2.3333333333333335,0.2857142857142857,0.5,0.21428571428571427,550.0,229.13936293319264,7056000000000000,177.90641748148437
400,700,400,envelope,3.023253631591797,112000000,280000,160000,280000,900.0,1440000,8.643856189774725,9.451211111832329,8.643856189774725,26.73892349138178,0.5714285714285714,1.0,1.75,0.26666666666666666,0.4666666666666667,0.26666666666666666,550.0,229.13936293319264,12544000000000000,181.91840655640303
400,700,400,gaussian-filter,0.9413475036621094,112000000,280000,160000,280000,900.0,1440000,8.643856189774725,9.451211111832329,8.643856189774725,26.73892349138178,0.5714285714285714,1.0,1.75,0.26666666666666666,0.4666666666666667,0.26666666666666666,550.0,229.13936293319264,12544000000000000,181.91840655640303
400,700,400,gst3d,25.253341674804688,112000000,280000,160000,280000,900.0,1440000,8.643856189774725,9.451211111832329,8.643856189774725,26.73892349138178,0.5714285714285714,1.0,1.75,0.26666666666666666,0.4666666666666667,0.26666666666666666,550.0,229.13936293319264,12544000000000000,181.91840655640303
400,700,500,envelope,3.754985046386719,140000000,280000,200000,350000,948.6832980505138,1660000,8.643856189774725,9.451211111832329,8.965784284662087,27.06085158626914,0.5714285714285714,0.8,1.4,0.25,0.4375,0.3125,550.0,229.13936293319264,19600000000000000,185.53267737906353
400,700,500,gaussian-filter,1.1503501892089845,140000000,280000,200000,350000,948.6832980505138,1660000,8.643856189774725,9.451211111832329,8.965784284662087,27.06085158626914,0.5714285714285714,0.8,1.4,0.25,0.4375,0.3125,550.0,229.13936293319264,19600000000000000,185.53267737906353
400,700,500,gst3d,31.56943588256836,140000000,280000,200000,350000,948.6832980505138,1660000,8.643856189774725,9.451211111832329,8.965784284662087,27.06085158626914,0.5714285714285714,0.8,1.4,0.25,0.4375,0.3125,550.0,229.13936293319264,19600000000000000,185.53267737906353
400,700,600,envelope,4.485352325439453,168000000,280000,240000,420000,1004.987562112089,1880000,8.643856189774725,9.451211111832329,9.228818690495881,27.323885992102934,0.5714285714285714,0.6666666666666666,1.1666666666666667,0.23529411764705882,0.4117647058823529,0.35294117647058826,550.0,229.13936293319264,28224000000000000,188.90983332219625
400,700,600,gaussian-filter,1.3589019775390625,168000000,280000,240000,420000,1004.987562112089,1880000,8.643856189774725,9.451211111832329,9.228818690495881,27.323885992102934,0.5714285714285714,0.6666666666666666,1.1666666666666667,0.23529411764705882,0.4117647058823529,0.35294117647058826,550.0,229.13936293319264,28224000000000000,188.90983332219625
400,700,600,gst3d,37.88598098754883,168000000,280000,240000,420000,1004.987562112089,1880000,8.643856189774725,9.451211111832329,9.228818690495881,27.323885992102934,0.5714285714285714,0.6666666666666666,1.1666666666666667,0.23529411764705882,0.4117647058823529,0.35294117647058826,550.0,229.13936293319264,28224000000000000,188.90983332219625
400,700,700,envelope,5.212379455566406,196000000,280000,280000,490000,1067.707825203131,2100000,8.643856189774725,9.451211111832329,9.451211111832329,27.54627841343938,0.5714285714285714,0.5714285714285714,1.0,0.2222222222222222,0.3888888888888889,0.3888888888888889,550.0,229.13936293319264,38416000000000000,192.11340800424682
400,700,700,gaussian-filter,1.5675384521484375,196000000,280000,280000,490000,1067.707825203131,2100000,8.643856189774725,9.451211111832329,9.451211111832329,27.54627841343938,0.5714285714285714,0.5714285714285714,1.0,0.2222222222222222,0.3888888888888889,0.3888888888888889,550.0,229.13936293319264,38416000000000000,192.11340800424682
400,700,700,gst3d,44.20269012451172,196000000,280000,280000,490000,1067.707825203131,2100000,8.643856189774725,9.451211111832329,9.451211111832329,27.54627841343938,0.5714285714285714,0.5714285714285714,1.0,0.2222222222222222,0.3888888888888889,0.3888888888888889,550.0,229.13936293319264,38416000000000000,192.11340800424682
400,700,800,envelope,5.946495819091797,224000000,280000,320000,560000,1135.7816691600547,2320000,8.643856189774725,9.451211111832329,9.643856189774725,27.73892349138178,0.5714285714285714,0.5,0.875,0.21052631578947367,0.3684210526315789,0.42105263157894735,550.0,229.13936293319264,50176000000000000,195.16985770255872
400,700,800,gaussian-filter,1.7760162353515625,224000000,280000,320000,560000,1135.7816691600547,2320000,8.643856189774725,9.451211111832329,9.643856189774725,27.73892349138178,0.5714285714285714,0.5,0.875,0.21052631578947367,0.3684210526315789,0.42105263157894735,550.0,229.13936293319264,50176000000000000,195.16985770255872
400,700,800,gst3d,50.51936645507813,224000000,280000,320000,560000,1135.7816691600547,2320000,8.643856189774725,9.451211111832329,9.643856189774725,27.73892349138178,0.5714285714285714,0.5,0.875,0.21052631578947367,0.3684210526315789,0.42105263157894735,550.0,229.13936293319264,50176000000000000,195.16985770255872
400,800,100,envelope,0.9342384338378906,32000000,320000,40000,80000,900.0,880000,8.643856189774725,9.643856189774725,6.643856189774724,24.931568569324174,0.5,4.0,8.0,0.3076923076923077,0.6153846153846154,0.07692307692307693,600.0,229.13936293319264,1024000000000000,169.6220578418198
400,800,100,gaussian-filter,0.34547882080078124,32000000,320000,40000,80000,900.0,880000,8.643856189774725,9.643856189774725,6.643856189774724,24.931568569324174,0.5,4.0,8.0,0.3076923076923077,0.6153846153846154,0.07692307692307693,600.0,229.13936293319264,1024000000000000,169.6220578418198
400,800,100,gst3d,7.193462371826172,32000000,320000,40000,80000,900.0,880000,8.643856189774725,9.643856189774725,6.643856189774724,24.931568569324174,0.5,4.0,8.0,0.3076923076923077,0.6153846153846154,0.07692307692307693,600.0,229.13936293319264,1024000000000000,169.6220578418198
400,800,200,envelope,1.7705879211425781,64000000,320000,80000,160000,916.515138991168,1120000,8.643856189774725,9.643856189774725,7.643856189774724,25.931568569324174,0.5,2.0,4.0,0.2857142857142857,0.5714285714285714,0.14285714285714285,600.0,229.13936293319264,4096000000000000,176.8965795066965
400,800,200,gaussian-filter,0.5839973449707031,64000000,320000,80000,160000,916.515138991168,1120000,8.643856189774725,9.643856189774725,7.643856189774724,25.931568569324174,0.5,2.0,4.0,0.2857142857142857,0.5714285714285714,0.14285714285714285,600.0,229.13936293319264,4096000000000000,176.8965795066965
400,800,200,gst3d,14.414360046386719,64000000,320000,80000,160000,916.515138991168,1120000,8.643856189774725,9.643856189774725,7.643856189774724,25.931568569324174,0.5,2.0,4.0,0.2857142857142857,0.5714285714285714,0.14285714285714285,600.0,229.13936293319264,4096000000000000,176.8965795066965
400,800,300,envelope,2.6080307006835937,96000000,320000,120000,240000,943.3981132056604,1360000,8.643856189774725,9.643856189774725,8.228818690495881,26.516531070045332,0.5,1.3333333333333333,2.6666666666666665,0.26666666666666666,0.5333333333333333,0.2,600.0,229.13936293319264,9216000000000000,181.65276377997913
400,800,300,gaussian-filter,0.8224624633789063,96000000,320000,120000,240000,943.3981132056604,1360000,8.643856189774725,9.643856189774725,8.228818690495881,26.516531070045332,0.5,1.3333333333333333,2.6666666666666665,0.26666666666666666,0.5333333333333333,0.2,600.0,229.13936293319264,9216000000000000,181.65276377997913
400,800,300,gst3d,21.634879302978515,96000000,320000,120000,240000,943.3981132056604,1360000,8.643856189774725,9.643856189774725,8.228818690495881,26.516531070045332,0.5,1.3333333333333333,2.6666666666666665,0.26666666666666666,0.5333333333333333,0.2,600.0,229.13936293319264,9216000000000000,181.65276377997913
400,800,400,envelope,3.4403961181640623,128000000,320000,160000,320000,979.7958971132713,1600000,8.643856189774725,9.643856189774725,8.643856189774725,26.931568569324174,0.5,1.0,2.0,0.25,0.5,0.25,600.0,229.13936293319264,16384000000000000,185.51445768348705
400,800,400,gaussian-filter,1.0607192993164063,128000000,320000,160000,320000,979.7958971132713,1600000,8.643856189774725,9.643856189774725,8.643856189774725,26.931568569324174,0.5,1.0,2.0,0.25,0.5,0.25,600.0,229.13936293319264,16384000000000000,185.51445768348705
400,800,400,gst3d,28.855776214599608,128000000,320000,160000,320000,979.7958971132713,1600000,8.643856189774725,9.643856189774725,8.643856189774725,26.931568569324174,0.5,1.0,2.0,0.25,0.5,0.25,600.0,229.13936293319264,16384000000000000,185.51445768348705
400,800,500,envelope,4.275907135009765,160000000,320000,200000,400000,1024.6950765959598,1840000,8.643856189774725,9.643856189774725,8.965784284662087,27.253496664211536,0.5,0.8,1.6,0.23529411764705882,0.47058823529411764,0.29411764705882354,600.0,229.13936293319264,25600000000000000,188.95192046111265
400,800,500,gaussian-filter,1.2992233276367187,160000000,320000,200000,400000,1024.6950765959598,1840000,8.643856189774725,9.643856189774725,8.965784284662087,27.253496664211536,0.5,0.8,1.6,0.23529411764705882,0.47058823529411764,0.29411764705882354,600.0,229.13936293319264,25600000000000000,188.95192046111265
400,800,500,gst3d,36.077100372314455,160000000,320000,200000,400000,1024.6950765959598,1840000,8.643856189774725,9.643856189774725,8.965784284662087,27.253496664211536,0.5,0.8,1.6,0.23529411764705882,0.47058823529411764,0.29411764705882354,600.0,229.13936293319264,25600000000000000,188.95192046111265
400,800,600,envelope,5.1107017517089846,192000000,320000,240000,480000,1077.0329614269008,2080000,8.643856189774725,9.643856189774725,9.228818690495881,27.516531070045332,0.5,0.6666666666666666,1.3333333333333333,0.2222222222222222,0.4444444444444444,0.3333333333333333,600.0,229.13936293319264,36864000000000000,192.1450012039835
400,800,600,gaussian-filter,1.5377685546875,192000000,320000,240000,480000,1077.0329614269008,2080000,8.643856189774725,9.643856189774725,9.228818690495881,27.516531070045332,0.5,0.6666666666666666,1.3333333333333333,0.2222222222222222,0.4444444444444444,0.3333333333333333,600.0,229.13936293319264,36864000000000000,192.1450012039835
400,800,600,gst3d,43.29708023071289,192000000,320000,240000,480000,1077.0329614269008,2080000,8.643856189774725,9.643856189774725,9.228818690495881,27.516531070045332,0.5,0.6666666666666666,1.3333333333333333,0.2222222222222222,0.4444444444444444,0.3333333333333333,600.0,229.13936293319264,36864000000000000,192.1450012039835
400,800,700,envelope,5.944298553466797,224000000,320000,280000,560000,1135.7816691600547,2320000,8.643856189774725,9.643856189774725,9.451211111832329,27.73892349138178,0.5,0.5714285714285714,1.1428571428571428,0.21052631578947367,0.42105263157894735,0.3684210526315789,600.0,229.13936293319264,50176000000000000,195.16985770255872
400,800,700,gaussian-filter,1.7760269165039062,224000000,320000,280000,560000,1135.7816691600547,2320000,8.643856189774725,9.643856189774725,9.451211111832329,27.73892349138178,0.5,0.5714285714285714,1.1428571428571428,0.21052631578947367,0.42105263157894735,0.3684210526315789,600.0,229.13936293319264,50176000000000000,195.16985770255872
400,800,700,gst3d,50.51936645507813,224000000,320000,280000,560000,1135.7816691600547,2320000,8.643856189774725,9.643856189774725,9.451211111832329,27.73892349138178,0.5,0.5714285714285714,1.1428571428571428,0.21052631578947367,0.42105263157894735,0.3684210526315789,600.0,229.13936293319264,50176000000000000,195.16985770255872
400,800,800,envelope,6.7763816833496096,256000000,320000,320000,640000,1200.0,2560000,8.643856189774725,9.643856189774725,9.643856189774725,27.931568569324174,0.5,0.5,1.0,0.2,0.4,0.4,600.0,229.13936293319264,65536000000000000,198.06023391432134
400,800,800,gaussian-filter,2.0144554138183595,256000000,320000,320000,640000,1200.0,2560000,8.643856189774725,9.643856189774725,9.643856189774725,27.931568569324174,0.5,0.5,1.0,0.2,0.4,0.4,600.0,229.13936293319264,65536000000000000,198.06023391432134
400,800,800,gst3d,57.738973236083986,256000000,320000,320000,640000,1200.0,2560000,8.643856189774725,9.643856189774725,9.643856189774725,27.931568569324174,0.5,0.5,1.0,0.2,0.4,0.4,600.0,229.13936293319264,65536000000000000,198.06023391432134
500,100,100,envelope,0.23566131591796874,5000000,50000,50000,10000,519.6152422706632,220000,8.965784284662087,6.643856189774724,6.643856189774724,22.253496664211536,5.0,5.0,1.0,0.7142857142857143,0.14285714285714285,0.14285714285714285,300.0,229.13936293319264,25000000000000,139.19587244063456
500,100,100,gaussian-filter,0.14416046142578126,5000000,50000,50000,10000,519.6152422706632,220000,8.965784284662087,6.643856189774724,6.643856189774724,22.253496664211536,5.0,5.0,1.0,0.7142857142857143,0.14285714285714285,0.14285714285714285,300.0,229.13936293319264,25000000000000,139.19587244063456
500,100,100,gst3d,1.2167922973632812,5000000,50000,50000,10000,519.6152422706632,220000,8.965784284662087,6.643856189774724,6.643856189774724,22.253496664211536,5.0,5.0,1.0,0.7142857142857143,0.14285714285714285,0.14285714285714285,300.0,229.13936293319264,25000000000000,139.19587244063456
500,100,200,envelope,0.35968856811523436,10000000,50000,100000,20000,547.7225575051662,340000,8.965784284662087,6.643856189774724,7.643856189774724,23.253496664211536,5.0,2.5,0.5,0.625,0.125,0.25,300.0,229.13936293319264,100000000000000,146.67359171589615
500,100,200,gaussian-filter,0.18178634643554686,10000000,50000,100000,20000,547.7225575051662,340000,8.965784284662087,6.643856189774724,7.643856189774724,23.253496664211536,5.0,2.5,0.5,0.625,0.125,0.25,300.0,229.13936293319264,100000000000000,146.67359171589615
500,100,200,gst3d,2.3074134826660155,10000000,50000,100000,20000,547.7225575051662,340000,8.965784284662087,6.643856189774724,7.643856189774724,23.253496664211536,5.0,2.5,0.5,0.625,0.125,0.25,300.0,229.13936293319264,100000000000000,146.67359171589615
500,100,300,envelope,0.4926582336425781,15000000,50000,150000,30000,591.6079783099616,460000,8.965784284662087,6.643856189774724,8.228818690495881,23.838459164932694,5.0,1.6666666666666667,0.3333333333333333,0.5555555555555556,0.1111111111111111,0.3333333333333333,300.0,229.13936293319264,225000000000000,152.19743155047576
500,100,300,gaussian-filter,0.21876602172851561,15000000,50000,150000,30000,591.6079783099616,460000,8.965784284662087,6.643856189774724,8.228818690495881,23.838459164932694,5.0,1.6666666666666667,0.3333333333333333,0.5555555555555556,0.1111111111111111,0.3333333333333333,300.0,229.13936293319264,225000000000000,152.19743155047576
500,100,300,gst3d,3.418804931640625,15000000,50000,150000,30000,591.6079783099616,460000,8.965784284662087,6.643856189774724,8.228818690495881,23.838459164932694,5.0,1.6666666666666667,0.3333333333333333,0.5555555555555556,0.1111111111111111,0.3333333333333333,300.0,229.13936293319264,225000000000000,152.19743155047576
500,100,400,envelope,0.6221267700195312,20000000,50000,200000,40000,648.074069840786,580000,8.965784284662087,6.643856189774724,8.643856189774725,24.253496664211536,5.0,1.25,0.25,0.5,0.1,0.4,300.0,229.13936293319264,400000000000000,157.05465366776156
500,100,400,gaussian-filter,0.25608139038085936,20000000,50000,200000,40000,648.074069840786,580000,8.965784284662087,6.643856189774724,8.643856189774725,24.253496664211536,5.0,1.25,0.25,0.5,0.1,0.4,300.0,229.13936293319264,400000000000000,157.05465366776156
500,100,400,gst3d,4.529777526855469,20000000,50000,200000,40000,648.074069840786,580000,8.965784284662087,6.643856189774724,8.643856189774725,24.253496664211536,5.0,1.25,0.25,0.5,0.1,0.4,300.0,229.13936293319264,400000000000000,157.05465366776156
500,100,500,envelope,0.7536888122558594,25000000,50000,250000,50000,714.142842854285,700000,8.965784284662087,6.643856189774724,8.965784284662087,24.575424759098897,5.0,1.0,0.2,0.45454545454545453,0.09090909090909091,0.45454545454545453,300.0,229.13936293319264,625000000000000,161.5215443168136
500,100,500,gaussian-filter,0.2933952331542969,25000000,50000,250000,50000,714.142842854285,700000,8.965784284662087,6.643856189774724,8.965784284662087,24.575424759098897,5.0,1.0,0.2,0.45454545454545453,0.09090909090909091,0.45454545454545453,300.0,229.13936293319264,625000000000000,161.5215443168136
500,100,500,gst3d,5.640590667724609,25000000,50000,250000,50000,714.142842854285,700000,8.965784284662087,6.643856189774724,8.965784284662087,24.575424759098897,5.0,1.0,0.2,0.45454545454545453,0.09090909090909091,0.45454545454545453,300.0,229.13936293319264,625000000000000,161.5215443168136
500,100,600,envelope,0.8856338500976563,30000000,50000,300000,60000,787.4007874011811,820000,8.965784284662087,6.643856189774724,9.228818690495881,24.838459164932694,5.0,0.8333333333333334,0.16666666666666666,0.4166666666666667,0.08333333333333333,0.5,300.0,229.13936293319264,900000000000000,165.67268591840912
500,100,600,gaussian-filter,0.33080902099609377,30000000,50000,300000,60000,787.4007874011811,820000,8.965784284662087,6.643856189774724,9.228818690495881,24.838459164932694,5.0,0.8333333333333334,0.16666666666666666,0.4166666666666667,0.08333333333333333,0.5,300.0,229.13936293319264,900000000000000,165.67268591840912
500,100,600,gst3d,6.751132202148438,30000000,50000,300000,60000,787.4007874011811,820000,8.965784284662087,6.643856189774724,9.228818690495881,24.838459164932694,5.0,0.8333333333333334,0.16666666666666666,0.4166666666666667,0.08333333333333333,0.5,300.0,229.13936293319264,900000000000000,165.67268591840912
500,100,700,envelope,1.0171981811523438,35000000,50000,350000,70000,866.0254037844386,940000,8.965784284662087,6.643856189774724,9.451211111832329,25.06085158626914,5.0,0.7142857142857143,0.14285714285714285,0.38461538461538464,0.07692307692307693,0.5384615384615384,300.0,229.13936293319264,1225000000000000,169.53837206440093
500,100,700,gaussian-filter,0.36808013916015625,35000000,50000,350000,70000,866.0254037844386,940000,8.965784284662087,6.643856189774724,9.451211111832329,25.06085158626914,5.0,0.7142857142857143,0.14285714285714285,0.38461538461538464,0.07692307692307693,0.5384615384615384,300.0,229.13936293319264,1225000000000000,169.53837206440093
500,100,700,gst3d,7.861868286132813,35000000,50000,350000,70000,866.0254037844386,940000,8.965784284662087,6.643856189774724,9.451211111832329,25.06085158626914,5.0,0.7142857142857143,0.14285714285714285,0.38461538461538464,0.07692307692307693,0.5384615384615384,300.0,229.13936293319264,1225000000000000,169.53837206440093
500,100,800,envelope,1.1464698791503907,40000000,50000,400000,80000,948.6832980505138,1060000,8.965784284662087,6.643856189774724,9.643856189774725,25.253496664211536,5.0,0.625,0.125,0.35714285714285715,0.07142857142857142,0.5714285714285714,300.0,229.13936293319264,1600000000000000,173.14121968252448
500,100,800,gaussian-filter,0.4051841735839844,40000000,50000,400000,80000,948.6832980505138,1060000,8.965784284662087,6.643856189774724,9.643856189774725,25.253496664211536,5.0,0.625,0.125,0.35714285714285715,0.07142857142857142,0.5714285714285714,300.0,229.13936293319264,1600000000000000,173.14121968252448
500,100,800,gst3d,8.973190307617188,40000000,50000,400000,80000,948.6832980505138,1060000,8.965784284662087,6.643856189774724,9.643856189774725,25.253496664211536,5.0,0.625,0.125,0.35714285714285715,0.07142857142857142,0.5714285714285714,300.0,229.13936293319264,1600000000000000,173.14121968252448
500,200,100,envelope,0.36351776123046875,10000000,100000,50000,20000,547.7225575051662,340000,8.965784284662087,7.643856189774724,6.643856189774724,23.253496664211536,2.5,5.0,2.0,0.625,0.25,0.125,350.0,229.13936293319264,100000000000000,146.67359171589615
500,200,100,gaussian-filter,0.18171615600585939,10000000,100000,50000,20000,547.7225575051662,340000,8.965784284662087,7.643856189774724,6.643856189774724,23.253496664211536,2.5,5.0,2.0,0.625,0.25,0.125,350.0,229.13936293319264,100000000000000,146.67359171589615
500,200,100,gst3d,2.3074501037597654,10000000,100000,50000,20000,547.7225575051662,340000,8.965784284662087,7.643856189774724,6.643856189774724,23.253496664211536,2.5,5.0,2.0,0.625,0.25,0.125,350.0,229.13936293319264,100000000000000,146.67359171589615
500,200,200,envelope,0.6240921020507812,20000000,100000,100000,40000,574.4562646538029,480000,8.965784284662087,7.643856189774724,7.643856189774724,24.253496664211536,2.5,2.5,1.0,0.5555555555555556,0.2222222222222222,0.2222222222222222,350.0,229.13936293319264,400000000000000,154.13493019654635
500,200,200,gaussian-filter,0.25618515014648435,20000000,100000,100000,40000,574.4562646538029,480000,8.965784284662087,7.643856189774724,7.643856189774724,24.253496664211536,2.5,2.5,1.0,0.5555555555555556,0.2222222222222222,0.2222222222222222,350.0,229.13936293319264,400000000000000,154.13493019654635
500,200,200,gst3d,4.550802612304688,20000000,100000,100000,40000,574.4562646538029,480000,8.965784284662087,7.643856189774724,7.643856189774724,24.253496664211536,2.5,2.5,1.0,0.5555555555555556,0.2222222222222222,0.2222222222222222,350.0,229.13936293319264,400000000000000,154.13493019654635
500,200,300,envelope,0.8841316223144531,30000000,100000,150000,60000,616.4414002968977,620000,8.965784284662087,7.643856189774724,8.228818690495881,24.838459164932694,2.5,1.6666666666666667,0.6666666666666666,0.5,0.2,0.3,350.0,229.13936293319264,900000000000000,159.60160991043807
500,200,300,gaussian-filter,0.330670166015625,30000000,100000,150000,60000,616.4414002968977,620000,8.965784284662087,7.643856189774724,8.228818690495881,24.838459164932694,2.5,1.6666666666666667,0.6666666666666666,0.5,0.2,0.3,350.0,229.13936293319264,900000000000000,159.60160991043807
500,200,300,gst3d,6.792919158935547,30000000,100000,150000,60000,616.4414002968977,620000,8.965784284662087,7.643856189774724,8.228818690495881,24.838459164932694,2.5,1.6666666666666667,0.6666666666666666,0.5,0.2,0.3,350.0,229.13936293319264,900000000000000,159.60160991043807
500,200,400,envelope,1.1469078063964844,40000000,100000,200000,80000,670.820393249937,760000,8.965784284662087,7.643856189774724,8.643856189774725,25.253496664211536,2.5,1.25,0.5,0.45454545454545453,0.18181818181818182,0.36363636363636365,350.0,229.13936293319264,1600000000000000,164.40003683212797
500,200,400,gaussian-filter,0.40498886108398435,40000000,100000,200000,80000,670.820393249937,760000,8.965784284662087,7.643856189774724,8.643856189774725,25.253496664211536,2.5,1.25,0.5,0.45454545454545453,0.18181818181818182,0.36363636363636365,350.0,229.13936293319264,1600000000000000,164.40003683212797
500,200,400,gst3d,9.036608123779297,40000000,100000,200000,80000,670.820393249937,760000,8.965784284662087,7.643856189774724,8.643856189774725,25.253496664211536,2.5,1.25,0.5,0.45454545454545453,0.18181818181818182,0.36363636363636365,350.0,229.13936293319264,1600000000000000,164.40003683212797
500,200,500,envelope,1.4088020324707031,50000000,100000,250000,100000,734.8469228349534,900000,8.965784284662087,7.643856189774724,8.965784284662087,25.575424759098897,2.5,1.0,0.4,0.4166666666666667,0.16666666666666666,0.4166666666666667,350.0,229.13936293319264,2500000000000000,168.82394435395813
500,200,500,gaussian-filter,0.4797187805175781,50000000,100000,250000,100000,734.8469228349534,900000,8.965784284662087,7.643856189774724,8.965784284662087,25.575424759098897,2.5,1.0,0.4,0.4166666666666667,0.16666666666666666,0.4166666666666667,350.0,229.13936293319264,2500000000000000,168.82394435395813
500,200,500,gst3d,11.279193115234374,50000000,100000,250000,100000,734.8469228349534,900000,8.965784284662087,7.643856189774724,8.965784284662087,25.575424759098897,2.5,1.0,0.4,0.4166666666666667,0.16666666666666666,0.4166666666666667,350.0,229.13936293319264,2500000000000000,168.82394435395813
500,200,600,envelope,1.6665237426757813,60000000,100000,300000,120000,806.2257748298549,1040000,8.965784284662087,7.643856189774724,9.228818690495881,25.838459164932694,2.5,0.8333333333333334,0.3333333333333333,0.38461538461538464,0.15384615384615385,0.46153846153846156,350.0,229.13936293319264,3600000000000000,172.9523981090547
500,200,600,gaussian-filter,0.5541999816894532,60000000,100000,300000,120000,806.2257748298549,1040000,8.965784284662087,7.643856189774724,9.228818690495881,25.838459164932694,2.5,0.8333333333333334,0.3333333333333333,0.38461538461538464,0.15384615384615385,0.46153846153846156,350.0,229.13936293319264,3600000000000000,172.9523981090547
500,200,600,gst3d,13.521932983398438,60000000,100000,300000,120000,806.2257748298549,1040000,8.965784284662087,7.643856189774724,9.228818690495881,25.838459164932694,2.5,0.8333333333333334,0.3333333333333333,0.38461538461538464,0.15384615384615385,0.46153846153846156,350.0,229.13936293319264,3600000000000000,172.9523981090547
500,200,700,envelope,1.928746795654297,70000000,100000,350000,140000,883.1760866327846,1180000,8.965784284662087,7.643856189774724,9.451211111832329,26.06085158626914,2.5,0.7142857142857143,0.2857142857142857,0.35714285714285715,0.14285714285714285,0.5,350.0,229.13936293319264,4900000000000000,176.8139192256871
500,200,700,gaussian-filter,0.6286880493164062,70000000,100000,350000,140000,883.1760866327846,1180000,8.965784284662087,7.643856189774724,9.451211111832329,26.06085158626914,2.5,0.7142857142857143,0.2857142857142857,0.35714285714285715,0.14285714285714285,0.5,350.0,229.13936293319264,4900000000000000,176.8139192256871
500,200,700,gst3d,15.764678192138671,70000000,100000,350000,140000,883.1760866327846,1180000,8.965784284662087,7.643856189774724,9.451211111832329,26.06085158626914,2.5,0.7142857142857143,0.2857142857142857,0.35714285714285715,0.14285714285714285,0.5,350.0,229.13936293319264,4900000000000000,176.8139192256871
500,200,800,envelope,2.190995788574219,80000000,100000,400000,160000,964.3650760992955,1320000,8.965784284662087,7.643856189774724,9.643856189774725,26.253496664211536,2.5,0.625,0.25,0.3333333333333333,0.13333333333333333,0.5333333333333333,350.0,229.13936293319264,6400000000000000,180.42732245564312
500,200,800,gaussian-filter,0.7030364990234375,80000000,100000,400000,160000,964.3650760992955,1320000,8.965784284662087,7.643856189774724,9.643856189774725,26.253496664211536,2.5,0.625,0.25,0.3333333333333333,0.13333333333333333,0.5333333333333333,350.0,229.13936293319264,6400000000000000,180.42732245564312
500,200,800,gst3d,18.007217407226562,80000000,100000,400000,160000,964.3650760992955,1320000,8.965784284662087,7.643856189774724,9.643856189774725,26.253496664211536,2.5,0.625,0.25,0.3333333333333333,0.13333333333333333,0.5333333333333333,350.0,229.13936293319264,6400000000000000,180.42732245564312
500,300,100,envelope,0.49038162231445315,15000000,150000,50000,30000,591.6079783099616,460000,8.965784284662087,8.228818690495881,6.643856189774724,23.838459164932694,1.6666666666666667,5.0,3.0,0.5555555555555556,0.3333333333333333,0.1111111111111111,400.0,229.13936293319264,225000000000000,152.19743155047576
500,300,100,gaussian-filter,0.21872329711914062,15000000,150000,50000,30000,591.6079783099616,460000,8.965784284662087,8.228818690495881,6.643856189774724,23.838459164932694,1.6666666666666667,5.0,3.0,0.5555555555555556,0.3333333333333333,0.1111111111111111,400.0,229.13936293319264,225000000000000,152.19743155047576
500,300,100,gst3d,3.4190223693847654,15000000,150000,50000,30000,591.6079783099616,460000,8.965784284662087,8.228818690495881,6.643856189774724,23.838459164932694,1.6666666666666667,5.0,3.0,0.5555555555555556,0.3333333333333333,0.1111111111111111,400.0,229.13936293319264,225000000000000,152.19743155047576
500,300,200,envelope,0.8837844848632812,30000000,150000,100000,60000,616.4414002968977,620000,8.965784284662087,8.228818690495881,7.643856189774724,24.838459164932694,1.6666666666666667,2.5,1.5,0.5,0.3,0.2,400.0,229.13936293319264,900000000000000,159.60160991043807
500,300,200,gaussian-filter,0.3306755065917969,30000000,150000,100000,60000,616.4414002968977,620000,8.965784284662087,8.228818690495881,7.643856189774724,24.838459164932694,1.6666666666666667,2.5,1.5,0.5,0.3,0.2,400.0,229.13936293319264,900000000000000,159.60160991043807
500,300,200,gst3d,6.793931579589843,30000000,150000,100000,60000,616.4414002968977,620000,8.965784284662087,8.228818690495881,7.643856189774724,24.838459164932694,1.6666666666666667,2.5,1.5,0.5,0.3,0.2,400.0,229.13936293319264,900000000000000,159.60160991043807
500,300,300,envelope,1.2780731201171875,45000000,150000,150000,90000,655.7438524302,780000,8.965784284662087,8.228818690495881,8.228818690495881,25.423421665653848,1.6666666666666667,1.6666666666666667,1.0,0.45454545454545453,0.2727272727272727,0.2727272727272727,400.0,229.13936293319264,2025000000000000,164.92921255803628
500,300,300,gaussian-filter,0.44254531860351565,45000000,150000,150000,90000,655.7438524302,780000,8.965784284662087,8.228818690495881,8.228818690495881,25.423421665653848,1.6666666666666667,1.6666666666666667,1.0,0.45454545454545453,0.2727272727272727,0.2727272727272727,400.0,229.13936293319264,2025000000000000,164.92921255803628
500,300,300,gst3d,10.168489837646485,45000000,150000,150000,90000,655.7438524302,780000,8.965784284662087,8.228818690495881,8.228818690495881,25.423421665653848,1.6666666666666667,1.6666666666666667,1.0,0.45454545454545453,0.2727272727272727,0.2727272727272727,400.0,229.13936293319264,2025000000000000,164.92921255803628
500,300,400,envelope,1.6684432983398438,60000000,150000,200000,120000,707.1067811865476,940000,8.965784284662087,8.228818690495881,8.643856189774725,25.838459164932694,1.6666666666666667,1.25,0.75,0.4166666666666667,0.25,0.3333333333333333,400.0,229.13936293319264,3600000000000000,169.56734042249263
500,300,400,gaussian-filter,0.5540794372558594,60000000,150000,200000,120000,707.1067811865476,940000,8.965784284662087,8.228818690495881,8.643856189774725,25.838459164932694,1.6666666666666667,1.25,0.75,0.4166666666666667,0.25,0.3333333333333333,400.0,229.13936293319264,3600000000000000,169.56734042249263
500,300,400,gst3d,13.543385314941407,60000000,150000,200000,120000,707.1067811865476,940000,8.965784284662087,8.228818690495881,8.643856189774725,25.838459164932694,1.6666666666666667,1.25,0.75,0.4166666666666667,0.25,0.3333333333333333,400.0,229.13936293319264,3600000000000000,169.56734042249263
500,300,500,envelope,2.0614089965820312,75000000,150000,250000,150000,768.1145747868608,1100000,8.965784284662087,8.228818690495881,8.965784284662087,26.160387259820055,1.6666666666666667,1.0,0.6,0.38461538461538464,0.23076923076923078,0.38461538461538464,400.0,229.13936293319264,5625000000000000,173.84205053500645
500,300,500,gaussian-filter,0.6659889221191406,75000000,150000,250000,150000,768.1145747868608,1100000,8.965784284662087,8.228818690495881,8.965784284662087,26.160387259820055,1.6666666666666667,1.0,0.6,0.38461538461538464,0.23076923076923078,0.38461538461538464,400.0,229.13936293319264,5625000000000000,173.84205053500645
500,300,500,gst3d,16.917439270019532,75000000,150000,250000,150000,768.1145747868608,1100000,8.965784284662087,8.228818690495881,8.965784284662087,26.160387259820055,1.6666666666666667,1.0,0.6,0.38461538461538464,0.23076923076923078,0.38461538461538464,400.0,229.13936293319264,5625000000000000,173.84205053500645
500,300,600,envelope,2.452472686767578,90000000,150000,300000,180000,836.6600265340755,1260000,8.965784284662087,8.228818690495881,9.228818690495881,26.423421665653848,1.6666666666666667,0.8333333333333334,0.5,0.35714285714285715,0.21428571428571427,0.42857142857142855,400.0,229.13936293319264,8100000000000000,177.84580744974232
500,300,600,gaussian-filter,0.7778816223144531,90000000,150000,300000,180000,836.6600265340755,1260000,8.965784284662087,8.228818690495881,9.228818690495881,26.423421665653848,1.6666666666666667,0.8333333333333334,0.5,0.35714285714285715,0.21428571428571427,0.42857142857142855,400.0,229.13936293319264,8100000000000000,177.84580744974232
500,300,600,gst3d,20.292886352539064,90000000,150000,300000,180000,836.6600265340755,1260000,8.965784284662087,8.228818690495881,9.228818690495881,26.423421665653848,1.6666666666666667,0.8333333333333334,0.5,0.35714285714285715,0.21428571428571427,0.42857142857142855,400.0,229.13936293319264,8100000000000000,177.84580744974232
500,300,700,envelope,2.842767333984375,105000000,150000,350000,210000,911.0433579144299,1420000,8.965784284662087,8.228818690495881,9.451211111832329,26.645814086990296,1.6666666666666667,0.7142857142857143,0.42857142857142855,0.3333333333333333,0.2,0.4666666666666667,400.0,229.13936293319264,11025000000000000,181.6095428131768
500,300,700,gaussian-filter,0.8894683837890625,105000000,150000,350000,210000,911.0433579144299,1420000,8.965784284662087,8.228818690495881,9.451211111832329,26.645814086990296,1.6666666666666667,0.7142857142857143,0.42857142857142855,0.3333333333333333,0.2,0.4666666666666667,400.0,229.13936293319264,11025000000000000,181.6095428131768
500,300,700,gst3d,23.66762008666992,105000000,150000,350000,210000,911.0433579144299,1420000,8.965784284662087,8.228818690495881,9.451211111832329,26.645814086990296,1.6666666666666667,0.7142857142857143,0.42857142857142855,0.3333333333333333,0.2,0.4666666666666667,400.0,229.13936293319264,11025000000000000,181.6095428131768
500,300,800,envelope,3.2335838317871093,120000000,150000,400000,240000,989.9494936611666,1580000,8.965784284662087,8.228818690495881,9.643856189774725,26.838459164932694,1.6666666666666667,0.625,0.375,0.3125,0.1875,0.5,400.0,229.13936293319264,14400000000000000,185.1495004625695
500,300,800,gaussian-filter,1.0013214111328126,120000000,150000,400000,240000,989.9494936611666,1580000,8.965784284662087,8.228818690495881,9.643856189774725,26.838459164932694,1.6666666666666667,0.625,0.375,0.3125,0.1875,0.5,400.0,229.13936293319264,14400000000000000,185.1495004625695
500,300,800,gst3d,27.041937255859374,120000000,150000,400000,240000,989.9494936611666,1580000,8.965784284662087,8.228818690495881,9.643856189774725,26.838459164932694,1.6666666666666667,0.625,0.375,0.3125,0.1875,0.5,400.0,229.13936293319264,14400000000000000,185.1495004625695
500,400,100,envelope,0.6213340759277344,20000000,200000,50000,40000,648.074069840786,580000,8.965784284662087,8.643856189774725,6.643856189774724,24.253496664211536,1.25,5.0,4.0,0.5,0.4,0.1,450.0,229.13936293319264,400000000000000,157.05465366776156
500,400,100,gaussian-filter,0.256170654296875,20000000,200000,50000,40000,648.074069840786,580000,8.965784284662087,8.643856189774725,6.643856189774724,24.253496664211536,1.25,5.0,4.0,0.5,0.4,0.1,450.0,229.13936293319264,400000000000000,157.05465366776156
500,400,100,gst3d,4.529763031005859,20000000,200000,50000,40000,648.074069840786,580000,8.965784284662087,8.643856189774725,6.643856189774724,24.253496664211536,1.25,5.0,4.0,0.5,0.4,0.1,450.0,229.13936293319264,400000000000000,157.05465366776156
500,400,200,envelope,1.1451805114746094,40000000,200000,100000,80000,670.820393249937,760000,8.965784284662087,8.643856189774725,7.643856189774724,25.253496664211536,1.25,2.5,2.0,0.45454545454545453,0.36363636363636365,0.18181818181818182,450.0,229.13936293319264,1600000000000000,164.40003683212797
500,400,200,gaussian-filter,0.4050773620605469,40000000,200000,100000,80000,670.820393249937,760000,8.965784284662087,8.643856189774725,7.643856189774724,25.253496664211536,1.25,2.5,2.0,0.45454545454545453,0.36363636363636365,0.18181818181818182,450.0,229.13936293319264,1600000000000000,164.40003683212797
500,400,200,gst3d,9.036573028564453,40000000,200000,100000,80000,670.820393249937,760000,8.965784284662087,8.643856189774725,7.643856189774724,25.253496664211536,1.25,2.5,2.0,0.45454545454545453,0.36363636363636365,0.18181818181818182,450.0,229.13936293319264,1600000000000000,164.40003683212797
500,400,300,envelope,1.667719268798828,60000000,200000,150000,120000,707.1067811865476,940000,8.965784284662087,8.643856189774725,8.228818690495881,25.838459164932694,1.25,1.6666666666666667,1.3333333333333333,0.4166666666666667,0.3333333333333333,0.25,450.0,229.13936293319264,3600000000000000,169.56734042249263
500,400,300,gaussian-filter,0.5540367126464844,60000000,200000,150000,120000,707.1067811865476,940000,8.965784284662087,8.643856189774725,8.228818690495881,25.838459164932694,1.25,1.6666666666666667,1.3333333333333333,0.4166666666666667,0.3333333333333333,0.25,450.0,229.13936293319264,3600000000000000,169.56734042249263
500,400,300,gst3d,13.543267059326173,60000000,200000,150000,120000,707.1067811865476,940000,8.965784284662087,8.643856189774725,8.228818690495881,25.838459164932694,1.25,1.6666666666666667,1.3333333333333333,0.4166666666666667,0.3333333333333333,0.25,450.0,229.13936293319264,3600000000000000,169.56734042249263
500,400,400,envelope,2.1877479553222656,80000000,200000,200000,160000,754.983443527075,1120000,8.965784284662087,8.643856189774725,8.643856189774725,26.253496664211536,1.25,1.25,1.0,0.38461538461538464,0.3076923076923077,0.3076923076923077,450.0,229.13936293319264,6400000000000000,174.00868719938015
500,400,400,gaussian-filter,0.703125,80000000,200000,200000,160000,754.983443527075,1120000,8.965784284662087,8.643856189774725,8.643856189774725,26.253496664211536,1.25,1.25,1.0,0.38461538461538464,0.3076923076923077,0.3076923076923077,450.0,229.13936293319264,6400000000000000,174.00868719938015
500,400,400,gst3d,18.04952163696289,80000000,200000,200000,160000,754.983443527075,1120000,8.965784284662087,8.643856189774725,8.643856189774725,26.253496664211536,1.25,1.25,1.0,0.38461538461538464,0.3076923076923077,0.3076923076923077,450.0,229.13936293319264,6400000000000000,174.00868719938015
500,400,500,envelope,2.7127052307128907,100000000,200000,250000,200000,812.403840463596,1300000,8.965784284662087,8.643856189774725,8.965784284662087,26.575424759098897,1.25,1.0,0.8,0.35714285714285715,0.2857142857142857,0.35714285714285715,450.0,229.13936293319264,10000000000000000,178.08797293241312
500,400,500,gaussian-filter,0.8523384094238281,100000000,200000,250000,200000,812.403840463596,1300000,8.965784284662087,8.643856189774725,8.965784284662087,26.575424759098897,1.25,1.0,0.8,0.35714285714285715,0.2857142857142857,0.35714285714285715,450.0,229.13936293319264,10000000000000000,178.08797293241312
500,400,500,gst3d,22.556639099121092,100000000,200000,250000,200000,812.403840463596,1300000,8.965784284662087,8.643856189774725,8.965784284662087,26.575424759098897,1.25,1.0,0.8,0.35714285714285715,0.2857142857142857,0.35714285714285715,450.0,229.13936293319264,10000000000000000,178.08797293241312
500,400,600,envelope,3.2336669921875,120000000,200000,300000,240000,877.4964387392122,1480000,8.965784284662087,8.643856189774725,9.228818690495881,26.838459164932694,1.25,0.8333333333333334,0.6666666666666666,0.3333333333333333,0.26666666666666666,0.4,450.0,229.13936293319264,14400000000000000,181.916762050059
500,400,600,gaussian-filter,1.0014045715332032,120000000,200000,300000,240000,877.4964387392122,1480000,8.965784284662087,8.643856189774725,9.228818690495881,26.838459164932694,1.25,0.8333333333333334,0.6666666666666666,0.3333333333333333,0.26666666666666666,0.4,450.0,229.13936293319264,14400000000000000,181.916762050059
500,400,600,gst3d,27.063496398925782,120000000,200000,300000,240000,877.4964387392122,1480000,8.965784284662087,8.643856189774725,9.228818690495881,26.838459164932694,1.25,0.8333333333333334,0.6666666666666666,0.3333333333333333,0.26666666666666666,0.4,450.0,229.13936293319264,14400000000000000,181.916762050059
500,400,700,envelope,3.755107879638672,140000000,200000,350000,280000,948.6832980505138,1660000,8.965784284662087,8.643856189774725,9.451211111832329,27.06085158626914,1.25,0.7142857142857143,0.5714285714285714,0.3125,0.25,0.4375,450.0,229.13936293319264,19600000000000000,185.53267737906353
500,400,700,gaussian-filter,1.150311279296875,140000000,200000,350000,280000,948.6832980505138,1660000,8.965784284662087,8.643856189774725,9.451211111832329,27.06085158626914,1.25,0.7142857142857143,0.5714285714285714,0.3125,0.25,0.4375,450.0,229.13936293319264,19600000000000000,185.53267737906353
500,400,700,gst3d,31.570020294189455,140000000,200000,350000,280000,948.6832980505138,1660000,8.965784284662087,8.643856189774725,9.451211111832329,27.06085158626914,1.25,0.7142857142857143,0.5714285714285714,0.3125,0.25,0.4375,450.0,229.13936293319264,19600000000000000,185.53267737906353
500,400,800,envelope,4.2756401062011715,160000000,200000,400000,320000,1024.6950765959598,1840000,8.965784284662087,8.643856189774725,9.643856189774725,27.253496664211536,1.25,0.625,0.5,0.29411764705882354,0.23529411764705882,0.47058823529411764,450.0,229.13936293319264,25600000000000000,188.95192046111265
500,400,800,gaussian-filter,1.2992134094238281,160000000,200000,400000,320000,1024.6950765959598,1840000,8.965784284662087,8.643856189774725,9.643856189774725,27.253496664211536,1.25,0.625,0.5,0.29411764705882354,0.23529411764705882,0.47058823529411764,450.0,229.13936293319264,25600000000000000,188.95192046111265
500,400,800,gst3d,36.07729034423828,160000000,200000,400000,320000,1024.6950765959598,1840000,8.965784284662087,8.643856189774725,9.643856189774725,27.253496664211536,1.25,0.625,0.5,0.29411764705882354,0.23529411764705882,0.47058823529411764,450.0,229.13936293319264,25600000000000000,188.95192046111265
500,500,100,envelope,0.7555648803710937,25000000,250000,50000,50000,714.142842854285,700000,8.965784284662087,8.965784284662087,6.643856189774724,24.575424759098897,1.0,5.0,5.0,0.45454545454545453,0.45454545454545453,0.09090909090909091,500.0,229.13936293319264,625000000000000,161.5215443168136
500,500,100,gaussian-filter,0.29317474365234375,25000000,250000,50000,50000,714.142842854285,700000,8.965784284662087,8.965784284662087,6.643856189774724,24.575424759098897,1.0,5.0,5.0,0.45454545454545453,0.45454545454545453,0.09090909090909091,500.0,229.13936293319264,625000000000000,161.5215443168136
500,500,100,gst3d,5.640898895263672,25000000,250000,50000,50000,714.142842854285,700000,8.965784284662087,8.965784284662087,6.643856189774724,24.575424759098897,1.0,5.0,5.0,0.45454545454545453,0.45454545454545453,0.09090909090909091,500.0,229.13936293319264,625000000000000,161.5215443168136
500,500,200,envelope,1.4094161987304688,50000000,250000,100000,100000,734.8469228349534,900000,8.965784284662087,8.965784284662087,7.643856189774724,25.575424759098897,1.0,2.5,2.5,0.4166666666666667,0.4166666666666667,0.16666666666666666,500.0,229.13936293319264,2500000000000000,168.82394435395813
500,500,200,gaussian-filter,0.4795951843261719,50000000,250000,100000,100000,734.8469228349534,900000,8.965784284662087,8.965784284662087,7.643856189774724,25.575424759098897,1.0,2.5,2.5,0.4166666666666667,0.4166666666666667,0.16666666666666666,500.0,229.13936293319264,2500000000000000,168.82394435395813
500,500,200,gst3d,11.278880310058593,50000000,250000,100000,100000,734.8469228349534,900000,8.965784284662087,8.965784284662087,7.643856189774724,25.575424759098897,1.0,2.5,2.5,0.4166666666666667,0.4166666666666667,0.16666666666666666,500.0,229.13936293319264,2500000000000000,168.82394435395813
500,500,300,envelope,2.058615875244141,75000000,250000,150000,150000,768.1145747868608,1100000,8.965784284662087,8.965784284662087,8.228818690495881,26.160387259820055,1.0,1.6666666666666667,1.6666666666666667,0.38461538461538464,0.38461538461538464,0.23076923076923078,500.0,229.13936293319264,5625000000000000,173.84205053500645
500,500,300,gaussian-filter,0.6660476684570312,75000000,250000,150000,150000,768.1145747868608,1100000,8.965784284662087,8.965784284662087,8.228818690495881,26.160387259820055,1.0,1.6666666666666667,1.6666666666666667,0.38461538461538464,0.38461538461538464,0.23076923076923078,500.0,229.13936293319264,5625000000000000,173.84205053500645
500,500,300,gst3d,16.917713165283203,75000000,250000,150000,150000,768.1145747868608,1100000,8.965784284662087,8.965784284662087,8.228818690495881,26.160387259820055,1.0,1.6666666666666667,1.6666666666666667,0.38461538461538464,0.38461538461538464,0.23076923076923078,500.0,229.13936293319264,5625000000000000,173.84205053500645
500,500,400,envelope,2.71099853515625,100000000,250000,200000,200000,812.403840463596,1300000,8.965784284662087,8.965784284662087,8.643856189774725,26.575424759098897,1.0,1.25,1.25,0.35714285714285715,0.35714285714285715,0.2857142857142857,500.0,229.13936293319264,10000000000000000,178.08797293241312
500,500,400,gaussian-filter,0.8522552490234375,100000000,250000,200000,200000,812.403840463596,1300000,8.965784284662087,8.965784284662087,8.643856189774725,26.575424759098897,1.0,1.25,1.25,0.35714285714285715,0.35714285714285715,0.2857142857142857,500.0,229.13936293319264,10000000000000000,178.08797293241312
500,500,400,gst3d,22.55611572265625,100000000,250000,200000,200000,812.403840463596,1300000,8.965784284662087,8.965784284662087,8.643856189774725,26.575424759098897,1.0,1.25,1.25,0.35714285714285715,0.35714285714285715,0.2857142857142857,500.0,229.13936293319264,10000000000000000,178.08797293241312
500,500,500,envelope,3.364897918701172,125000000,250000,250000,250000,866.0254037844386,1500000,8.965784284662087,8.965784284662087,8.965784284662087,26.897352853986263,1.0,1.0,1.0,0.3333333333333333,0.3333333333333333,0.3333333333333333,500.0,229.13936293319264,15625000000000000,181.96242853156275
500,500,500,gaussian-filter,1.0382049560546875,125000000,250000,250000,250000,866.0254037844386,1500000,8.965784284662087,8.965784284662087,8.965784284662087,26.897352853986263,1.0,1.0,1.0,0.3333333333333333,0.3333333333333333,0.3333333333333333,500.0,229.13936293319264,15625000000000000,181.96242853156275
500,500,500,gst3d,28.195068359375,125000000,250000,250000,250000,866.0254037844386,1500000,8.965784284662087,8.965784284662087,8.965784284662087,26.897352853986263,1.0,1.0,1.0,0.3333333333333333,0.3333333333333333,0.3333333333333333,500.0,229.13936293319264,15625000000000000,181.96242853156275
500,500,600,envelope,4.014854431152344,150000000,250000,300000,300000,927.3618495495704,1700000,8.965784284662087,8.965784284662087,9.228818690495881,27.160387259820055,1.0,0.8333333333333334,0.8333333333333334,0.3125,0.3125,0.375,500.0,229.13936293319264,22500000000000000,185.59837644601788
500,500,600,gaussian-filter,1.2247756958007812,150000000,250000,300000,300000,927.3618495495704,1700000,8.965784284662087,8.965784284662087,9.228818690495881,27.160387259820055,1.0,0.8333333333333334,0.8333333333333334,0.3125,0.3125,0.375,500.0,229.13936293319264,22500000000000000,185.59837644601788
500,500,600,gst3d,33.8337516784668,150000000,250000,300000,300000,927.3618495495704,1700000,8.965784284662087,8.965784284662087,9.228818690495881,27.160387259820055,1.0,0.8333333333333334,0.8333333333333334,0.3125,0.3125,0.375,500.0,229.13936293319264,22500000000000000,185.59837644601788
500,500,700,envelope,4.667517852783203,175000000,250000,350000,350000,994.98743710662,1900000,8.965784284662087,8.965784284662087,9.451211111832329,27.382779681156503,1.0,0.7142857142857143,0.7142857142857143,0.29411764705882354,0.29411764705882354,0.4117647058823529,500.0,229.13936293319264,30625000000000000,189.04344473815362
500,500,700,gaussian-filter,1.4110588073730468,175000000,250000,350000,350000,994.98743710662,1900000,8.965784284662087,8.965784284662087,9.451211111832329,27.382779681156503,1.0,0.7142857142857143,0.7142857142857143,0.29411764705882354,0.29411764705882354,0.4117647058823529,500.0,229.13936293319264,30625000000000000,189.04344473815362
500,500,700,gst3d,39.47317047119141,175000000,250000,350000,350000,994.98743710662,1900000,8.965784284662087,8.965784284662087,9.451211111832329,27.382779681156503,1.0,0.7142857142857143,0.7142857142857143,0.29411764705882354,0.29411764705882354,0.4117647058823529,500.0,229.13936293319264,30625000000000000,189.04344473815362
500,500,800,envelope,5.31884765625,200000000,250000,400000,400000,1067.707825203131,2100000,8.965784284662087,8.965784284662087,9.643856189774725,27.575424759098897,1.0,0.625,0.625,0.2777777777777778,0.2777777777777778,0.4444444444444444,500.0,229.13936293319264,40000000000000000,192.31668061013133
500,500,800,gaussian-filter,1.5974876403808593,200000000,250000,400000,400000,1067.707825203131,2100000,8.965784284662087,8.965784284662087,9.643856189774725,27.575424759098897,1.0,0.625,0.625,0.2777777777777778,0.2777777777777778,0.4444444444444444,500.0,229.13936293319264,40000000000000000,192.31668061013133
500,500,800,gst3d,45.11113662719727,200000000,250000,400000,400000,1067.707825203131,2100000,8.965784284662087,8.965784284662087,9.643856189774725,27.575424759098897,1.0,0.625,0.625,0.2777777777777778,0.2777777777777778,0.4444444444444444,500.0,229.13936293319264,40000000000000000,192.31668061013133
500,600,100,envelope,0.8818046569824218,30000000,300000,50000,60000,787.4007874011811,820000,8.965784284662087,9.228818690495881,6.643856189774724,24.838459164932694,0.8333333333333334,5.0,6.0,0.4166666666666667,0.5,0.08333333333333333,550.0,229.13936293319264,900000000000000,165.67268591840912
500,600,100,gaussian-filter,0.33060302734375,30000000,300000,50000,60000,787.4007874011811,820000,8.965784284662087,9.228818690495881,6.643856189774724,24.838459164932694,0.8333333333333334,5.0,6.0,0.4166666666666667,0.5,0.08333333333333333,550.0,229.13936293319264,900000000000000,165.67268591840912
500,600,100,gst3d,6.750950622558594,30000000,300000,50000,60000,787.4007874011811,820000,8.965784284662087,9.228818690495881,6.643856189774724,24.838459164932694,0.8333333333333334,5.0,6.0,0.4166666666666667,0.5,0.08333333333333333,550.0,229.13936293319264,900000000000000,165.67268591840912
500,600,200,envelope,1.6668617248535156,60000000,300000,100000,120000,806.2257748298549,1040000,8.965784284662087,9.228818690495881,7.643856189774724,25.838459164932694,0.8333333333333334,2.5,3.0,0.38461538461538464,0.46153846153846156,0.15384615384615385,550.0,229.13936293319264,3600000000000000,172.9523981090547
500,600,200,gaussian-filter,0.5540237426757812,60000000,300000,100000,120000,806.2257748298549,1040000,8.965784284662087,9.228818690495881,7.643856189774724,25.838459164932694,0.8333333333333334,2.5,3.0,0.38461538461538464,0.46153846153846156,0.15384615384615385,550.0,229.13936293319264,3600000000000000,172.9523981090547
500,600,200,gst3d,13.521822357177735,60000000,300000,100000,120000,806.2257748298549,1040000,8.965784284662087,9.228818690495881,7.643856189774724,25.838459164932694,0.8333333333333334,2.5,3.0,0.38461538461538464,0.46153846153846156,0.15384615384615385,550.0,229.13936293319264,3600000000000000,172.9523981090547
500,600,300,envelope,2.4497344970703123,90000000,300000,150000,180000,836.6600265340755,1260000,8.965784284662087,9.228818690495881,8.228818690495881,26.423421665653848,0.8333333333333334,1.6666666666666667,2.0,0.35714285714285715,0.42857142857142855,0.21428571428571427,550.0,229.13936293319264,8100000000000000,177.84580744974232
500,600,300,gaussian-filter,0.7778114318847656,90000000,300000,150000,180000,836.6600265340755,1260000,8.965784284662087,9.228818690495881,8.228818690495881,26.423421665653848,0.8333333333333334,1.6666666666666667,2.0,0.35714285714285715,0.42857142857142855,0.21428571428571427,550.0,229.13936293319264,8100000000000000,177.84580744974232
500,600,300,gst3d,20.292910766601562,90000000,300000,150000,180000,836.6600265340755,1260000,8.965784284662087,9.228818690495881,8.228818690495881,26.423421665653848,0.8333333333333334,1.6666666666666667,2.0,0.35714285714285715,0.42857142857142855,0.21428571428571427,550.0,229.13936293319264,8100000000000000,177.84580744974232
500,600,400,envelope,3.2309425354003904,120000000,300000,200000,240000,877.4964387392122,1480000,8.965784284662087,9.228818690495881,8.643856189774725,26.838459164932694,0.8333333333333334,1.25,1.5,0.3333333333333333,0.4,0.26666666666666666,550.0,229.13936293319264,14400000000000000,181.916762050059
500,600,400,gaussian-filter,1.0012550354003906,120000000,300000,200000,240000,877.4964387392122,1480000,8.965784284662087,9.228818690495881,8.643856189774725,26.838459164932694,0.8333333333333334,1.25,1.5,0.3333333333333333,0.4,0.26666666666666666,550.0,229.13936293319264,14400000000000000,181.916762050059
500,600,400,gst3d,27.0632080078125,120000000,300000,200000,240000,877.4964387392122,1480000,8.965784284662087,9.228818690495881,8.643856189774725,26.838459164932694,0.8333333333333334,1.25,1.5,0.3333333333333333,0.4,0.26666666666666666,550.0,229.13936293319264,14400000000000000,181.916762050059
500,600,500,envelope,4.015751647949219,150000000,300000,250000,300000,927.3618495495704,1700000,8.965784284662087,9.228818690495881,8.965784284662087,27.160387259820055,0.8333333333333334,1.0,1.2,0.3125,0.375,0.3125,550.0,229.13936293319264,22500000000000000,185.59837644601788
500,600,500,gaussian-filter,1.2246253967285157,150000000,300000,250000,300000,927.3618495495704,1700000,8.965784284662087,9.228818690495881,8.965784284662087,27.160387259820055,0.8333333333333334,1.0,1.2,0.3125,0.375,0.3125,550.0,229.13936293319264,22500000000000000,185.59837644601788
500,600,500,gst3d,33.833464813232425,150000000,300000,250000,300000,927.3618495495704,1700000,8.965784284662087,9.228818690495881,8.965784284662087,27.160387259820055,0.8333333333333334,1.0,1.2,0.3125,0.375,0.3125,550.0,229.13936293319264,22500000000000000,185.59837644601788
500,600,600,envelope,4.797550201416016,180000000,300000,300000,360000,984.8857801796105,1920000,8.965784284662087,9.228818690495881,9.228818690495881,27.423421665653848,0.8333333333333334,0.8333333333333334,1.0,0.29411764705882354,0.35294117647058826,0.35294117647058826,550.0,229.13936293319264,32400000000000000,189.04446807324598
500,600,600,gaussian-filter,1.4483154296875,180000000,300000,300000,360000,984.8857801796105,1920000,8.965784284662087,9.228818690495881,9.228818690495881,27.423421665653848,0.8333333333333334,0.8333333333333334,1.0,0.29411764705882354,0.35294117647058826,0.35294117647058826,550.0,229.13936293319264,32400000000000000,189.04446807324598
500,600,600,gst3d,40.60525817871094,180000000,300000,300000,360000,984.8857801796105,1920000,8.965784284662087,9.228818690495881,9.228818690495881,27.423421665653848,0.8333333333333334,0.8333333333333334,1.0,0.29411764705882354,0.35294117647058826,0.35294117647058826,550.0,229.13936293319264,32400000000000000,189.04446807324598
500,600,700,envelope,5.579414367675781,210000000,300000,350000,420000,1048.8088481701516,2140000,8.965784284662087,9.228818690495881,9.451211111832329,27.645814086990296,0.8333333333333334,0.7142857142857143,0.8571428571428571,0.2777777777777778,0.3333333333333333,0.3888888888888889,550.0,229.13936293319264,44100000000000000,192.31432864808394
500,600,700,gaussian-filter,1.6719322204589844,210000000,300000,350000,420000,1048.8088481701516,2140000,8.965784284662087,9.228818690495881,9.451211111832329,27.645814086990296,0.8333333333333334,0.7142857142857143,0.8571428571428571,0.2777777777777778,0.3333333333333333,0.3888888888888889,550.0,229.13936293319264,44100000000000000,192.31432864808394
500,600,700,gst3d,47.37554931640625,210000000,300000,350000,420000,1048.8088481701516,2140000,8.965784284662087,9.228818690495881,9.451211111832329,27.645814086990296,0.8333333333333334,0.7142857142857143,0.8571428571428571,0.2777777777777778,0.3333333333333333,0.3888888888888889,550.0,229.13936293319264,44100000000000000,192.31432864808394
500,600,800,envelope,6.359558868408203,240000000,300000,400000,480000,1118.033988749895,2360000,8.965784284662087,9.228818690495881,9.643856189774725,27.838459164932694,0.8333333333333334,0.625,0.75,0.2631578947368421,0.3157894736842105,0.42105263157894735,550.0,229.13936293319264,57600000000000000,195.43213792196622
500,600,800,gaussian-filter,1.8952987670898438,240000000,300000,400000,480000,1118.033988749895,2360000,8.965784284662087,9.228818690495881,9.643856189774725,27.838459164932694,0.8333333333333334,0.625,0.75,0.2631578947368421,0.3157894736842105,0.42105263157894735,550.0,229.13936293319264,57600000000000000,195.43213792196622
500,600,800,gst3d,54.14533386230469,240000000,300000,400000,480000,1118.033988749895,2360000,8.965784284662087,9.228818690495881,9.643856189774725,27.838459164932694,0.8333333333333334,0.625,0.75,0.2631578947368421,0.3157894736842105,0.42105263157894735,550.0,229.13936293319264,57600000000000000,195.43213792196622
500,700,100,envelope,1.0146049499511718,35000000,350000,50000,70000,866.0254037844386,940000,8.965784284662087,9.451211111832329,6.643856189774724,25.06085158626914,0.7142857142857143,5.0,7.0,0.38461538461538464,0.5384615384615384,0.07692307692307693,600.0,229.13936293319264,1225000000000000,169.53837206440093
500,700,100,gaussian-filter,0.3678680419921875,35000000,350000,50000,70000,866.0254037844386,940000,8.965784284662087,9.451211111832329,6.643856189774724,25.06085158626914,0.7142857142857143,5.0,7.0,0.38461538461538464,0.5384615384615384,0.07692307692307693,600.0,229.13936293319264,1225000000000000,169.53837206440093
500,700,100,gst3d,7.8614959716796875,35000000,350000,50000,70000,866.0254037844386,940000,8.965784284662087,9.451211111832329,6.643856189774724,25.06085158626914,0.7142857142857143,5.0,7.0,0.38461538461538464,0.5384615384615384,0.07692307692307693,600.0,229.13936293319264,1225000000000000,169.53837206440093
500,700,200,envelope,1.9300025939941405,70000000,350000,100000,140000,883.1760866327846,1180000,8.965784284662087,9.451211111832329,7.643856189774724,26.06085158626914,0.7142857142857143,2.5,3.5,0.35714285714285715,0.5,0.14285714285714285,600.0,229.13936293319264,4900000000000000,176.8139192256871
500,700,200,gaussian-filter,0.6285072326660156,70000000,350000,100000,140000,883.1760866327846,1180000,8.965784284662087,9.451211111832329,7.643856189774724,26.06085158626914,0.7142857142857143,2.5,3.5,0.35714285714285715,0.5,0.14285714285714285,600.0,229.13936293319264,4900000000000000,176.8139192256871
500,700,200,gst3d,15.764250183105469,70000000,350000,100000,140000,883.1760866327846,1180000,8.965784284662087,9.451211111832329,7.643856189774724,26.06085158626914,0.7142857142857143,2.5,3.5,0.35714285714285715,0.5,0.14285714285714285,600.0,229.13936293319264,4900000000000000,176.8139192256871
500,700,300,envelope,2.8418563842773437,105000000,350000,150000,210000,911.0433579144299,1420000,8.965784284662087,9.451211111832329,8.228818690495881,26.645814086990296,0.7142857142857143,1.6666666666666667,2.3333333333333335,0.3333333333333333,0.4666666666666667,0.2,600.0,229.13936293319264,11025000000000000,181.6095428131768
500,700,300,gaussian-filter,0.8894294738769531,105000000,350000,150000,210000,911.0433579144299,1420000,8.965784284662087,9.451211111832329,8.228818690495881,26.645814086990296,0.7142857142857143,1.6666666666666667,2.3333333333333335,0.3333333333333333,0.4666666666666667,0.2,600.0,229.13936293319264,11025000000000000,181.6095428131768
500,700,300,gst3d,23.667111206054688,105000000,350000,150000,210000,911.0433579144299,1420000,8.965784284662087,9.451211111832329,8.228818690495881,26.645814086990296,0.7142857142857143,1.6666666666666667,2.3333333333333335,0.3333333333333333,0.4666666666666667,0.2,600.0,229.13936293319264,11025000000000000,181.6095428131768
500,700,400,envelope,3.7553497314453126,140000000,350000,200000,280000,948.6832980505138,1660000,8.965784284662087,9.451211111832329,8.643856189774725,27.06085158626914,0.7142857142857143,1.25,1.75,0.3125,0.4375,0.25,600.0,229.13936293319264,19600000000000000,185.53267737906353
500,700,400,gaussian-filter,1.1501853942871094,140000000,350000,200000,280000,948.6832980505138,1660000,8.965784284662087,9.451211111832329,8.643856189774725,27.06085158626914,0.7142857142857143,1.25,1.75,0.3125,0.4375,0.25,600.0,229.13936293319264,19600000000000000,185.53267737906353
500,700,400,gst3d,31.56961669921875,140000000,350000,200000,280000,948.6832980505138,1660000,8.965784284662087,9.451211111832329,8.643856189774725,27.06085158626914,0.7142857142857143,1.25,1.75,0.3125,0.4375,0.25,600.0,229.13936293319264,19600000000000000,185.53267737906353
500,700,500,envelope,4.666632843017578,175000000,350000,250000,350000,994.98743710662,1900000,8.965784284662087,9.451211111832329,8.965784284662087,27.382779681156503,0.7142857142857143,1.0,1.4,0.29411764705882354,0.4117647058823529,0.29411764705882354,600.0,229.13936293319264,30625000000000000,189.04344473815362
500,700,500,gaussian-filter,1.410895538330078,175000000,350000,250000,350000,994.98743710662,1900000,8.965784284662087,9.451211111832329,8.965784284662087,27.382779681156503,0.7142857142857143,1.0,1.4,0.29411764705882354,0.4117647058823529,0.29411764705882354,600.0,229.13936293319264,30625000000000000,189.04344473815362
500,700,500,gst3d,39.47319564819336,175000000,350000,250000,350000,994.98743710662,1900000,8.965784284662087,9.451211111832329,8.965784284662087,27.382779681156503,0.7142857142857143,1.0,1.4,0.29411764705882354,0.4117647058823529,0.29411764705882354,600.0,229.13936293319264,30625000000000000,189.04344473815362
500,700,600,envelope,5.578936767578125,210000000,350000,300000,420000,1048.8088481701516,2140000,8.965784284662087,9.451211111832329,9.228818690495881,27.645814086990296,0.7142857142857143,0.8333333333333334,1.1666666666666667,0.2777777777777778,0.3888888888888889,0.3333333333333333,600.0,229.13936293319264,44100000000000000,192.31432864808394
500,700,600,gaussian-filter,1.6719245910644531,210000000,350000,300000,420000,1048.8088481701516,2140000,8.965784284662087,9.451211111832329,9.228818690495881,27.645814086990296,0.7142857142857143,0.8333333333333334,1.1666666666666667,0.2777777777777778,0.3888888888888889,0.3333333333333333,600.0,229.13936293319264,44100000000000000,192.31432864808394
500,700,600,gst3d,47.375423431396484,210000000,350000,300000,420000,1048.8088481701516,2140000,8.965784284662087,9.451211111832329,9.228818690495881,27.645814086990296,0.7142857142857143,0.8333333333333334,1.1666666666666667,0.2777777777777778,0.3888888888888889,0.3333333333333333,600.0,229.13936293319264,44100000000000000,192.31432864808394
500,700,700,envelope,6.490287780761719,245000000,350000,350000,490000,1109.0536506409417,2380000,8.965784284662087,9.451211111832329,9.451211111832329,27.868206508326743,0.7142857142857143,0.7142857142857143,1.0,0.2631578947368421,0.3684210526315789,0.3684210526315789,600.0,229.13936293319264,60025000000000000,195.41642402878156
500,700,700,gaussian-filter,1.9324958801269532,245000000,350000,350000,490000,1109.0536506409417,2380000,8.965784284662087,9.451211111832329,9.451211111832329,27.868206508326743,0.7142857142857143,0.7142857142857143,1.0,0.2631578947368421,0.3684210526315789,0.3684210526315789,600.0,229.13936293319264,60025000000000000,195.41642402878156
500,700,700,gst3d,55.27778625488281,245000000,350000,350000,490000,1109.0536506409417,2380000,8.965784284662087,9.451211111832329,9.451211111832329,27.868206508326743,0.7142857142857143,0.7142857142857143,1.0,0.2631578947368421,0.3684210526315789,0.3684210526315789,600.0,229.13936293319264,60025000000000000,195.41642402878156
500,700,800,envelope,7.3988197326660154,280000000,350000,400000,560000,1174.7340124470732,2620000,8.965784284662087,9.451211111832329,9.643856189774725,28.06085158626914,0.7142857142857143,0.625,0.875,0.25,0.35,0.4,600.0,229.13936293319264,78400000000000000,198.38034113403268
500,700,800,gaussian-filter,2.1932655334472657,280000000,350000,400000,560000,1174.7340124470732,2620000,8.965784284662087,9.451211111832329,9.643856189774725,28.06085158626914,0.7142857142857143,0.625,0.875,0.25,0.35,0.4,600.0,229.13936293319264,78400000000000000,198.38034113403268
500,700,800,gst3d,63.1805061340332,280000000,350000,400000,560000,1174.7340124470732,2620000,8.965784284662087,9.451211111832329,9.643856189774725,28.06085158626914,0.7142857142857143,0.625,0.875,0.25,0.35,0.4,600.0,229.13936293319264,78400000000000000,198.38034113403268
500,800,100,envelope,1.1450302124023437,40000000,400000,50000,80000,948.6832980505138,1060000,8.965784284662087,9.643856189774725,6.643856189774724,25.253496664211536,0.625,5.0,8.0,0.35714285714285715,0.5714285714285714,0.07142857142857142,650.0,229.13936293319264,1600000000000000,173.14121968252448
500,800,100,gaussian-filter,0.40506439208984374,40000000,400000,50000,80000,948.6832980505138,1060000,8.965784284662087,9.643856189774725,6.643856189774724,25.253496664211536,0.625,5.0,8.0,0.35714285714285715,0.5714285714285714,0.07142857142857142,650.0,229.13936293319264,1600000000000000,173.14121968252448
500,800,100,gst3d,8.973123168945312,40000000,400000,50000,80000,948.6832980505138,1060000,8.965784284662087,9.643856189774725,6.643856189774724,25.253496664211536,0.625,5.0,8.0,0.35714285714285715,0.5714285714285714,0.07142857142857142,650.0,229.13936293319264,1600000000000000,173.14121968252448
500,800,200,envelope,2.187530517578125,80000000,400000,100000,160000,964.3650760992955,1320000,8.965784284662087,9.643856189774725,7.643856189774724,26.253496664211536,0.625,2.5,4.0,0.3333333333333333,0.5333333333333333,0.13333333333333333,650.0,229.13936293319264,6400000000000000,180.42732245564312
500,800,200,gaussian-filter,0.7031326293945312,80000000,400000,100000,160000,964.3650760992955,1320000,8.965784284662087,9.643856189774725,7.643856189774724,26.253496664211536,0.625,2.5,4.0,0.3333333333333333,0.5333333333333333,0.13333333333333333,650.0,229.13936293319264,6400000000000000,180.42732245564312
500,800,200,gst3d,18.007344818115236,80000000,400000,100000,160000,964.3650760992955,1320000,8.965784284662087,9.643856189774725,7.643856189774724,26.253496664211536,0.625,2.5,4.0,0.3333333333333333,0.5333333333333333,0.13333333333333333,650.0,229.13936293319264,6400000000000000,180.42732245564312
500,800,300,envelope,3.2332443237304687,120000000,400000,150000,240000,989.9494936611666,1580000,8.965784284662087,9.643856189774725,8.228818690495881,26.838459164932694,0.625,1.6666666666666667,2.6666666666666665,0.3125,0.5,0.1875,650.0,229.13936293319264,14400000000000000,185.1495004625695
500,800,300,gaussian-filter,1.0011146545410157,120000000,400000,150000,240000,989.9494936611666,1580000,8.965784284662087,9.643856189774725,8.228818690495881,26.838459164932694,0.625,1.6666666666666667,2.6666666666666665,0.3125,0.5,0.1875,650.0,229.13936293319264,14400000000000000,185.1495004625695
500,800,300,gst3d,27.041908264160156,120000000,400000,150000,240000,989.9494936611666,1580000,8.965784284662087,9.643856189774725,8.228818690495881,26.838459164932694,0.625,1.6666666666666667,2.6666666666666665,0.3125,0.5,0.1875,650.0,229.13936293319264,14400000000000000,185.1495004625695
500,800,400,envelope,4.275505065917969,160000000,400000,200000,320000,1024.6950765959598,1840000,8.965784284662087,9.643856189774725,8.643856189774725,27.253496664211536,0.625,1.25,2.0,0.29411764705882354,0.47058823529411764,0.23529411764705882,650.0,229.13936293319264,25600000000000000,188.95192046111265
500,800,400,gaussian-filter,1.2992271423339843,160000000,400000,200000,320000,1024.6950765959598,1840000,8.965784284662087,9.643856189774725,8.643856189774725,27.253496664211536,0.625,1.25,2.0,0.29411764705882354,0.47058823529411764,0.23529411764705882,650.0,229.13936293319264,25600000000000000,188.95192046111265
500,800,400,gst3d,36.07710418701172,160000000,400000,200000,320000,1024.6950765959598,1840000,8.965784284662087,9.643856189774725,8.643856189774725,27.253496664211536,0.625,1.25,2.0,0.29411764705882354,0.47058823529411764,0.23529411764705882,650.0,229.13936293319264,25600000000000000,188.95192046111265
500,800,500,envelope,5.318564605712891,200000000,400000,250000,400000,1067.707825203131,2100000,8.965784284662087,9.643856189774725,8.965784284662087,27.575424759098897,0.625,1.0,1.6,0.2777777777777778,0.4444444444444444,0.2777777777777778,650.0,229.13936293319264,40000000000000000,192.31668061013133
500,800,500,gaussian-filter,1.5973663330078125,200000000,400000,250000,400000,1067.707825203131,2100000,8.965784284662087,9.643856189774725,8.965784284662087,27.575424759098897,0.625,1.0,1.6,0.2777777777777778,0.4444444444444444,0.2777777777777778,650.0,229.13936293319264,40000000000000000,192.31668061013133
500,800,500,gst3d,45.110494995117186,200000000,400000,250000,400000,1067.707825203131,2100000,8.965784284662087,9.643856189774725,8.965784284662087,27.575424759098897,0.625,1.0,1.6,0.2777777777777778,0.4444444444444444,0.2777777777777778,650.0,229.13936293319264,40000000000000000,192.31668061013133
500,800,600,envelope,6.359988403320313,240000000,400000,300000,480000,1118.033988749895,2360000,8.965784284662087,9.643856189774725,9.228818690495881,27.838459164932694,0.625,0.8333333333333334,1.3333333333333333,0.2631578947368421,0.42105263157894735,0.3157894736842105,650.0,229.13936293319264,57600000000000000,195.43213792196622
500,800,600,gaussian-filter,1.8954437255859375,240000000,400000,300000,480000,1118.033988749895,2360000,8.965784284662087,9.643856189774725,9.228818690495881,27.838459164932694,0.625,0.8333333333333334,1.3333333333333333,0.2631578947368421,0.42105263157894735,0.3157894736842105,650.0,229.13936293319264,57600000000000000,195.43213792196622
500,800,600,gst3d,54.14563522338867,240000000,400000,300000,480000,1118.033988749895,2360000,8.965784284662087,9.643856189774725,9.228818690495881,27.838459164932694,0.625,0.8333333333333334,1.3333333333333333,0.2631578947368421,0.42105263157894735,0.3157894736842105,650.0,229.13936293319264,57600000000000000,195.43213792196622
500,800,700,envelope,7.404518127441406,280000000,400000,350000,560000,1174.7340124470732,2620000,8.965784284662087,9.643856189774725,9.451211111832329,28.06085158626914,0.625,0.7142857142857143,1.1428571428571428,0.25,0.4,0.35,650.0,229.13936293319264,78400000000000000,198.38034113403268
500,800,700,gaussian-filter,2.1933670043945312,280000000,400000,350000,560000,1174.7340124470732,2620000,8.965784284662087,9.643856189774725,9.451211111832329,28.06085158626914,0.625,0.7142857142857143,1.1428571428571428,0.25,0.4,0.35,650.0,229.13936293319264,78400000000000000,198.38034113403268
500,800,700,gst3d,63.18052597045899,280000000,400000,350000,560000,1174.7340124470732,2620000,8.965784284662087,9.643856189774725,9.451211111832329,28.06085158626914,0.625,0.7142857142857143,1.1428571428571428,0.25,0.4,0.35,650.0,229.13936293319264,78400000000000000,198.38034113403268
500,800,800,envelope,8.446194458007813,320000000,400000,400000,640000,1236.9316876852981,2880000,8.965784284662087,9.643856189774725,9.643856189774725,28.253496664211536,0.625,0.625,1.0,0.23809523809523808,0.38095238095238093,0.38095238095238093,650.0,229.13936293319264,102400000000000000,201.19872337378072
500,800,800,gaussian-filter,2.491524505615234,320000000,400000,400000,640000,1236.9316876852981,2880000,8.965784284662087,9.643856189774725,9.643856189774725,28.253496664211536,0.625,0.625,1.0,0.23809523809523808,0.38095238095238093,0.38095238095238093,650.0,229.13936293319264,102400000000000000,201.19872337378072
500,800,800,gst3d,72.2148223876953,320000000,400000,400000,640000,1236.9316876852981,2880000,8.965784284662087,9.643856189774725,9.643856189774725,28.253496664211536,0.625,0.625,1.0,0.23809523809523808,0.38095238095238093,0.38095238095238093,650.0,229.13936293319264,102400000000000000,201.19872337378072
600,100,100,envelope,0.2561676025390625,6000000,60000,60000,10000,616.4414002968977,260000,9.228818690495881,6.643856189774724,6.643856189774724,22.516531070045332,6.0,6.0,1.0,0.75,0.125,0.125,350.0,229.13936293319264,36000000000000,144.6818655100489
600,100,100,gaussian-filter,0.1519561767578125,6000000,60000,60000,10000,616.4414002968977,260000,9.228818690495881,6.643856189774724,6.643856189774724,22.516531070045332,6.0,6.0,1.0,0.75,0.125,0.125,350.0,229.13936293319264,36000000000000,144.6818655100489
600,100,100,gst3d,1.4395896911621093,6000000,60000,60000,10000,616.4414002968977,260000,9.228818690495881,6.643856189774724,6.643856189774724,22.516531070045332,6.0,6.0,1.0,0.75,0.125,0.125,350.0,229.13936293319264,36000000000000,144.6818655100489
600,100,200,envelope,0.41402435302734375,12000000,60000,120000,20000,640.3124237432849,400000,9.228818690495881,6.643856189774724,7.643856189774724,23.516531070045332,6.0,3.0,0.5,0.6666666666666666,0.1111111111111111,0.2222222222222222,350.0,229.13936293319264,144000000000000,151.99949220775304
600,100,200,gaussian-filter,0.19644622802734374,12000000,60000,120000,20000,640.3124237432849,400000,9.228818690495881,6.643856189774724,7.643856189774724,23.516531070045332,6.0,3.0,0.5,0.6666666666666666,0.1111111111111111,0.2222222222222222,350.0,229.13936293319264,144000000000000,151.99949220775304
600,100,200,gst3d,2.7497802734375,12000000,60000,120000,20000,640.3124237432849,400000,9.228818690495881,6.643856189774724,7.643856189774724,23.516531070045332,6.0,3.0,0.5,0.6666666666666666,0.1111111111111111,0.2222222222222222,350.0,229.13936293319264,144000000000000,151.99949220775304
600,100,300,envelope,0.5738243103027344,18000000,60000,180000,30000,678.2329983125268,540000,9.228818690495881,6.643856189774724,8.228818690495881,24.101493570766486,6.0,2.0,0.3333333333333333,0.6,0.1,0.3,350.0,229.13936293319264,324000000000000,157.1649771730334
600,100,300,gaussian-filter,0.24110946655273438,18000000,60000,180000,30000,678.2329983125268,540000,9.228818690495881,6.643856189774724,8.228818690495881,24.101493570766486,6.0,2.0,0.3333333333333333,0.6,0.1,0.3,350.0,229.13936293319264,324000000000000,157.1649771730334
600,100,300,gst3d,4.083641052246094,18000000,60000,180000,30000,678.2329983125268,540000,9.228818690495881,6.643856189774724,8.228818690495881,24.101493570766486,6.0,2.0,0.3333333333333333,0.6,0.1,0.3,350.0,229.13936293319264,324000000000000,157.1649771730334
600,100,400,envelope,0.7269767761230469,24000000,60000,240000,40000,728.0109889280518,680000,9.228818690495881,6.643856189774724,8.643856189774725,24.516531070045332,6.0,1.5,0.25,0.5454545454545454,0.09090909090909091,0.36363636363636365,350.0,229.13936293319264,576000000000000,161.60534341319234
600,100,400,gaussian-filter,0.2860565185546875,24000000,60000,240000,40000,728.0109889280518,680000,9.228818690495881,6.643856189774724,8.643856189774725,24.516531070045332,6.0,1.5,0.25,0.5454545454545454,0.09090909090909091,0.36363636363636365,350.0,229.13936293319264,576000000000000,161.60534341319234
600,100,400,gst3d,5.417751312255859,24000000,60000,240000,40000,728.0109889280518,680000,9.228818690495881,6.643856189774724,8.643856189774725,24.516531070045332,6.0,1.5,0.25,0.5454545454545454,0.09090909090909091,0.36363636363636365,350.0,229.13936293319264,576000000000000,161.60534341319234
600,100,500,envelope,0.8871696472167969,30000000,60000,300000,50000,787.4007874011811,820000,9.228818690495881,6.643856189774724,8.965784284662087,24.838459164932694,6.0,1.2,0.2,0.5,0.08333333333333333,0.4166666666666667,350.0,229.13936293319264,900000000000000,165.67268591840912
600,100,500,gaussian-filter,0.3308013916015625,30000000,60000,300000,50000,787.4007874011811,820000,9.228818690495881,6.643856189774724,8.965784284662087,24.838459164932694,6.0,1.2,0.2,0.5,0.08333333333333333,0.4166666666666667,350.0,229.13936293319264,900000000000000,165.67268591840912
600,100,500,gst3d,6.751030731201172,30000000,60000,300000,50000,787.4007874011811,820000,9.228818690495881,6.643856189774724,8.965784284662087,24.838459164932694,6.0,1.2,0.2,0.5,0.08333333333333333,0.4166666666666667,350.0,229.13936293319264,900000000000000,165.67268591840912
600,100,600,envelope,1.0446662902832031,36000000,60000,360000,60000,854.4003745317531,960000,9.228818690495881,6.643856189774724,9.228818690495881,25.101493570766486,6.0,1.0,0.16666666666666666,0.46153846153846156,0.07692307692307693,0.46153846153846156,350.0,229.13936293319264,1296000000000000,169.47448175131404
600,100,600,gaussian-filter,0.37527923583984374,36000000,60000,360000,60000,854.4003745317531,960000,9.228818690495881,6.643856189774724,9.228818690495881,25.101493570766486,6.0,1.0,0.16666666666666666,0.46153846153846156,0.07692307692307693,0.46153846153846156,350.0,229.13936293319264,1296000000000000,169.47448175131404
600,100,600,gst3d,8.085642242431641,36000000,60000,360000,60000,854.4003745317531,960000,9.228818690495881,6.643856189774724,9.228818690495881,25.101493570766486,6.0,1.0,0.16666666666666666,0.46153846153846156,0.07692307692307693,0.46153846153846156,350.0,229.13936293319264,1296000000000000,169.47448175131404
600,100,700,envelope,1.1981788635253907,42000000,60000,420000,70000,927.3618495495704,1100000,9.228818690495881,6.643856189774724,9.451211111832329,25.323885992102934,6.0,0.8571428571428571,0.14285714285714285,0.42857142857142855,0.07142857142857142,0.5,350.0,229.13936293319264,1764000000000000,173.04878904990613
600,100,700,gaussian-filter,0.4201499938964844,42000000,60000,420000,70000,927.3618495495704,1100000,9.228818690495881,6.643856189774724,9.451211111832329,25.323885992102934,6.0,0.8571428571428571,0.14285714285714285,0.42857142857142855,0.07142857142857142,0.5,350.0,229.13936293319264,1764000000000000,173.04878904990613
600,100,700,gst3d,9.41900634765625,42000000,60000,420000,70000,927.3618495495704,1100000,9.228818690495881,6.643856189774724,9.451211111832329,25.323885992102934,6.0,0.8571428571428571,0.14285714285714285,0.42857142857142855,0.07142857142857142,0.5,350.0,229.13936293319264,1764000000000000,173.04878904990613
600,100,800,envelope,1.3553497314453125,48000000,60000,480000,80000,1004.987562112089,1240000,9.228818690495881,6.643856189774724,9.643856189774725,25.516531070045332,6.0,0.75,0.125,0.4,0.06666666666666667,0.5333333333333333,350.0,229.13936293319264,2304000000000000,176.41427843741042
600,100,800,gaussian-filter,0.464892578125,48000000,60000,480000,80000,1004.987562112089,1240000,9.228818690495881,6.643856189774724,9.643856189774725,25.516531070045332,6.0,0.75,0.125,0.4,0.06666666666666667,0.5333333333333333,350.0,229.13936293319264,2304000000000000,176.41427843741042
600,100,800,gst3d,10.752715301513671,48000000,60000,480000,80000,1004.987562112089,1240000,9.228818690495881,6.643856189774724,9.643856189774725,25.516531070045332,6.0,0.75,0.125,0.4,0.06666666666666667,0.5333333333333333,350.0,229.13936293319264,2304000000000000,176.41427843741042
600,200,100,envelope,0.41815032958984377,12000000,120000,60000,20000,640.3124237432849,400000,9.228818690495881,7.643856189774724,6.643856189774724,23.516531070045332,3.0,6.0,2.0,0.6666666666666666,0.2222222222222222,0.1111111111111111,400.0,229.13936293319264,144000000000000,151.99949220775304
600,200,100,gaussian-filter,0.19646682739257812,12000000,120000,60000,20000,640.3124237432849,400000,9.228818690495881,7.643856189774724,6.643856189774724,23.516531070045332,3.0,6.0,2.0,0.6666666666666666,0.2222222222222222,0.1111111111111111,400.0,229.13936293319264,144000000000000,151.99949220775304
600,200,100,gst3d,2.7499237060546875,12000000,120000,60000,20000,640.3124237432849,400000,9.228818690495881,7.643856189774724,6.643856189774724,23.516531070045332,3.0,6.0,2.0,0.6666666666666666,0.2222222222222222,0.1111111111111111,400.0,229.13936293319264,144000000000000,151.99949220775304
600,200,200,envelope,0.7276481628417969,24000000,120000,120000,40000,663.32495807108,560000,9.228818690495881,7.643856189774724,7.643856189774724,24.516531070045332,3.0,3.0,1.0,0.6,0.2,0.2,400.0,229.13936293319264,576000000000000,159.32733154458433
600,200,200,gaussian-filter,0.2860557556152344,24000000,120000,120000,40000,663.32495807108,560000,9.228818690495881,7.643856189774724,7.643856189774724,24.516531070045332,3.0,3.0,1.0,0.6,0.2,0.2,400.0,229.13936293319264,576000000000000,159.32733154458433
600,200,200,gst3d,5.4428260803222654,24000000,120000,120000,40000,663.32495807108,560000,9.228818690495881,7.643856189774724,7.643856189774724,24.516531070045332,3.0,3.0,1.0,0.6,0.2,0.2,400.0,229.13936293319264,576000000000000,159.32733154458433
600,200,300,envelope,1.0390396118164062,36000000,120000,180000,60000,700.0,720000,9.228818690495881,7.643856189774724,8.228818690495881,25.101493570766486,3.0,2.0,0.6666666666666666,0.5454545454545454,0.18181818181818182,0.2727272727272727,400.0,229.13936293319264,1296000000000000,164.47773459879545
600,200,300,gaussian-filter,0.37526397705078124,36000000,120000,180000,60000,700.0,720000,9.228818690495881,7.643856189774724,8.228818690495881,25.101493570766486,3.0,2.0,0.6666666666666666,0.5454545454545454,0.18181818181818182,0.2727272727272727,400.0,229.13936293319264,1296000000000000,164.47773459879545
600,200,300,gst3d,8.13607177734375,36000000,120000,180000,60000,700.0,720000,9.228818690495881,7.643856189774724,8.228818690495881,25.101493570766486,3.0,2.0,0.6666666666666666,0.5454545454545454,0.18181818181818182,0.2727272727272727,400.0,229.13936293319264,1296000000000000,164.47773459879545
600,200,400,envelope,1.3571479797363282,48000000,120000,240000,80000,748.3314773547883,880000,9.228818690495881,7.643856189774724,8.643856189774725,25.516531070045332,3.0,1.5,0.5,0.5,0.16666666666666666,0.3333333333333333,400.0,229.13936293319264,2304000000000000,168.89854901243746
600,200,400,gaussian-filter,0.46489715576171875,48000000,120000,240000,80000,748.3314773547883,880000,9.228818690495881,7.643856189774724,8.643856189774725,25.516531070045332,3.0,1.5,0.5,0.5,0.16666666666666666,0.3333333333333333,400.0,229.13936293319264,2304000000000000,168.89854901243746
600,200,400,gst3d,10.828681945800781,48000000,120000,240000,80000,748.3314773547883,880000,9.228818690495881,7.643856189774724,8.643856189774725,25.516531070045332,3.0,1.5,0.5,0.5,0.16666666666666666,0.3333333333333333,400.0,229.13936293319264,2304000000000000,168.89854901243746
600,200,500,envelope,1.6692855834960938,60000000,120000,300000,100000,806.2257748298549,1040000,9.228818690495881,7.643856189774724,8.965784284662087,25.838459164932694,3.0,1.2,0.4,0.46153846153846156,0.15384615384615385,0.38461538461538464,400.0,229.13936293319264,3600000000000000,172.9523981090547
600,200,500,gaussian-filter,0.5541847229003907,60000000,120000,300000,100000,806.2257748298549,1040000,9.228818690495881,7.643856189774724,8.965784284662087,25.838459164932694,3.0,1.2,0.4,0.46153846153846156,0.15384615384615385,0.38461538461538464,400.0,229.13936293319264,3600000000000000,172.9523981090547
600,200,500,gst3d,13.521905517578125,60000000,120000,300000,100000,806.2257748298549,1040000,9.228818690495881,7.643856189774724,8.965784284662087,25.838459164932694,3.0,1.2,0.4,0.46153846153846156,0.15384615384615385,0.38461538461538464,400.0,229.13936293319264,3600000000000000,172.9523981090547
600,200,600,envelope,1.97880859375,72000000,120000,360000,120000,871.7797887081347,1200000,9.228818690495881,7.643856189774724,9.228818690495881,26.101493570766486,3.0,1.0,0.3333333333333333,0.42857142857142855,0.14285714285714285,0.42857142857142855,400.0,229.13936293319264,5184000000000000,176.75104752854608
600,200,600,gaussian-filter,0.6437019348144531,72000000,120000,360000,120000,871.7797887081347,1200000,9.228818690495881,7.643856189774724,9.228818690495881,26.101493570766486,3.0,1.0,0.3333333333333333,0.42857142857142855,0.14285714285714285,0.42857142857142855,400.0,229.13936293319264,5184000000000000,176.75104752854608
600,200,600,gst3d,16.214520263671876,72000000,120000,360000,120000,871.7797887081347,1200000,9.228818690495881,7.643856189774724,9.228818690495881,26.101493570766486,3.0,1.0,0.3333333333333333,0.42857142857142855,0.14285714285714285,0.42857142857142855,400.0,229.13936293319264,5184000000000000,176.75104752854608
600,200,700,envelope,2.293656921386719,84000000,120000,420000,140000,943.3981132056604,1360000,9.228818690495881,7.643856189774724,9.451211111832329,26.323885992102934,3.0,0.8571428571428571,0.2857142857142857,0.4,0.13333333333333333,0.4666666666666667,400.0,229.13936293319264,7056000000000000,180.33303946368733
600,200,700,gaussian-filter,0.7329757690429688,84000000,120000,420000,140000,943.3981132056604,1360000,9.228818690495881,7.643856189774724,9.451211111832329,26.323885992102934,3.0,0.8571428571428571,0.2857142857142857,0.4,0.13333333333333333,0.4666666666666667,400.0,229.13936293319264,7056000000000000,180.33303946368733
600,200,700,gst3d,18.907925415039063,84000000,120000,420000,140000,943.3981132056604,1360000,9.228818690495881,7.643856189774724,9.451211111832329,26.323885992102934,3.0,0.8571428571428571,0.2857142857142857,0.4,0.13333333333333333,0.4666666666666667,400.0,229.13936293319264,7056000000000000,180.33303946368733
600,200,800,envelope,2.60660400390625,96000000,120000,480000,160000,1019.803902718557,1520000,9.228818690495881,7.643856189774724,9.643856189774725,26.516531070045332,3.0,0.75,0.25,0.375,0.125,0.5,400.0,229.13936293319264,9216000000000000,183.71569496680777
600,200,800,gaussian-filter,0.8225570678710937,96000000,120000,480000,160000,1019.803902718557,1520000,9.228818690495881,7.643856189774724,9.643856189774725,26.516531070045332,3.0,0.75,0.25,0.375,0.125,0.5,400.0,229.13936293319264,9216000000000000,183.71569496680777
600,200,800,gst3d,21.6007438659668,96000000,120000,480000,160000,1019.803902718557,1520000,9.228818690495881,7.643856189774724,9.643856189774725,26.516531070045332,3.0,0.75,0.25,0.375,0.125,0.5,400.0,229.13936293319264,9216000000000000,183.71569496680777
600,300,100,envelope,0.5691314697265625,18000000,180000,60000,30000,678.2329983125268,540000,9.228818690495881,8.228818690495881,6.643856189774724,24.101493570766486,2.0,6.0,3.0,0.6,0.3,0.1,450.0,229.13936293319264,324000000000000,157.1649771730334
600,300,100,gaussian-filter,0.24120025634765624,18000000,180000,60000,30000,678.2329983125268,540000,9.228818690495881,8.228818690495881,6.643856189774724,24.101493570766486,2.0,6.0,3.0,0.6,0.3,0.1,450.0,229.13936293319264,324000000000000,157.1649771730334
600,300,100,gst3d,4.083494567871094,18000000,180000,60000,30000,678.2329983125268,540000,9.228818690495881,8.228818690495881,6.643856189774724,24.101493570766486,2.0,6.0,3.0,0.6,0.3,0.1,450.0,229.13936293319264,324000000000000,157.1649771730334
600,300,200,envelope,1.0415283203125,36000000,180000,120000,60000,700.0,720000,9.228818690495881,8.228818690495881,7.643856189774724,25.101493570766486,2.0,3.0,1.5,0.5454545454545454,0.2727272727272727,0.18181818181818182,450.0,229.13936293319264,1296000000000000,164.47773459879545
600,300,200,gaussian-filter,0.3753997802734375,36000000,180000,120000,60000,700.0,720000,9.228818690495881,8.228818690495881,7.643856189774724,25.101493570766486,2.0,3.0,1.5,0.5454545454545454,0.2727272727272727,0.18181818181818182,450.0,229.13936293319264,1296000000000000,164.47773459879545
600,300,200,gst3d,8.136054992675781,36000000,180000,120000,60000,700.0,720000,9.228818690495881,8.228818690495881,7.643856189774724,25.101493570766486,2.0,3.0,1.5,0.5454545454545454,0.2727272727272727,0.18181818181818182,450.0,229.13936293319264,1296000000000000,164.47773459879545
600,300,300,envelope,1.5118682861328125,54000000,180000,180000,90000,734.8469228349534,900000,9.228818690495881,8.228818690495881,8.228818690495881,25.686456071487644,2.0,2.0,1.0,0.5,0.25,0.25,450.0,229.13936293319264,2916000000000000,169.55686450214046
600,300,300,gaussian-filter,0.5095329284667969,54000000,180000,180000,90000,734.8469228349534,900000,9.228818690495881,8.228818690495881,8.228818690495881,25.686456071487644,2.0,2.0,1.0,0.5,0.25,0.25,450.0,229.13936293319264,2916000000000000,169.55686450214046
600,300,300,gst3d,12.188222503662109,54000000,180000,180000,90000,734.8469228349534,900000,9.228818690495881,8.228818690495881,8.228818690495881,25.686456071487644,2.0,2.0,1.0,0.5,0.25,0.25,450.0,229.13936293319264,2916000000000000,169.55686450214046
600,300,400,envelope,1.9798377990722655,72000000,180000,240000,120000,781.0249675906655,1080000,9.228818690495881,8.228818690495881,8.643856189774725,26.101493570766486,2.0,1.5,0.75,0.46153846153846156,0.23076923076923078,0.3076923076923077,450.0,229.13936293319264,5184000000000000,173.88519203139109
600,300,400,gaussian-filter,0.6437271118164063,72000000,180000,240000,120000,781.0249675906655,1080000,9.228818690495881,8.228818690495881,8.643856189774725,26.101493570766486,2.0,1.5,0.75,0.46153846153846156,0.23076923076923078,0.3076923076923077,450.0,229.13936293319264,5184000000000000,173.88519203139109
600,300,400,gst3d,16.24079360961914,72000000,180000,240000,120000,781.0249675906655,1080000,9.228818690495881,8.228818690495881,8.643856189774725,26.101493570766486,2.0,1.5,0.75,0.46153846153846156,0.23076923076923078,0.3076923076923077,450.0,229.13936293319264,5184000000000000,173.88519203139109
600,300,500,envelope,2.451671600341797,90000000,180000,300000,150000,836.6600265340755,1260000,9.228818690495881,8.228818690495881,8.965784284662087,26.423421665653848,2.0,1.2,0.6,0.42857142857142855,0.21428571428571427,0.35714285714285715,450.0,229.13936293319264,8100000000000000,177.84580744974232
600,300,500,gaussian-filter,0.7778923034667968,90000000,180000,300000,150000,836.6600265340755,1260000,9.228818690495881,8.228818690495881,8.965784284662087,26.423421665653848,2.0,1.2,0.6,0.42857142857142855,0.21428571428571427,0.35714285714285715,450.0,229.13936293319264,8100000000000000,177.84580744974232
600,300,500,gst3d,20.292051696777342,90000000,180000,300000,150000,836.6600265340755,1260000,9.228818690495881,8.228818690495881,8.965784284662087,26.423421665653848,2.0,1.2,0.6,0.42857142857142855,0.21428571428571427,0.35714285714285715,450.0,229.13936293319264,8100000000000000,177.84580744974232
600,300,600,envelope,2.921735382080078,108000000,180000,360000,180000,900.0,1440000,9.228818690495881,8.228818690495881,9.228818690495881,26.686456071487644,2.0,1.0,0.5,0.4,0.2,0.4,450.0,229.13936293319264,11664000000000000,181.56144418930012
600,300,600,gaussian-filter,0.9116554260253906,108000000,180000,360000,180000,900.0,1440000,9.228818690495881,8.228818690495881,9.228818690495881,26.686456071487644,2.0,1.0,0.5,0.4,0.2,0.4,450.0,229.13936293319264,11664000000000000,181.56144418930012
600,300,600,gst3d,24.344290924072265,108000000,180000,360000,180000,900.0,1440000,9.228818690495881,8.228818690495881,9.228818690495881,26.686456071487644,2.0,1.0,0.5,0.4,0.2,0.4,450.0,229.13936293319264,11664000000000000,181.56144418930012
600,300,700,envelope,3.390607452392578,126000000,180000,420000,210000,969.5359714832658,1620000,9.228818690495881,8.228818690495881,9.451211111832329,26.90884849282409,2.0,0.8571428571428571,0.42857142857142855,0.375,0.1875,0.4375,450.0,229.13936293319264,15876000000000000,185.07498235025992
600,300,700,gaussian-filter,1.0459365844726562,126000000,180000,420000,210000,969.5359714832658,1620000,9.228818690495881,8.228818690495881,9.451211111832329,26.90884849282409,2.0,0.8571428571428571,0.42857142857142855,0.375,0.1875,0.4375,450.0,229.13936293319264,15876000000000000,185.07498235025992
600,300,700,gst3d,28.39705047607422,126000000,180000,420000,210000,969.5359714832658,1620000,9.228818690495881,8.228818690495881,9.451211111832329,26.90884849282409,2.0,0.8571428571428571,0.42857142857142855,0.375,0.1875,0.4375,450.0,229.13936293319264,15876000000000000,185.07498235025992
600,300,800,envelope,3.8594146728515626,144000000,180000,480000,240000,1044.030650891055,1800000,9.228818690495881,8.228818690495881,9.643856189774725,27.101493570766486,2.0,0.75,0.375,0.35294117647058826,0.17647058823529413,0.47058823529411764,450.0,229.13936293319264,20736000000000000,188.40420352103857
600,300,800,gaussian-filter,1.1800849914550782,144000000,180000,480000,240000,1044.030650891055,1800000,9.228818690495881,8.228818690495881,9.643856189774725,27.101493570766486,2.0,0.75,0.375,0.35294117647058826,0.17647058823529413,0.47058823529411764,450.0,229.13936293319264,20736000000000000,188.40420352103857
600,300,800,gst3d,32.44931259155273,144000000,180000,480000,240000,1044.030650891055,1800000,9.228818690495881,8.228818690495881,9.643856189774725,27.101493570766486,2.0,0.75,0.375,0.35294117647058826,0.17647058823529413,0.47058823529411764,450.0,229.13936293319264,20736000000000000,188.40420352103857
600,400,100,envelope,0.7276336669921875,24000000,240000,60000,40000,728.0109889280518,680000,9.228818690495881,8.643856189774725,6.643856189774724,24.516531070045332,1.5,6.0,4.0,0.5454545454545454,0.36363636363636365,0.09090909090909091,500.0,229.13936293319264,576000000000000,161.60534341319234
600,400,100,gaussian-filter,0.2860565185546875,24000000,240000,60000,40000,728.0109889280518,680000,9.228818690495881,8.643856189774725,6.643856189774724,24.516531070045332,1.5,6.0,4.0,0.5454545454545454,0.36363636363636365,0.09090909090909091,500.0,229.13936293319264,576000000000000,161.60534341319234
600,400,100,gst3d,5.417186737060547,24000000,240000,60000,40000,728.0109889280518,680000,9.228818690495881,8.643856189774725,6.643856189774724,24.516531070045332,1.5,6.0,4.0,0.5454545454545454,0.36363636363636365,0.09090909090909091,500.0,229.13936293319264,576000000000000,161.60534341319234
600,400,200,envelope,1.355853271484375,48000000,240000,120000,80000,748.3314773547883,880000,9.228818690495881,8.643856189774725,7.643856189774724,25.516531070045332,1.5,3.0,2.0,0.5,0.3333333333333333,0.16666666666666666,500.0,229.13936293319264,2304000000000000,168.89854901243746
600,400,200,gaussian-filter,0.4648956298828125,48000000,240000,120000,80000,748.3314773547883,880000,9.228818690495881,8.643856189774725,7.643856189774724,25.516531070045332,1.5,3.0,2.0,0.5,0.3333333333333333,0.16666666666666666,500.0,229.13936293319264,2304000000000000,168.89854901243746
600,400,200,gst3d,10.828649139404297,48000000,240000,120000,80000,748.3314773547883,880000,9.228818690495881,8.643856189774725,7.643856189774724,25.516531070045332,1.5,3.0,2.0,0.5,0.3333333333333333,0.16666666666666666,500.0,229.13936293319264,2304000000000000,168.89854901243746
600,400,300,envelope,1.9812164306640625,72000000,240000,180000,120000,781.0249675906655,1080000,9.228818690495881,8.643856189774725,8.228818690495881,26.101493570766486,1.5,2.0,1.3333333333333333,0.46153846153846156,0.3076923076923077,0.23076923076923078,500.0,229.13936293319264,5184000000000000,173.88519203139109
600,400,300,gaussian-filter,0.6437850952148437,72000000,240000,180000,120000,781.0249675906655,1080000,9.228818690495881,8.643856189774725,8.228818690495881,26.101493570766486,1.5,2.0,1.3333333333333333,0.46153846153846156,0.3076923076923077,0.23076923076923078,500.0,229.13936293319264,5184000000000000,173.88519203139109
600,400,300,gst3d,16.240858459472655,72000000,240000,180000,120000,781.0249675906655,1080000,9.228818690495881,8.643856189774725,8.228818690495881,26.101493570766486,1.5,2.0,1.3333333333333333,0.46153846153846156,0.3076923076923077,0.23076923076923078,500.0,229.13936293319264,5184000000000000,173.88519203139109
600,400,400,envelope,2.609710693359375,96000000,240000,240000,160000,824.6211251235321,1280000,9.228818690495881,8.643856189774725,8.643856189774725,26.516531070045332,1.5,1.5,1.0,0.42857142857142855,0.2857142857142857,0.2857142857142857,500.0,229.13936293319264,9216000000000000,178.08862843738208
600,400,400,gaussian-filter,0.8225563049316407,96000000,240000,240000,160000,824.6211251235321,1280000,9.228818690495881,8.643856189774725,8.643856189774725,26.516531070045332,1.5,1.5,1.0,0.42857142857142855,0.2857142857142857,0.2857142857142857,500.0,229.13936293319264,9216000000000000,178.08862843738208
600,400,400,gst3d,21.652464294433592,96000000,240000,240000,160000,824.6211251235321,1280000,9.228818690495881,8.643856189774725,8.643856189774725,26.516531070045332,1.5,1.5,1.0,0.42857142857142855,0.2857142857142857,0.2857142857142857,500.0,229.13936293319264,9216000000000000,178.08862843738208
600,400,500,envelope,3.2318130493164063,120000000,240000,300000,200000,877.4964387392122,1480000,9.228818690495881,8.643856189774725,8.965784284662087,26.838459164932694,1.5,1.2,0.8,0.4,0.26666666666666666,0.3333333333333333,500.0,229.13936293319264,14400000000000000,181.916762050059
600,400,500,gaussian-filter,1.0012321472167969,120000000,240000,300000,200000,877.4964387392122,1480000,9.228818690495881,8.643856189774725,8.965784284662087,26.838459164932694,1.5,1.2,0.8,0.4,0.26666666666666666,0.3333333333333333,500.0,229.13936293319264,14400000000000000,181.916762050059
600,400,500,gst3d,27.06345138549805,120000000,240000,300000,200000,877.4964387392122,1480000,9.228818690495881,8.643856189774725,8.965784284662087,26.838459164932694,1.5,1.2,0.8,0.4,0.26666666666666666,0.3333333333333333,500.0,229.13936293319264,14400000000000000,181.916762050059
600,400,600,envelope,3.8573883056640623,144000000,240000,360000,240000,938.083151964686,1680000,9.228818690495881,8.643856189774725,9.228818690495881,27.101493570766486,1.5,1.0,0.6666666666666666,0.375,0.25,0.375,500.0,229.13936293319264,20736000000000000,185.50712253528698
600,400,600,gaussian-filter,1.1801002502441407,144000000,240000,360000,240000,938.083151964686,1680000,9.228818690495881,8.643856189774725,9.228818690495881,27.101493570766486,1.5,1.0,0.6666666666666666,0.375,0.25,0.375,500.0,229.13936293319264,20736000000000000,185.50712253528698
600,400,600,gst3d,32.47472915649414,144000000,240000,360000,240000,938.083151964686,1680000,9.228818690495881,8.643856189774725,9.228818690495881,27.101493570766486,1.5,1.0,0.6666666666666666,0.375,0.25,0.375,500.0,229.13936293319264,20736000000000000,185.50712253528698
600,400,700,envelope,4.486244201660156,168000000,240000,420000,280000,1004.987562112089,1880000,9.228818690495881,8.643856189774725,9.451211111832329,27.323885992102934,1.5,0.8571428571428571,0.5714285714285714,0.35294117647058826,0.23529411764705882,0.4117647058823529,500.0,229.13936293319264,28224000000000000,188.90983332219625
600,400,700,gaussian-filter,1.3589195251464843,168000000,240000,420000,280000,1004.987562112089,1880000,9.228818690495881,8.643856189774725,9.451211111832329,27.323885992102934,1.5,0.8571428571428571,0.5714285714285714,0.35294117647058826,0.23529411764705882,0.4117647058823529,500.0,229.13936293319264,28224000000000000,188.90983332219625
600,400,700,gst3d,37.88617477416992,168000000,240000,420000,280000,1004.987562112089,1880000,9.228818690495881,8.643856189774725,9.451211111832329,27.323885992102934,1.5,0.8571428571428571,0.5714285714285714,0.35294117647058826,0.23529411764705882,0.4117647058823529,500.0,229.13936293319264,28224000000000000,188.90983332219625
600,400,800,envelope,5.109140014648437,192000000,240000,480000,320000,1077.0329614269008,2080000,9.228818690495881,8.643856189774725,9.643856189774725,27.516531070045332,1.5,0.75,0.5,0.3333333333333333,0.2222222222222222,0.4444444444444444,500.0,229.13936293319264,36864000000000000,192.1450012039835
600,400,800,gaussian-filter,1.5377685546875,192000000,240000,480000,320000,1077.0329614269008,2080000,9.228818690495881,8.643856189774725,9.643856189774725,27.516531070045332,1.5,0.75,0.5,0.3333333333333333,0.2222222222222222,0.4444444444444444,500.0,229.13936293319264,36864000000000000,192.1450012039835
600,400,800,gst3d,43.296990966796876,192000000,240000,480000,320000,1077.0329614269008,2080000,9.228818690495881,8.643856189774725,9.643856189774725,27.516531070045332,1.5,0.75,0.5,0.3333333333333333,0.2222222222222222,0.4444444444444444,500.0,229.13936293319264,36864000000000000,192.1450012039835
600,500,100,envelope,0.8785980224609375,30000000,300000,60000,50000,787.4007874011811,820000,9.228818690495881,8.965784284662087,6.643856189774724,24.838459164932694,1.2,6.0,5.0,0.5,0.4166666666666667,0.08333333333333333,550.0,229.13936293319264,900000000000000,165.67268591840912
600,500,100,gaussian-filter,0.3307319641113281,30000000,300000,60000,50000,787.4007874011811,820000,9.228818690495881,8.965784284662087,6.643856189774724,24.838459164932694,1.2,6.0,5.0,0.5,0.4166666666666667,0.08333333333333333,550.0,229.13936293319264,900000000000000,165.67268591840912
600,500,100,gst3d,6.751538848876953,30000000,300000,60000,50000,787.4007874011811,820000,9.228818690495881,8.965784284662087,6.643856189774724,24.838459164932694,1.2,6.0,5.0,0.5,0.4166666666666667,0.08333333333333333,550.0,229.13936293319264,900000000000000,165.67268591840912
600,500,200,envelope,1.6678443908691407,60000000,300000,120000,100000,806.2257748298549,1040000,9.228818690495881,8.965784284662087,7.643856189774724,25.838459164932694,1.2,3.0,2.5,0.46153846153846156,0.38461538461538464,0.15384615384615385,550.0,229.13936293319264,3600000000000000,172.9523981090547
600,500,200,gaussian-filter,0.5541305541992188,60000000,300000,120000,100000,806.2257748298549,1040000,9.228818690495881,8.965784284662087,7.643856189774724,25.838459164932694,1.2,3.0,2.5,0.46153846153846156,0.38461538461538464,0.15384615384615385,550.0,229.13936293319264,3600000000000000,172.9523981090547
600,500,200,gst3d,13.521990203857422,60000000,300000,120000,100000,806.2257748298549,1040000,9.228818690495881,8.965784284662087,7.643856189774724,25.838459164932694,1.2,3.0,2.5,0.46153846153846156,0.38461538461538464,0.15384615384615385,550.0,229.13936293319264,3600000000000000,172.9523981090547
600,500,300,envelope,2.4535598754882812,90000000,300000,180000,150000,836.6600265340755,1260000,9.228818690495881,8.965784284662087,8.228818690495881,26.423421665653848,1.2,2.0,1.6666666666666667,0.42857142857142855,0.35714285714285715,0.21428571428571427,550.0,229.13936293319264,8100000000000000,177.84580744974232
600,500,300,gaussian-filter,0.7778251647949219,90000000,300000,180000,150000,836.6600265340755,1260000,9.228818690495881,8.965784284662087,8.228818690495881,26.423421665653848,1.2,2.0,1.6666666666666667,0.42857142857142855,0.35714285714285715,0.21428571428571427,550.0,229.13936293319264,8100000000000000,177.84580744974232
600,500,300,gst3d,20.29250564575195,90000000,300000,180000,150000,836.6600265340755,1260000,9.228818690495881,8.965784284662087,8.228818690495881,26.423421665653848,1.2,2.0,1.6666666666666667,0.42857142857142855,0.35714285714285715,0.21428571428571427,550.0,229.13936293319264,8100000000000000,177.84580744974232
600,500,400,envelope,3.231465148925781,120000000,300000,240000,200000,877.4964387392122,1480000,9.228818690495881,8.965784284662087,8.643856189774725,26.838459164932694,1.2,1.5,1.25,0.4,0.3333333333333333,0.26666666666666666,550.0,229.13936293319264,14400000000000000,181.916762050059
600,500,400,gaussian-filter,1.00123291015625,120000000,300000,240000,200000,877.4964387392122,1480000,9.228818690495881,8.965784284662087,8.643856189774725,26.838459164932694,1.2,1.5,1.25,0.4,0.3333333333333333,0.26666666666666666,550.0,229.13936293319264,14400000000000000,181.916762050059
600,500,400,gst3d,27.063570404052733,120000000,300000,240000,200000,877.4964387392122,1480000,9.228818690495881,8.965784284662087,8.643856189774725,26.838459164932694,1.2,1.5,1.25,0.4,0.3333333333333333,0.26666666666666666,550.0,229.13936293319264,14400000000000000,181.916762050059
600,500,500,envelope,4.015276336669922,150000000,300000,300000,250000,927.3618495495704,1700000,9.228818690495881,8.965784284662087,8.965784284662087,27.160387259820055,1.2,1.2,1.0,0.375,0.3125,0.3125,550.0,229.13936293319264,22500000000000000,185.59837644601788
600,500,500,gaussian-filter,1.2247840881347656,150000000,300000,300000,250000,927.3618495495704,1700000,9.228818690495881,8.965784284662087,8.965784284662087,27.160387259820055,1.2,1.2,1.0,0.375,0.3125,0.3125,550.0,229.13936293319264,22500000000000000,185.59837644601788
600,500,500,gst3d,33.833832550048825,150000000,300000,300000,250000,927.3618495495704,1700000,9.228818690495881,8.965784284662087,8.965784284662087,27.160387259820055,1.2,1.2,1.0,0.375,0.3125,0.3125,550.0,229.13936293319264,22500000000000000,185.59837644601788
600,500,600,envelope,4.798089599609375,180000000,300000,360000,300000,984.8857801796105,1920000,9.228818690495881,8.965784284662087,9.228818690495881,27.423421665653848,1.2,1.0,0.8333333333333334,0.35294117647058826,0.29411764705882354,0.35294117647058826,550.0,229.13936293319264,32400000000000000,189.04446807324598
600,500,600,gaussian-filter,1.448162841796875,180000000,300000,360000,300000,984.8857801796105,1920000,9.228818690495881,8.965784284662087,9.228818690495881,27.423421665653848,1.2,1.0,0.8333333333333334,0.35294117647058826,0.29411764705882354,0.35294117647058826,550.0,229.13936293319264,32400000000000000,189.04446807324598
600,500,600,gst3d,40.60530242919922,180000000,300000,360000,300000,984.8857801796105,1920000,9.228818690495881,8.965784284662087,9.228818690495881,27.423421665653848,1.2,1.0,0.8333333333333334,0.35294117647058826,0.29411764705882354,0.35294117647058826,550.0,229.13936293319264,32400000000000000,189.04446807324598
600,500,700,envelope,5.578215789794922,210000000,300000,420000,350000,1048.8088481701516,2140000,9.228818690495881,8.965784284662087,9.451211111832329,27.645814086990296,1.2,0.8571428571428571,0.7142857142857143,0.3333333333333333,0.2777777777777778,0.3888888888888889,550.0,229.13936293319264,44100000000000000,192.31432864808394
600,500,700,gaussian-filter,1.6718841552734376,210000000,300000,420000,350000,1048.8088481701516,2140000,9.228818690495881,8.965784284662087,9.451211111832329,27.645814086990296,1.2,0.8571428571428571,0.7142857142857143,0.3333333333333333,0.2777777777777778,0.3888888888888889,550.0,229.13936293319264,44100000000000000,192.31432864808394
600,500,700,gst3d,47.37498397827149,210000000,300000,420000,350000,1048.8088481701516,2140000,9.228818690495881,8.965784284662087,9.451211111832329,27.645814086990296,1.2,0.8571428571428571,0.7142857142857143,0.3333333333333333,0.2777777777777778,0.3888888888888889,550.0,229.13936293319264,44100000000000000,192.31432864808394
600,500,800,envelope,6.360049438476563,240000000,300000,480000,400000,1118.033988749895,2360000,9.228818690495881,8.965784284662087,9.643856189774725,27.838459164932694,1.2,0.75,0.625,0.3157894736842105,0.2631578947368421,0.42105263157894735,550.0,229.13936293319264,57600000000000000,195.43213792196622
600,500,800,gaussian-filter,1.8952987670898438,240000000,300000,480000,400000,1118.033988749895,2360000,9.228818690495881,8.965784284662087,9.643856189774725,27.838459164932694,1.2,0.75,0.625,0.3157894736842105,0.2631578947368421,0.42105263157894735,550.0,229.13936293319264,57600000000000000,195.43213792196622
600,500,800,gst3d,54.14528198242188,240000000,300000,480000,400000,1118.033988749895,2360000,9.228818690495881,8.965784284662087,9.643856189774725,27.838459164932694,1.2,0.75,0.625,0.3157894736842105,0.2631578947368421,0.42105263157894735,550.0,229.13936293319264,57600000000000000,195.43213792196622
600,600,100,envelope,1.0420951843261719,36000000,360000,60000,60000,854.4003745317531,960000,9.228818690495881,9.228818690495881,6.643856189774724,25.101493570766486,1.0,6.0,6.0,0.46153846153846156,0.46153846153846156,0.07692307692307693,600.0,229.13936293319264,1296000000000000,169.47448175131404
600,600,100,gaussian-filter,0.37528305053710936,36000000,360000,60000,60000,854.4003745317531,960000,9.228818690495881,9.228818690495881,6.643856189774724,25.101493570766486,1.0,6.0,6.0,0.46153846153846156,0.46153846153846156,0.07692307692307693,600.0,229.13936293319264,1296000000000000,169.47448175131404
600,600,100,gst3d,8.085599517822265,36000000,360000,60000,60000,854.4003745317531,960000,9.228818690495881,9.228818690495881,6.643856189774724,25.101493570766486,1.0,6.0,6.0,0.46153846153846156,0.46153846153846156,0.07692307692307693,600.0,229.13936293319264,1296000000000000,169.47448175131404
600,600,200,envelope,1.9825576782226562,72000000,360000,120000,120000,871.7797887081347,1200000,9.228818690495881,9.228818690495881,7.643856189774724,26.101493570766486,1.0,3.0,3.0,0.42857142857142855,0.42857142857142855,0.14285714285714285,600.0,229.13936293319264,5184000000000000,176.75104752854608
600,600,200,gaussian-filter,0.6438232421875,72000000,360000,120000,120000,871.7797887081347,1200000,9.228818690495881,9.228818690495881,7.643856189774724,26.101493570766486,1.0,3.0,3.0,0.42857142857142855,0.42857142857142855,0.14285714285714285,600.0,229.13936293319264,5184000000000000,176.75104752854608
600,600,200,gst3d,16.214900970458984,72000000,360000,120000,120000,871.7797887081347,1200000,9.228818690495881,9.228818690495881,7.643856189774724,26.101493570766486,1.0,3.0,3.0,0.42857142857142855,0.42857142857142855,0.14285714285714285,600.0,229.13936293319264,5184000000000000,176.75104752854608
600,600,300,envelope,2.9202835083007814,108000000,360000,180000,180000,900.0,1440000,9.228818690495881,9.228818690495881,8.228818690495881,26.686456071487644,1.0,2.0,2.0,0.4,0.4,0.2,600.0,229.13936293319264,11664000000000000,181.56144418930012
600,600,300,gaussian-filter,0.9116775512695312,108000000,360000,180000,180000,900.0,1440000,9.228818690495881,9.228818690495881,8.228818690495881,26.686456071487644,1.0,2.0,2.0,0.4,0.4,0.2,600.0,229.13936293319264,11664000000000000,181.56144418930012
600,600,300,gst3d,24.344609832763673,108000000,360000,180000,180000,900.0,1440000,9.228818690495881,9.228818690495881,8.228818690495881,26.686456071487644,1.0,2.0,2.0,0.4,0.4,0.2,600.0,229.13936293319264,11664000000000000,181.56144418930012
600,600,400,envelope,3.858111572265625,144000000,360000,240000,240000,938.083151964686,1680000,9.228818690495881,9.228818690495881,8.643856189774725,27.101493570766486,1.0,1.5,1.5,0.375,0.375,0.25,600.0,229.13936293319264,20736000000000000,185.50712253528698
600,600,400,gaussian-filter,1.180091094970703,144000000,360000,240000,240000,938.083151964686,1680000,9.228818690495881,9.228818690495881,8.643856189774725,27.101493570766486,1.0,1.5,1.5,0.375,0.375,0.25,600.0,229.13936293319264,20736000000000000,185.50712253528698
600,600,400,gst3d,32.47476806640625,144000000,360000,240000,240000,938.083151964686,1680000,9.228818690495881,9.228818690495881,8.643856189774725,27.101493570766486,1.0,1.5,1.5,0.375,0.375,0.25,600.0,229.13936293319264,20736000000000000,185.50712253528698
600,600,500,envelope,4.7966361999511715,180000000,360000,300000,300000,984.8857801796105,1920000,9.228818690495881,9.228818690495881,8.965784284662087,27.423421665653848,1.0,1.2,1.2,0.35294117647058826,0.35294117647058826,0.29411764705882354,600.0,229.13936293319264,32400000000000000,189.04446807324598
600,600,500,gaussian-filter,1.4481727600097656,180000000,360000,300000,300000,984.8857801796105,1920000,9.228818690495881,9.228818690495881,8.965784284662087,27.423421665653848,1.0,1.2,1.2,0.35294117647058826,0.35294117647058826,0.29411764705882354,600.0,229.13936293319264,32400000000000000,189.04446807324598
600,600,500,gst3d,40.60520553588867,180000000,360000,300000,300000,984.8857801796105,1920000,9.228818690495881,9.228818690495881,8.965784284662087,27.423421665653848,1.0,1.2,1.2,0.35294117647058826,0.35294117647058826,0.29411764705882354,600.0,229.13936293319264,32400000000000000,189.04446807324598
600,600,600,envelope,5.736023712158203,216000000,360000,360000,360000,1039.2304845413264,2160000,9.228818690495881,9.228818690495881,9.228818690495881,27.686456071487644,1.0,1.0,1.0,0.3333333333333333,0.3333333333333333,0.3333333333333333,600.0,229.13936293319264,46656000000000000,192.34328082163077
600,600,600,gaussian-filter,1.7165420532226563,216000000,360000,360000,360000,1039.2304845413264,2160000,9.228818690495881,9.228818690495881,9.228818690495881,27.686456071487644,1.0,1.0,1.0,0.3333333333333333,0.3333333333333333,0.3333333333333333,600.0,229.13936293319264,46656000000000000,192.34328082163077
600,600,600,gst3d,48.73409805297852,216000000,360000,360000,360000,1039.2304845413264,2160000,9.228818690495881,9.228818690495881,9.228818690495881,27.686456071487644,1.0,1.0,1.0,0.3333333333333333,0.3333333333333333,0.3333333333333333,600.0,229.13936293319264,46656000000000000,192.34328082163077
600,600,700,envelope,6.669913482666016,252000000,360000,420000,420000,1100.0,2400000,9.228818690495881,9.228818690495881,9.451211111832329,27.90884849282409,1.0,0.8571428571428571,0.8571428571428571,0.3157894736842105,0.3157894736842105,0.3684210526315789,600.0,229.13936293319264,63504000000000000,195.47285302945167
600,600,700,gaussian-filter,1.9845947265625,252000000,360000,420000,420000,1100.0,2400000,9.228818690495881,9.228818690495881,9.451211111832329,27.90884849282409,1.0,0.8571428571428571,0.8571428571428571,0.3157894736842105,0.3157894736842105,0.3684210526315789,600.0,229.13936293319264,63504000000000000,195.47285302945167
600,600,700,gst3d,56.864295959472656,252000000,360000,420000,420000,1100.0,2400000,9.228818690495881,9.228818690495881,9.451211111832329,27.90884849282409,1.0,0.8571428571428571,0.8571428571428571,0.3157894736842105,0.3157894736842105,0.3684210526315789,600.0,229.13936293319264,63504000000000000,195.47285302945167
600,600,800,envelope,7.609938049316407,288000000,360000,480000,480000,1166.19037896906,2640000,9.228818690495881,9.228818690495881,9.643856189774725,28.101493570766486,1.0,0.75,0.75,0.3,0.3,0.4,600.0,229.13936293319264,82944000000000000,198.4627167236927
600,600,800,gaussian-filter,2.2529678344726562,288000000,360000,480000,480000,1166.19037896906,2640000,9.228818690495881,9.228818690495881,9.643856189774725,28.101493570766486,1.0,0.75,0.75,0.3,0.3,0.4,600.0,229.13936293319264,82944000000000000,198.4627167236927
600,600,800,gst3d,64.99417572021484,288000000,360000,480000,480000,1166.19037896906,2640000,9.228818690495881,9.228818690495881,9.643856189774725,28.101493570766486,1.0,0.75,0.75,0.3,0.3,0.4,600.0,229.13936293319264,82944000000000000,198.4627167236927
600,700,100,envelope,1.1982452392578125,42000000,420000,60000,70000,927.3618495495704,1100000,9.228818690495881,9.451211111832329,6.643856189774724,25.323885992102934,0.8571428571428571,6.0,7.0,0.42857142857142855,0.5,0.07142857142857142,650.0,229.13936293319264,1764000000000000,173.04878904990613
600,700,100,gaussian-filter,0.4199653625488281,42000000,420000,60000,70000,927.3618495495704,1100000,9.228818690495881,9.451211111832329,6.643856189774724,25.323885992102934,0.8571428571428571,6.0,7.0,0.42857142857142855,0.5,0.07142857142857142,650.0,229.13936293319264,1764000000000000,173.04878904990613
600,700,100,gst3d,9.419319152832031,42000000,420000,60000,70000,927.3618495495704,1100000,9.228818690495881,9.451211111832329,6.643856189774724,25.323885992102934,0.8571428571428571,6.0,7.0,0.42857142857142855,0.5,0.07142857142857142,650.0,229.13936293319264,1764000000000000,173.04878904990613
600,700,200,envelope,2.2937858581542967,84000000,420000,120000,140000,943.3981132056604,1360000,9.228818690495881,9.451211111832329,7.643856189774724,26.323885992102934,0.8571428571428571,3.0,3.5,0.4,0.4666666666666667,0.13333333333333333,650.0,229.13936293319264,7056000000000000,180.33303946368733
600,700,200,gaussian-filter,0.7330162048339843,84000000,420000,120000,140000,943.3981132056604,1360000,9.228818690495881,9.451211111832329,7.643856189774724,26.323885992102934,0.8571428571428571,3.0,3.5,0.4,0.4666666666666667,0.13333333333333333,650.0,229.13936293319264,7056000000000000,180.33303946368733
600,700,200,gst3d,18.90797119140625,84000000,420000,120000,140000,943.3981132056604,1360000,9.228818690495881,9.451211111832329,7.643856189774724,26.323885992102934,0.8571428571428571,3.0,3.5,0.4,0.4666666666666667,0.13333333333333333,650.0,229.13936293319264,7056000000000000,180.33303946368733
600,700,300,envelope,3.3886650085449217,126000000,420000,180000,210000,969.5359714832658,1620000,9.228818690495881,9.451211111832329,8.228818690495881,26.90884849282409,0.8571428571428571,2.0,2.3333333333333335,0.375,0.4375,0.1875,650.0,229.13936293319264,15876000000000000,185.07498235025992
600,700,300,gaussian-filter,1.0459205627441406,126000000,420000,180000,210000,969.5359714832658,1620000,9.228818690495881,9.451211111832329,8.228818690495881,26.90884849282409,0.8571428571428571,2.0,2.3333333333333335,0.375,0.4375,0.1875,650.0,229.13936293319264,15876000000000000,185.07498235025992
600,700,300,gst3d,28.39698257446289,126000000,420000,180000,210000,969.5359714832658,1620000,9.228818690495881,9.451211111832329,8.228818690495881,26.90884849282409,0.8571428571428571,2.0,2.3333333333333335,0.375,0.4375,0.1875,650.0,229.13936293319264,15876000000000000,185.07498235025992
600,700,400,envelope,4.483284759521484,168000000,420000,240000,280000,1004.987562112089,1880000,9.228818690495881,9.451211111832329,8.643856189774725,27.323885992102934,0.8571428571428571,1.5,1.75,0.35294117647058826,0.4117647058823529,0.23529411764705882,650.0,229.13936293319264,28224000000000000,188.90983332219625
600,700,400,gaussian-filter,1.3589126586914062,168000000,420000,240000,280000,1004.987562112089,1880000,9.228818690495881,9.451211111832329,8.643856189774725,27.323885992102934,0.8571428571428571,1.5,1.75,0.35294117647058826,0.4117647058823529,0.23529411764705882,650.0,229.13936293319264,28224000000000000,188.90983332219625
600,700,400,gst3d,37.88604888916016,168000000,420000,240000,280000,1004.987562112089,1880000,9.228818690495881,9.451211111832329,8.643856189774725,27.323885992102934,0.8571428571428571,1.5,1.75,0.35294117647058826,0.4117647058823529,0.23529411764705882,650.0,229.13936293319264,28224000000000000,188.90983332219625
600,700,500,envelope,5.5809783935546875,210000000,420000,300000,350000,1048.8088481701516,2140000,9.228818690495881,9.451211111832329,8.965784284662087,27.645814086990296,0.8571428571428571,1.2,1.4,0.3333333333333333,0.3888888888888889,0.2777777777777778,650.0,229.13936293319264,44100000000000000,192.31432864808394
600,700,500,gaussian-filter,1.671893310546875,210000000,420000,300000,350000,1048.8088481701516,2140000,9.228818690495881,9.451211111832329,8.965784284662087,27.645814086990296,0.8571428571428571,1.2,1.4,0.3333333333333333,0.3888888888888889,0.2777777777777778,650.0,229.13936293319264,44100000000000000,192.31432864808394
600,700,500,gst3d,47.37513275146485,210000000,420000,300000,350000,1048.8088481701516,2140000,9.228818690495881,9.451211111832329,8.965784284662087,27.645814086990296,0.8571428571428571,1.2,1.4,0.3333333333333333,0.3888888888888889,0.2777777777777778,650.0,229.13936293319264,44100000000000000,192.31432864808394
600,700,600,envelope,6.67342529296875,252000000,420000,360000,420000,1100.0,2400000,9.228818690495881,9.451211111832329,9.228818690495881,27.90884849282409,0.8571428571428571,1.0,1.1666666666666667,0.3157894736842105,0.3684210526315789,0.3157894736842105,650.0,229.13936293319264,63504000000000000,195.47285302945167
600,700,600,gaussian-filter,1.9846084594726563,252000000,420000,360000,420000,1100.0,2400000,9.228818690495881,9.451211111832329,9.228818690495881,27.90884849282409,0.8571428571428571,1.0,1.1666666666666667,0.3157894736842105,0.3684210526315789,0.3157894736842105,650.0,229.13936293319264,63504000000000000,195.47285302945167
600,700,600,gst3d,56.8643440246582,252000000,420000,360000,420000,1100.0,2400000,9.228818690495881,9.451211111832329,9.228818690495881,27.90884849282409,0.8571428571428571,1.0,1.1666666666666667,0.3157894736842105,0.3684210526315789,0.3157894736842105,650.0,229.13936293319264,63504000000000000,195.47285302945167
600,700,700,envelope,7.762744140625,294000000,420000,420000,490000,1157.5836902790224,2660000,9.228818690495881,9.451211111832329,9.451211111832329,28.13124091416054,0.8571428571428571,0.8571428571428571,1.0,0.3,0.35,0.35,650.0,229.13936293319264,86436000000000000,198.46459883853973
600,700,700,gaussian-filter,2.297595977783203,294000000,420000,420000,490000,1157.5836902790224,2660000,9.228818690495881,9.451211111832329,9.451211111832329,28.13124091416054,0.8571428571428571,0.8571428571428571,1.0,0.3,0.35,0.35,650.0,229.13936293319264,86436000000000000,198.46459883853973
600,700,700,gst3d,66.35330047607422,294000000,420000,420000,490000,1157.5836902790224,2660000,9.228818690495881,9.451211111832329,9.451211111832329,28.13124091416054,0.8571428571428571,0.8571428571428571,1.0,0.3,0.35,0.35,650.0,229.13936293319264,86436000000000000,198.46459883853973
600,700,800,envelope,8.864752197265625,336000000,420000,480000,560000,1220.6555615733703,2920000,9.228818690495881,9.451211111832329,9.643856189774725,28.323885992102934,0.8571428571428571,0.75,0.875,0.2857142857142857,0.3333333333333333,0.38095238095238093,650.0,229.13936293319264,112896000000000000,201.32511199430604
600,700,800,gaussian-filter,2.6105316162109373,336000000,420000,480000,560000,1220.6555615733703,2920000,9.228818690495881,9.451211111832329,9.643856189774725,28.323885992102934,0.8571428571428571,0.75,0.875,0.2857142857142857,0.3333333333333333,0.38095238095238093,650.0,229.13936293319264,112896000000000000,201.32511199430604
600,700,800,gst3d,75.8422966003418,336000000,420000,480000,560000,1220.6555615733703,2920000,9.228818690495881,9.451211111832329,9.643856189774725,28.323885992102934,0.8571428571428571,0.75,0.875,0.2857142857142857,0.3333333333333333,0.38095238095238093,650.0,229.13936293319264,112896000000000000,201.32511199430604
600,800,100,envelope,1.3512802124023438,48000000,480000,60000,80000,1004.987562112089,1240000,9.228818690495881,9.643856189774725,6.643856189774724,25.516531070045332,0.75,6.0,8.0,0.4,0.5333333333333333,0.06666666666666667,700.0,229.13936293319264,2304000000000000,176.41427843741042
600,800,100,gaussian-filter,0.46488189697265625,48000000,480000,60000,80000,1004.987562112089,1240000,9.228818690495881,9.643856189774725,6.643856189774724,25.516531070045332,0.75,6.0,8.0,0.4,0.5333333333333333,0.06666666666666667,700.0,229.13936293319264,2304000000000000,176.41427843741042
600,800,100,gst3d,10.75265884399414,48000000,480000,60000,80000,1004.987562112089,1240000,9.228818690495881,9.643856189774725,6.643856189774724,25.516531070045332,0.75,6.0,8.0,0.4,0.5333333333333333,0.06666666666666667,700.0,229.13936293319264,2304000000000000,176.41427843741042
600,800,200,envelope,2.6080482482910154,96000000,480000,120000,160000,1019.803902718557,1520000,9.228818690495881,9.643856189774725,7.643856189774724,26.516531070045332,0.75,3.0,4.0,0.375,0.5,0.125,700.0,229.13936293319264,9216000000000000,183.71569496680777
600,800,200,gaussian-filter,0.82254638671875,96000000,480000,120000,160000,1019.803902718557,1520000,9.228818690495881,9.643856189774725,7.643856189774724,26.516531070045332,0.75,3.0,4.0,0.375,0.5,0.125,700.0,229.13936293319264,9216000000000000,183.71569496680777
600,800,200,gst3d,21.60102996826172,96000000,480000,120000,160000,1019.803902718557,1520000,9.228818690495881,9.643856189774725,7.643856189774724,26.516531070045332,0.75,3.0,4.0,0.375,0.5,0.125,700.0,229.13936293319264,9216000000000000,183.71569496680777
600,800,300,envelope,3.86092529296875,144000000,480000,180000,240000,1044.030650891055,1800000,9.228818690495881,9.643856189774725,8.228818690495881,27.101493570766486,0.75,2.0,2.6666666666666665,0.35294117647058826,0.47058823529411764,0.17647058823529413,700.0,229.13936293319264,20736000000000000,188.40420352103857
600,800,300,gaussian-filter,1.1801025390625,144000000,480000,180000,240000,1044.030650891055,1800000,9.228818690495881,9.643856189774725,8.228818690495881,27.101493570766486,0.75,2.0,2.6666666666666665,0.35294117647058826,0.47058823529411764,0.17647058823529413,700.0,229.13936293319264,20736000000000000,188.40420352103857
600,800,300,gst3d,32.44937362670898,144000000,480000,180000,240000,1044.030650891055,1800000,9.228818690495881,9.643856189774725,8.228818690495881,27.101493570766486,0.75,2.0,2.6666666666666665,0.35294117647058826,0.47058823529411764,0.17647058823529413,700.0,229.13936293319264,20736000000000000,188.40420352103857
600,800,400,envelope,5.10921630859375,192000000,480000,240000,320000,1077.0329614269008,2080000,9.228818690495881,9.643856189774725,8.643856189774725,27.516531070045332,0.75,1.5,2.0,0.3333333333333333,0.4444444444444444,0.2222222222222222,700.0,229.13936293319264,36864000000000000,192.1450012039835
600,800,400,gaussian-filter,1.5377723693847656,192000000,480000,240000,320000,1077.0329614269008,2080000,9.228818690495881,9.643856189774725,8.643856189774725,27.516531070045332,0.75,1.5,2.0,0.3333333333333333,0.4444444444444444,0.2222222222222222,700.0,229.13936293319264,36864000000000000,192.1450012039835
600,800,400,gst3d,43.29728622436524,192000000,480000,240000,320000,1077.0329614269008,2080000,9.228818690495881,9.643856189774725,8.643856189774725,27.516531070045332,0.75,1.5,2.0,0.3333333333333333,0.4444444444444444,0.2222222222222222,700.0,229.13936293319264,36864000000000000,192.1450012039835
600,800,500,envelope,6.362037658691406,240000000,480000,300000,400000,1118.033988749895,2360000,9.228818690495881,9.643856189774725,8.965784284662087,27.838459164932694,0.75,1.2,1.6,0.3157894736842105,0.42105263157894735,0.2631578947368421,700.0,229.13936293319264,57600000000000000,195.43213792196622
600,800,500,gaussian-filter,1.8953575134277343,240000000,480000,300000,400000,1118.033988749895,2360000,9.228818690495881,9.643856189774725,8.965784284662087,27.838459164932694,0.75,1.2,1.6,0.3157894736842105,0.42105263157894735,0.2631578947368421,700.0,229.13936293319264,57600000000000000,195.43213792196622
600,800,500,gst3d,54.14577713012695,240000000,480000,300000,400000,1118.033988749895,2360000,9.228818690495881,9.643856189774725,8.965784284662087,27.838459164932694,0.75,1.2,1.6,0.3157894736842105,0.42105263157894735,0.2631578947368421,700.0,229.13936293319264,57600000000000000,195.43213792196622
600,800,600,envelope,7.613974761962891,288000000,480000,360000,480000,1166.19037896906,2640000,9.228818690495881,9.643856189774725,9.228818690495881,28.101493570766486,0.75,1.0,1.3333333333333333,0.3,0.4,0.3,700.0,229.13936293319264,82944000000000000,198.4627167236927
600,800,600,gaussian-filter,2.2530181884765623,288000000,480000,360000,480000,1166.19037896906,2640000,9.228818690495881,9.643856189774725,9.228818690495881,28.101493570766486,0.75,1.0,1.3333333333333333,0.3,0.4,0.3,700.0,229.13936293319264,82944000000000000,198.4627167236927
600,800,600,gst3d,64.9940399169922,288000000,480000,360000,480000,1166.19037896906,2640000,9.228818690495881,9.643856189774725,9.228818690495881,28.101493570766486,0.75,1.0,1.3333333333333333,0.3,0.4,0.3,700.0,229.13936293319264,82944000000000000,198.4627167236927
600,800,700,envelope,8.86352767944336,336000000,480000,420000,560000,1220.6555615733703,2920000,9.228818690495881,9.643856189774725,9.451211111832329,28.323885992102934,0.75,0.8571428571428571,1.1428571428571428,0.2857142857142857,0.38095238095238093,0.3333333333333333,700.0,229.13936293319264,112896000000000000,201.32511199430604
600,800,700,gaussian-filter,2.610520935058594,336000000,480000,420000,560000,1220.6555615733703,2920000,9.228818690495881,9.643856189774725,9.451211111832329,28.323885992102934,0.75,0.8571428571428571,1.1428571428571428,0.2857142857142857,0.38095238095238093,0.3333333333333333,700.0,229.13936293319264,112896000000000000,201.32511199430604
600,800,700,gst3d,75.84242095947266,336000000,480000,420000,560000,1220.6555615733703,2920000,9.228818690495881,9.643856189774725,9.451211111832329,28.323885992102934,0.75,0.8571428571428571,1.1428571428571428,0.2857142857142857,0.38095238095238093,0.3333333333333333,700.0,229.13936293319264,112896000000000000,201.32511199430604
600,800,800,envelope,10.113240814208984,384000000,480000,480000,640000,1280.6248474865697,3200000,9.228818690495881,9.643856189774725,9.643856189774725,28.516531070045332,0.75,0.75,1.0,0.2727272727272727,0.36363636363636365,0.36363636363636365,700.0,229.13936293319264,147456000000000000,204.06098739276584
600,800,800,gaussian-filter,2.9682632446289063,384000000,480000,480000,640000,1280.6248474865697,3200000,9.228818690495881,9.643856189774725,9.643856189774725,28.516531070045332,0.75,0.75,1.0,0.2727272727272727,0.36363636363636365,0.36363636363636365,700.0,229.13936293319264,147456000000000000,204.06098739276584
600,800,800,gst3d,86.691650390625,384000000,480000,480000,640000,1280.6248474865697,3200000,9.228818690495881,9.643856189774725,9.643856189774725,28.516531070045332,0.75,0.75,1.0,0.2727272727272727,0.36363636363636365,0.36363636363636365,700.0,229.13936293319264,147456000000000000,204.06098739276584
700,100,100,envelope,0.28455810546875,7000000,70000,70000,10000,714.142842854285,300000,9.451211111832329,6.643856189774724,6.643856189774724,22.73892349138178,7.0,7.0,1.0,0.7777777777777778,0.1111111111111111,0.1111111111111111,400.0,229.13936293319264,49000000000000,149.45117223538585
700,100,100,gaussian-filter,0.15953140258789061,7000000,70000,70000,10000,714.142842854285,300000,9.451211111832329,6.643856189774724,6.643856189774724,22.73892349138178,7.0,7.0,1.0,0.7777777777777778,0.1111111111111111,0.1111111111111111,400.0,229.13936293319264,49000000000000,149.45117223538585
700,100,100,gst3d,1.6623275756835938,7000000,70000,70000,10000,714.142842854285,300000,9.451211111832329,6.643856189774724,6.643856189774724,22.73892349138178,7.0,7.0,1.0,0.7777777777777778,0.1111111111111111,0.1111111111111111,400.0,229.13936293319264,49000000000000,149.45117223538585
700,100,200,envelope,0.46729888916015627,14000000,70000,140000,20000,734.8469228349534,460000,9.451211111832329,6.643856189774724,7.643856189774724,23.73892349138178,7.0,3.5,0.5,0.7,0.1,0.2,400.0,229.13936293319264,196000000000000,156.701158877375
700,100,200,gaussian-filter,0.21158981323242188,14000000,70000,140000,20000,734.8469228349534,460000,9.451211111832329,6.643856189774724,7.643856189774724,23.73892349138178,7.0,3.5,0.5,0.7,0.1,0.2,400.0,229.13936293319264,196000000000000,156.701158877375
700,100,200,gst3d,3.1920021057128904,14000000,70000,140000,20000,734.8469228349534,460000,9.451211111832329,6.643856189774724,7.643856189774724,23.73892349138178,7.0,3.5,0.5,0.7,0.1,0.2,400.0,229.13936293319264,196000000000000,156.701158877375
700,100,300,envelope,0.6492530822753906,21000000,70000,210000,30000,768.1145747868608,620000,9.451211111832329,6.643856189774724,8.228818690495881,24.323885992102934,7.0,2.3333333333333335,0.3333333333333333,0.6363636363636364,0.09090909090909091,0.2727272727272727,400.0,229.13936293319264,441000000000000,161.6380589419447
700,100,300,gaussian-filter,0.2637184143066406,21000000,70000,210000,30000,768.1145747868608,620000,9.451211111832329,6.643856189774724,8.228818690495881,24.323885992102934,7.0,2.3333333333333335,0.3333333333333333,0.6363636363636364,0.09090909090909091,0.2727272727272727,400.0,229.13936293319264,441000000000000,161.6380589419447
700,100,300,gst3d,4.748577880859375,21000000,70000,210000,30000,768.1145747868608,620000,9.451211111832329,6.643856189774724,8.228818690495881,24.323885992102934,7.0,2.3333333333333335,0.3333333333333333,0.6363636363636364,0.09090909090909091,0.2727272727272727,400.0,229.13936293319264,441000000000000,161.6380589419447
700,100,400,envelope,0.8342437744140625,28000000,70000,280000,40000,812.403840463596,780000,9.451211111832329,6.643856189774724,8.643856189774725,24.73892349138178,7.0,1.75,0.25,0.5833333333333334,0.08333333333333333,0.3333333333333333,400.0,229.13936293319264,784000000000000,165.78115973863453
700,100,400,gaussian-filter,0.3159629821777344,28000000,70000,280000,40000,812.403840463596,780000,9.451211111832329,6.643856189774724,8.643856189774725,24.73892349138178,7.0,1.75,0.25,0.5833333333333334,0.08333333333333333,0.3333333333333333,400.0,229.13936293319264,784000000000000,165.78115973863453
700,100,400,gst3d,6.305528259277343,28000000,70000,280000,40000,812.403840463596,780000,9.451211111832329,6.643856189774724,8.643856189774725,24.73892349138178,7.0,1.75,0.25,0.5833333333333334,0.08333333333333333,0.3333333333333333,400.0,229.13936293319264,784000000000000,165.78115973863453
700,100,500,envelope,1.0158737182617188,35000000,70000,350000,50000,866.0254037844386,940000,9.451211111832329,6.643856189774724,8.965784284662087,25.06085158626914,7.0,1.4,0.2,0.5384615384615384,0.07692307692307693,0.38461538461538464,400.0,229.13936293319264,1225000000000000,169.53837206440093
700,100,500,gaussian-filter,0.3681190490722656,35000000,70000,350000,50000,866.0254037844386,940000,9.451211111832329,6.643856189774724,8.965784284662087,25.06085158626914,7.0,1.4,0.2,0.5384615384615384,0.07692307692307693,0.38461538461538464,400.0,229.13936293319264,1225000000000000,169.53837206440093
700,100,500,gst3d,7.861804962158203,35000000,70000,350000,50000,866.0254037844386,940000,9.451211111832329,6.643856189774724,8.965784284662087,25.06085158626914,7.0,1.4,0.2,0.5384615384615384,0.07692307692307693,0.38461538461538464,400.0,229.13936293319264,1225000000000000,169.53837206440093
700,100,600,envelope,1.2000923156738281,42000000,70000,420000,60000,927.3618495495704,1100000,9.451211111832329,6.643856189774724,9.228818690495881,25.323885992102934,7.0,1.1666666666666667,0.16666666666666666,0.5,0.07142857142857142,0.42857142857142855,400.0,229.13936293319264,1764000000000000,173.04878904990613
700,100,600,gaussian-filter,0.42006378173828124,42000000,70000,420000,60000,927.3618495495704,1100000,9.451211111832329,6.643856189774724,9.228818690495881,25.323885992102934,7.0,1.1666666666666667,0.16666666666666666,0.5,0.07142857142857142,0.42857142857142855,400.0,229.13936293319264,1764000000000000,173.04878904990613
700,100,600,gst3d,9.418946075439454,42000000,70000,420000,60000,927.3618495495704,1100000,9.451211111832329,6.643856189774724,9.228818690495881,25.323885992102934,7.0,1.1666666666666667,0.16666666666666666,0.5,0.07142857142857142,0.42857142857142855,400.0,229.13936293319264,1764000000000000,173.04878904990613
700,100,700,envelope,1.3809158325195312,49000000,70000,490000,70000,994.98743710662,1260000,9.451211111832329,6.643856189774724,9.451211111832329,25.54627841343938,7.0,1.0,0.14285714285714285,0.4666666666666667,0.06666666666666667,0.4666666666666667,400.0,229.13936293319264,2401000000000000,176.36472731217432
700,100,700,gaussian-filter,0.47225799560546877,49000000,70000,490000,70000,994.98743710662,1260000,9.451211111832329,6.643856189774724,9.451211111832329,25.54627841343938,7.0,1.0,0.14285714285714285,0.4666666666666667,0.06666666666666667,0.4666666666666667,400.0,229.13936293319264,2401000000000000,176.36472731217432
700,100,800,envelope,1.564471435546875,56000000,70000,560000,80000,1067.707825203131,1420000,9.451211111832329,6.643856189774724,9.643856189774725,25.73892349138178,7.0,0.875,0.125,0.4375,0.0625,0.5,400.0,229.13936293319264,3136000000000000,179.5085432621431
700,100,800,gaussian-filter,0.5245834350585937,56000000,70000,560000,80000,1067.707825203131,1420000,9.451211111832329,6.643856189774724,9.643856189774725,25.73892349138178,7.0,0.875,0.125,0.4375,0.0625,0.5,400.0,229.13936293319264,3136000000000000,179.5085432621431
700,200,100,envelope,0.46980133056640627,14000000,140000,70000,20000,734.8469228349534,460000,9.451211111832329,7.643856189774724,6.643856189774724,23.73892349138178,3.5,7.0,2.0,0.7,0.2,0.1,450.0,229.13936293319264,196000000000000,156.701158877375
700,200,100,gaussian-filter,0.21157989501953126,14000000,140000,70000,20000,734.8469228349534,460000,9.451211111832329,7.643856189774724,6.643856189774724,23.73892349138178,3.5,7.0,2.0,0.7,0.2,0.1,450.0,229.13936293319264,196000000000000,156.701158877375
700,200,200,envelope,0.8287506103515625,28000000,140000,140000,40000,754.983443527075,640000,9.451211111832329,7.643856189774724,7.643856189774724,24.73892349138178,3.5,3.5,1.0,0.6363636363636364,0.18181818181818182,0.18181818181818182,450.0,229.13936293319264,784000000000000,163.9700667122748
700,200,200,gaussian-filter,0.3159942626953125,28000000,140000,140000,40000,754.983443527075,640000,9.451211111832329,7.643856189774724,7.643856189774724,24.73892349138178,3.5,3.5,1.0,0.6363636363636364,0.18181818181818182,0.18181818181818182,450.0,229.13936293319264,784000000000000,163.9700667122748
700,200,200,gst3d,6.3348548889160154,28000000,140000,140000,40000,754.983443527075,640000,9.451211111832329,7.643856189774724,7.643856189774724,24.73892349138178,3.5,3.5,1.0,0.6363636363636364,0.18181818181818182,0.18181818181818182,450.0,229.13936293319264,784000000000000,163.9700667122748
700,200,300,envelope,1.1961685180664063,42000000,140000,210000,60000,787.4007874011811,820000,9.451211111832329,7.643856189774724,8.228818690495881,25.323885992102934,3.5,2.3333333333333335,0.6666666666666666,0.5833333333333334,0.16666666666666666,0.25,450.0,229.13936293319264,1764000000000000,168.910486046836
700,200,300,gaussian-filter,0.4199638366699219,42000000,140000,210000,60000,787.4007874011811,820000,9.451211111832329,7.643856189774724,8.228818690495881,25.323885992102934,3.5,2.3333333333333335,0.6666666666666666,0.5833333333333334,0.16666666666666666,0.25,450.0,229.13936293319264,1764000000000000,168.910486046836
700,200,300,gst3d,9.477863311767578,42000000,140000,210000,60000,787.4007874011811,820000,9.451211111832329,7.643856189774724,8.228818690495881,25.323885992102934,3.5,2.3333333333333335,0.6666666666666666,0.5833333333333334,0.16666666666666666,0.25,450.0,229.13936293319264,1764000000000000,168.910486046836
700,200,400,envelope,1.5657394409179688,56000000,140000,280000,80000,830.6623862918075,1000000,9.451211111832329,7.643856189774724,8.643856189774725,25.73892349138178,3.5,1.75,0.5,0.5384615384615384,0.15384615384615385,0.3076923076923077,450.0,229.13936293319264,3136000000000000,173.05376215621723
700,200,400,gaussian-filter,0.5246871948242188,56000000,140000,280000,80000,830.6623862918075,1000000,9.451211111832329,7.643856189774724,8.643856189774725,25.73892349138178,3.5,1.75,0.5,0.5384615384615384,0.15384615384615385,0.3076923076923077,450.0,229.13936293319264,3136000000000000,173.05376215621723
700,200,400,gst3d,12.621762084960938,56000000,140000,280000,80000,830.6623862918075,1000000,9.451211111832329,7.643856189774724,8.643856189774725,25.73892349138178,3.5,1.75,0.5,0.5384615384615384,0.15384615384615385,0.3076923076923077,450.0,229.13936293319264,3136000000000000,173.05376215621723
700,200,500,envelope,1.9289764404296874,70000000,140000,350000,100000,883.1760866327846,1180000,9.451211111832329,7.643856189774724,8.965784284662087,26.06085158626914,3.5,1.4,0.4,0.5,0.14285714285714285,0.35714285714285715,450.0,229.13936293319264,4900000000000000,176.8139192256871
700,200,500,gaussian-filter,0.6286483764648437,70000000,140000,350000,100000,883.1760866327846,1180000,9.451211111832329,7.643856189774724,8.965784284662087,26.06085158626914,3.5,1.4,0.4,0.5,0.14285714285714285,0.35714285714285715,450.0,229.13936293319264,4900000000000000,176.8139192256871
700,200,600,envelope,2.29476318359375,84000000,140000,420000,120000,943.3981132056604,1360000,9.451211111832329,7.643856189774724,9.228818690495881,26.323885992102934,3.5,1.1666666666666667,0.3333333333333333,0.4666666666666667,0.13333333333333333,0.4,450.0,229.13936293319264,7056000000000000,180.33303946368733
700,200,600,gaussian-filter,0.7329483032226562,84000000,140000,420000,120000,943.3981132056604,1360000,9.451211111832329,7.643856189774724,9.228818690495881,26.323885992102934,3.5,1.1666666666666667,0.3333333333333333,0.4666666666666667,0.13333333333333333,0.4,450.0,229.13936293319264,7056000000000000,180.33303946368733
700,200,600,gst3d,18.90809555053711,84000000,140000,420000,120000,943.3981132056604,1360000,9.451211111832329,7.643856189774724,9.228818690495881,26.323885992102934,3.5,1.1666666666666667,0.3333333333333333,0.4666666666666667,0.13333333333333333,0.4,450.0,229.13936293319264,7056000000000000,180.33303946368733
700,200,700,envelope,2.6590728759765625,98000000,140000,490000,140000,1009.9504938362078,1540000,9.451211111832329,7.643856189774724,9.451211111832329,26.54627841343938,3.5,1.0,0.2857142857142857,0.4375,0.125,0.4375,450.0,229.13936293319264,9604000000000000,183.6643096045745
700,200,700,gaussian-filter,0.8372016906738281,98000000,140000,490000,140000,1009.9504938362078,1540000,9.451211111832329,7.643856189774724,9.451211111832329,26.54627841343938,3.5,1.0,0.2857142857142857,0.4375,0.125,0.4375,450.0,229.13936293319264,9604000000000000,183.6643096045745
700,200,700,gst3d,22.05083770751953,98000000,140000,490000,140000,1009.9504938362078,1540000,9.451211111832329,7.643856189774724,9.451211111832329,26.54627841343938,3.5,1.0,0.2857142857142857,0.4375,0.125,0.4375,450.0,229.13936293319264,9604000000000000,183.6643096045745
700,200,800,envelope,3.0237823486328126,112000000,140000,560000,160000,1081.6653826391969,1720000,9.451211111832329,7.643856189774724,9.643856189774725,26.73892349138178,3.5,0.875,0.25,0.4117647058823529,0.11764705882352941,0.47058823529411764,450.0,229.13936293319264,12544000000000000,186.8297042391929
700,200,800,gaussian-filter,0.9415657043457031,112000000,140000,560000,160000,1081.6653826391969,1720000,9.451211111832329,7.643856189774724,9.643856189774725,26.73892349138178,3.5,0.875,0.25,0.4117647058823529,0.11764705882352941,0.47058823529411764,450.0,229.13936293319264,12544000000000000,186.8297042391929
700,200,800,gst3d,25.194857025146483,112000000,140000,560000,160000,1081.6653826391969,1720000,9.451211111832329,7.643856189774724,9.643856189774725,26.73892349138178,3.5,0.875,0.25,0.4117647058823529,0.11764705882352941,0.47058823529411764,450.0,229.13936293319264,12544000000000000,186.8297042391929
700,300,100,envelope,0.6492515563964844,21000000,210000,70000,30000,768.1145747868608,620000,9.451211111832329,8.228818690495881,6.643856189774724,24.323885992102934,2.3333333333333335,7.0,3.0,0.6363636363636364,0.2727272727272727,0.09090909090909091,500.0,229.13936293319264,441000000000000,161.6380589419447
700,300,100,gaussian-filter,0.2634757995605469,21000000,210000,70000,30000,768.1145747868608,620000,9.451211111832329,8.228818690495881,6.643856189774724,24.323885992102934,2.3333333333333335,7.0,3.0,0.6363636363636364,0.2727272727272727,0.09090909090909091,500.0,229.13936293319264,441000000000000,161.6380589419447
700,300,100,gst3d,4.7480720520019535,21000000,210000,70000,30000,768.1145747868608,620000,9.451211111832329,8.228818690495881,6.643856189774724,24.323885992102934,2.3333333333333335,7.0,3.0,0.6363636363636364,0.2727272727272727,0.09090909090909091,500.0,229.13936293319264,441000000000000,161.6380589419447
700,300,200,envelope,1.1958572387695312,42000000,210000,140000,60000,787.4007874011811,820000,9.451211111832329,8.228818690495881,7.643856189774724,25.323885992102934,2.3333333333333335,3.5,1.5,0.5833333333333334,0.25,0.16666666666666666,500.0,229.13936293319264,1764000000000000,168.910486046836
700,300,200,gaussian-filter,0.4199256896972656,42000000,210000,140000,60000,787.4007874011811,820000,9.451211111832329,8.228818690495881,7.643856189774724,25.323885992102934,2.3333333333333335,3.5,1.5,0.5833333333333334,0.25,0.16666666666666666,500.0,229.13936293319264,1764000000000000,168.910486046836
700,300,200,gst3d,9.47723617553711,42000000,210000,140000,60000,787.4007874011811,820000,9.451211111832329,8.228818690495881,7.643856189774724,25.323885992102934,2.3333333333333335,3.5,1.5,0.5833333333333334,0.25,0.16666666666666666,500.0,229.13936293319264,1764000000000000,168.910486046836
700,300,300,envelope,1.745989990234375,63000000,210000,210000,90000,818.535277187245,1020000,9.451211111832329,8.228818690495881,8.228818690495881,25.90884849282409,2.3333333333333335,2.3333333333333335,1.0,0.5384615384615384,0.23076923076923078,0.23076923076923078,500.0,229.13936293319264,3969000000000000,173.81566202679855
700,300,300,gaussian-filter,0.5764549255371094,63000000,210000,210000,90000,818.535277187245,1020000,9.451211111832329,8.228818690495881,8.228818690495881,25.90884849282409,2.3333333333333335,2.3333333333333335,1.0,0.5384615384615384,0.23076923076923078,0.23076923076923078,500.0,229.13936293319264,3969000000000000,173.81566202679855
700,300,400,envelope,2.295754241943359,84000000,210000,280000,120000,860.2325267042627,1220000,9.451211111832329,8.228818690495881,8.643856189774725,26.323885992102934,2.3333333333333335,1.75,0.75,0.5,0.21428571428571427,0.2857142857142857,500.0,229.13936293319264,7056000000000000,177.90641748148437
700,300,400,gaussian-filter,0.7329322814941406,84000000,210000,280000,120000,860.2325267042627,1220000,9.451211111832329,8.228818690495881,8.643856189774725,26.323885992102934,2.3333333333333335,1.75,0.75,0.5,0.21428571428571427,0.2857142857142857,500.0,229.13936293319264,7056000000000000,177.90641748148437
700,300,400,gst3d,18.93773651123047,84000000,210000,280000,120000,860.2325267042627,1220000,9.451211111832329,8.228818690495881,8.643856189774725,26.323885992102934,2.3333333333333335,1.75,0.75,0.5,0.21428571428571427,0.2857142857142857,500.0,229.13936293319264,7056000000000000,177.90641748148437
700,300,500,envelope,2.8439537048339845,105000000,210000,350000,150000,911.0433579144299,1420000,9.451211111832329,8.228818690495881,8.965784284662087,26.645814086990296,2.3333333333333335,1.4,0.6,0.4666666666666667,0.2,0.3333333333333333,500.0,229.13936293319264,11025000000000000,181.6095428131768
700,300,500,gaussian-filter,0.8894424438476562,105000000,210000,350000,150000,911.0433579144299,1420000,9.451211111832329,8.228818690495881,8.965784284662087,26.645814086990296,2.3333333333333335,1.4,0.6,0.4666666666666667,0.2,0.3333333333333333,500.0,229.13936293319264,11025000000000000,181.6095428131768
700,300,500,gst3d,23.66731185913086,105000000,210000,350000,150000,911.0433579144299,1420000,9.451211111832329,8.228818690495881,8.965784284662087,26.645814086990296,2.3333333333333335,1.4,0.6,0.4666666666666667,0.2,0.3333333333333333,500.0,229.13936293319264,11025000000000000,181.6095428131768
700,300,600,envelope,3.39114990234375,126000000,210000,420000,180000,969.5359714832658,1620000,9.451211111832329,8.228818690495881,9.228818690495881,26.90884849282409,2.3333333333333335,1.1666666666666667,0.5,0.4375,0.1875,0.375,500.0,229.13936293319264,15876000000000000,185.07498235025992
700,300,600,gaussian-filter,1.0459495544433595,126000000,210000,420000,180000,969.5359714832658,1620000,9.451211111832329,8.228818690495881,9.228818690495881,26.90884849282409,2.3333333333333335,1.1666666666666667,0.5,0.4375,0.1875,0.375,500.0,229.13936293319264,15876000000000000,185.07498235025992
700,300,600,gst3d,28.396895599365234,126000000,210000,420000,180000,969.5359714832658,1620000,9.451211111832329,8.228818690495881,9.228818690495881,26.90884849282409,2.3333333333333335,1.1666666666666667,0.5,0.4375,0.1875,0.375,500.0,229.13936293319264,15876000000000000,185.07498235025992
700,300,700,envelope,3.9374237060546875,147000000,210000,490000,210000,1034.40804327886,1820000,9.451211111832329,8.228818690495881,9.451211111832329,27.13124091416054,2.3333333333333335,1.0,0.42857142857142855,0.4117647058823529,0.17647058823529413,0.4117647058823529,500.0,229.13936293319264,21609000000000000,188.36002028656327
700,300,700,gaussian-filter,1.2024993896484375,147000000,210000,490000,210000,1034.40804327886,1820000,9.451211111832329,8.228818690495881,9.451211111832329,27.13124091416054,2.3333333333333335,1.0,0.42857142857142855,0.4117647058823529,0.17647058823529413,0.4117647058823529,500.0,229.13936293319264,21609000000000000,188.36002028656327
700,300,700,gst3d,33.12657089233399,147000000,210000,490000,210000,1034.40804327886,1820000,9.451211111832329,8.228818690495881,9.451211111832329,27.13124091416054,2.3333333333333335,1.0,0.42857142857142855,0.4117647058823529,0.17647058823529413,0.4117647058823529,500.0,229.13936293319264,21609000000000000,188.36002028656327
700,300,800,envelope,4.485447692871094,168000000,210000,560000,240000,1104.536101718726,2020000,9.451211111832329,8.228818690495881,9.643856189774725,27.323885992102934,2.3333333333333335,0.875,0.375,0.3888888888888889,0.16666666666666666,0.4444444444444444,500.0,229.13936293319264,28224000000000000,191.48813349361868
700,300,800,gaussian-filter,1.3589187622070313,168000000,210000,560000,240000,1104.536101718726,2020000,9.451211111832329,8.228818690495881,9.643856189774725,27.323885992102934,2.3333333333333335,0.875,0.375,0.3888888888888889,0.16666666666666666,0.4444444444444444,500.0,229.13936293319264,28224000000000000,191.48813349361868
700,300,800,gst3d,37.85582504272461,168000000,210000,560000,240000,1104.536101718726,2020000,9.451211111832329,8.228818690495881,9.643856189774725,27.323885992102934,2.3333333333333335,0.875,0.375,0.3888888888888889,0.16666666666666666,0.4444444444444444,500.0,229.13936293319264,28224000000000000,191.48813349361868
700,400,100,envelope,0.8317802429199219,28000000,280000,70000,40000,812.403840463596,780000,9.451211111832329,8.643856189774725,6.643856189774724,24.73892349138178,1.75,7.0,4.0,0.5833333333333334,0.3333333333333333,0.08333333333333333,550.0,229.13936293319264,784000000000000,165.78115973863453
700,400,100,gaussian-filter,0.31594696044921877,28000000,280000,70000,40000,812.403840463596,780000,9.451211111832329,8.643856189774725,6.643856189774724,24.73892349138178,1.75,7.0,4.0,0.5833333333333334,0.3333333333333333,0.08333333333333333,550.0,229.13936293319264,784000000000000,165.78115973863453
700,400,100,gst3d,6.305136108398438,28000000,280000,70000,40000,812.403840463596,780000,9.451211111832329,8.643856189774725,6.643856189774724,24.73892349138178,1.75,7.0,4.0,0.5833333333333334,0.3333333333333333,0.08333333333333333,550.0,229.13936293319264,784000000000000,165.78115973863453
700,400,200,envelope,1.5639045715332032,56000000,280000,140000,80000,830.6623862918075,1000000,9.451211111832329,8.643856189774725,7.643856189774724,25.73892349138178,1.75,3.5,2.0,0.5384615384615384,0.3076923076923077,0.15384615384615385,550.0,229.13936293319264,3136000000000000,173.05376215621723
700,400,200,gaussian-filter,0.5245994567871094,56000000,280000,140000,80000,830.6623862918075,1000000,9.451211111832329,8.643856189774725,7.643856189774724,25.73892349138178,1.75,3.5,2.0,0.5384615384615384,0.3076923076923077,0.15384615384615385,550.0,229.13936293319264,3136000000000000,173.05376215621723
700,400,200,gst3d,12.621331024169923,56000000,280000,140000,80000,830.6623862918075,1000000,9.451211111832329,8.643856189774725,7.643856189774724,25.73892349138178,1.75,3.5,2.0,0.5384615384615384,0.3076923076923077,0.15384615384615385,550.0,229.13936293319264,3136000000000000,173.05376215621723
700,400,300,envelope,2.291767120361328,84000000,280000,210000,120000,860.2325267042627,1220000,9.451211111832329,8.643856189774725,8.228818690495881,26.323885992102934,1.75,2.3333333333333335,1.3333333333333333,0.5,0.2857142857142857,0.21428571428571427,550.0,229.13936293319264,7056000000000000,177.90641748148437
700,400,300,gaussian-filter,0.7330108642578125,84000000,280000,210000,120000,860.2325267042627,1220000,9.451211111832329,8.643856189774725,8.228818690495881,26.323885992102934,1.75,2.3333333333333335,1.3333333333333333,0.5,0.2857142857142857,0.21428571428571427,550.0,229.13936293319264,7056000000000000,177.90641748148437
700,400,300,gst3d,18.93787384033203,84000000,280000,210000,120000,860.2325267042627,1220000,9.451211111832329,8.643856189774725,8.228818690495881,26.323885992102934,1.75,2.3333333333333335,1.3333333333333333,0.5,0.2857142857142857,0.21428571428571427,550.0,229.13936293319264,7056000000000000,177.90641748148437
700,400,400,envelope,3.026824951171875,112000000,280000,280000,160000,900.0,1440000,9.451211111832329,8.643856189774725,8.643856189774725,26.73892349138178,1.75,1.75,1.0,0.4666666666666667,0.26666666666666666,0.26666666666666666,550.0,229.13936293319264,12544000000000000,181.91840655640303
700,400,400,gaussian-filter,0.941595458984375,112000000,280000,280000,160000,900.0,1440000,9.451211111832329,8.643856189774725,8.643856189774725,26.73892349138178,1.75,1.75,1.0,0.4666666666666667,0.26666666666666666,0.26666666666666666,550.0,229.13936293319264,12544000000000000,181.91840655640303
700,400,400,gst3d,25.253646087646484,112000000,280000,280000,160000,900.0,1440000,9.451211111832329,8.643856189774725,8.643856189774725,26.73892349138178,1.75,1.75,1.0,0.4666666666666667,0.26666666666666666,0.26666666666666666,550.0,229.13936293319264,12544000000000000,181.91840655640303
700,400,500,envelope,3.755097198486328,140000000,280000,350000,200000,948.6832980505138,1660000,9.451211111832329,8.643856189774725,8.965784284662087,27.06085158626914,1.75,1.4,0.8,0.4375,0.25,0.3125,550.0,229.13936293319264,19600000000000000,185.53267737906353
700,400,500,gaussian-filter,1.1503105163574219,140000000,280000,350000,200000,948.6832980505138,1660000,9.451211111832329,8.643856189774725,8.965784284662087,27.06085158626914,1.75,1.4,0.8,0.4375,0.25,0.3125,550.0,229.13936293319264,19600000000000000,185.53267737906353
700,400,600,envelope,4.485935974121094,168000000,280000,420000,240000,1004.987562112089,1880000,9.451211111832329,8.643856189774725,9.228818690495881,27.323885992102934,1.75,1.1666666666666667,0.6666666666666666,0.4117647058823529,0.23529411764705882,0.35294117647058826,550.0,229.13936293319264,28224000000000000,188.90983332219625
700,400,600,gaussian-filter,1.3589492797851563,168000000,280000,420000,240000,1004.987562112089,1880000,9.451211111832329,8.643856189774725,9.228818690495881,27.323885992102934,1.75,1.1666666666666667,0.6666666666666666,0.4117647058823529,0.23529411764705882,0.35294117647058826,550.0,229.13936293319264,28224000000000000,188.90983332219625
700,400,600,gst3d,37.88641128540039,168000000,280000,420000,240000,1004.987562112089,1880000,9.451211111832329,8.643856189774725,9.228818690495881,27.323885992102934,1.75,1.1666666666666667,0.6666666666666666,0.4117647058823529,0.23529411764705882,0.35294117647058826,550.0,229.13936293319264,28224000000000000,188.90983332219625
700,400,700,envelope,5.215322113037109,196000000,280000,490000,280000,1067.707825203131,2100000,9.451211111832329,8.643856189774725,9.451211111832329,27.54627841343938,1.75,1.0,0.5714285714285714,0.3888888888888889,0.2222222222222222,0.3888888888888889,550.0,229.13936293319264,38416000000000000,192.11340800424682
700,400,700,gaussian-filter,1.5676361083984376,196000000,280000,490000,280000,1067.707825203131,2100000,9.451211111832329,8.643856189774725,9.451211111832329,27.54627841343938,1.75,1.0,0.5714285714285714,0.3888888888888889,0.2222222222222222,0.3888888888888889,550.0,229.13936293319264,38416000000000000,192.11340800424682
700,400,700,gst3d,44.20258102416992,196000000,280000,490000,280000,1067.707825203131,2100000,9.451211111832329,8.643856189774725,9.451211111832329,27.54627841343938,1.75,1.0,0.5714285714285714,0.3888888888888889,0.2222222222222222,0.3888888888888889,550.0,229.13936293319264,38416000000000000,192.11340800424682
700,400,800,envelope,5.9415946960449215,224000000,280000,560000,320000,1135.7816691600547,2320000,9.451211111832329,8.643856189774725,9.643856189774725,27.73892349138178,1.75,0.875,0.5,0.3684210526315789,0.21052631578947367,0.42105263157894735,550.0,229.13936293319264,50176000000000000,195.16985770255872
700,400,800,gaussian-filter,1.7761619567871094,224000000,280000,560000,320000,1135.7816691600547,2320000,9.451211111832329,8.643856189774725,9.643856189774725,27.73892349138178,1.75,0.875,0.5,0.3684210526315789,0.21052631578947367,0.42105263157894735,550.0,229.13936293319264,50176000000000000,195.16985770255872
700,400,800,gst3d,50.519386291503906,224000000,280000,560000,320000,1135.7816691600547,2320000,9.451211111832329,8.643856189774725,9.643856189774725,27.73892349138178,1.75,0.875,0.5,0.3684210526315789,0.21052631578947367,0.42105263157894735,550.0,229.13936293319264,50176000000000000,195.16985770255872
700,500,100,envelope,1.013921356201172,35000000,350000,70000,50000,866.0254037844386,940000,9.451211111832329,8.965784284662087,6.643856189774724,25.06085158626914,1.4,7.0,5.0,0.5384615384615384,0.38461538461538464,0.07692307692307693,600.0,229.13936293319264,1225000000000000,169.53837206440093
700,500,100,gaussian-filter,0.3680694580078125,35000000,350000,70000,50000,866.0254037844386,940000,9.451211111832329,8.965784284662087,6.643856189774724,25.06085158626914,1.4,7.0,5.0,0.5384615384615384,0.38461538461538464,0.07692307692307693,600.0,229.13936293319264,1225000000000000,169.53837206440093
700,500,200,envelope,1.9282798767089844,70000000,350000,140000,100000,883.1760866327846,1180000,9.451211111832329,8.965784284662087,7.643856189774724,26.06085158626914,1.4,3.5,2.5,0.5,0.35714285714285715,0.14285714285714285,600.0,229.13936293319264,4900000000000000,176.8139192256871
700,500,200,gaussian-filter,0.6285850524902343,70000000,350000,140000,100000,883.1760866327846,1180000,9.451211111832329,8.965784284662087,7.643856189774724,26.06085158626914,1.4,3.5,2.5,0.5,0.35714285714285715,0.14285714285714285,600.0,229.13936293319264,4900000000000000,176.8139192256871
700,500,300,envelope,2.842137908935547,105000000,350000,210000,150000,911.0433579144299,1420000,9.451211111832329,8.965784284662087,8.228818690495881,26.645814086990296,1.4,2.3333333333333335,1.6666666666666667,0.4666666666666667,0.3333333333333333,0.2,600.0,229.13936293319264,11025000000000000,181.6095428131768
700,500,300,gaussian-filter,0.8894515991210937,105000000,350000,210000,150000,911.0433579144299,1420000,9.451211111832329,8.965784284662087,8.228818690495881,26.645814086990296,1.4,2.3333333333333335,1.6666666666666667,0.4666666666666667,0.3333333333333333,0.2,600.0,229.13936293319264,11025000000000000,181.6095428131768
700,500,300,gst3d,23.667483520507812,105000000,350000,210000,150000,911.0433579144299,1420000,9.451211111832329,8.965784284662087,8.228818690495881,26.645814086990296,1.4,2.3333333333333335,1.6666666666666667,0.4666666666666667,0.3333333333333333,0.2,600.0,229.13936293319264,11025000000000000,181.6095428131768
700,500,400,envelope,3.7536781311035154,140000000,350000,280000,200000,948.6832980505138,1660000,9.451211111832329,8.965784284662087,8.643856189774725,27.06085158626914,1.4,1.75,1.25,0.4375,0.3125,0.25,600.0,229.13936293319264,19600000000000000,185.53267737906353
700,500,400,gaussian-filter,1.1504112243652345,140000000,350000,280000,200000,948.6832980505138,1660000,9.451211111832329,8.965784284662087,8.643856189774725,27.06085158626914,1.4,1.75,1.25,0.4375,0.3125,0.25,600.0,229.13936293319264,19600000000000000,185.53267737906353
700,500,400,gst3d,31.570115661621095,140000000,350000,280000,200000,948.6832980505138,1660000,9.451211111832329,8.965784284662087,8.643856189774725,27.06085158626914,1.4,1.75,1.25,0.4375,0.3125,0.25,600.0,229.13936293319264,19600000000000000,185.53267737906353
700,500,500,envelope,4.668170166015625,175000000,350000,350000,250000,994.98743710662,1900000,9.451211111832329,8.965784284662087,8.965784284662087,27.382779681156503,1.4,1.4,1.0,0.4117647058823529,0.29411764705882354,0.29411764705882354,600.0,229.13936293319264,30625000000000000,189.04344473815362
700,500,500,gaussian-filter,1.4110389709472657,175000000,350000,350000,250000,994.98743710662,1900000,9.451211111832329,8.965784284662087,8.965784284662087,27.382779681156503,1.4,1.4,1.0,0.4117647058823529,0.29411764705882354,0.29411764705882354,600.0,229.13936293319264,30625000000000000,189.04344473815362
700,500,600,envelope,5.579335021972656,210000000,350000,420000,300000,1048.8088481701516,2140000,9.451211111832329,8.965784284662087,9.228818690495881,27.645814086990296,1.4,1.1666666666666667,0.8333333333333334,0.3888888888888889,0.2777777777777778,0.3333333333333333,600.0,229.13936293319264,44100000000000000,192.31432864808394
700,500,600,gaussian-filter,1.6719329833984375,210000000,350000,420000,300000,1048.8088481701516,2140000,9.451211111832329,8.965784284662087,9.228818690495881,27.645814086990296,1.4,1.1666666666666667,0.8333333333333334,0.3888888888888889,0.2777777777777778,0.3333333333333333,600.0,229.13936293319264,44100000000000000,192.31432864808394
700,500,600,gst3d,47.37519989013672,210000000,350000,420000,300000,1048.8088481701516,2140000,9.451211111832329,8.965784284662087,9.228818690495881,27.645814086990296,1.4,1.1666666666666667,0.8333333333333334,0.3888888888888889,0.2777777777777778,0.3333333333333333,600.0,229.13936293319264,44100000000000000,192.31432864808394
700,500,700,envelope,6.490312194824218,245000000,350000,490000,350000,1109.0536506409417,2380000,9.451211111832329,8.965784284662087,9.451211111832329,27.868206508326743,1.4,1.0,0.7142857142857143,0.3684210526315789,0.2631578947368421,0.3684210526315789,600.0,229.13936293319264,60025000000000000,195.41642402878156
700,500,700,gaussian-filter,1.932470703125,245000000,350000,490000,350000,1109.0536506409417,2380000,9.451211111832329,8.965784284662087,9.451211111832329,27.868206508326743,1.4,1.0,0.7142857142857143,0.3684210526315789,0.2631578947368421,0.3684210526315789,600.0,229.13936293319264,60025000000000000,195.41642402878156
700,500,700,gst3d,55.27815628051758,245000000,350000,490000,350000,1109.0536506409417,2380000,9.451211111832329,8.965784284662087,9.451211111832329,27.868206508326743,1.4,1.0,0.7142857142857143,0.3684210526315789,0.2631578947368421,0.3684210526315789,600.0,229.13936293319264,60025000000000000,195.41642402878156
700,500,800,envelope,7.400353240966797,280000000,350000,560000,400000,1174.7340124470732,2620000,9.451211111832329,8.965784284662087,9.643856189774725,28.06085158626914,1.4,0.875,0.625,0.35,0.25,0.4,600.0,229.13936293319264,78400000000000000,198.38034113403268
700,500,800,gaussian-filter,2.1934249877929686,280000000,350000,560000,400000,1174.7340124470732,2620000,9.451211111832329,8.965784284662087,9.643856189774725,28.06085158626914,1.4,0.875,0.625,0.35,0.25,0.4,600.0,229.13936293319264,78400000000000000,198.38034113403268
700,600,100,envelope,1.1954345703125,42000000,420000,70000,60000,927.3618495495704,1100000,9.451211111832329,9.228818690495881,6.643856189774724,25.323885992102934,1.1666666666666667,7.0,6.0,0.5,0.42857142857142855,0.07142857142857142,650.0,229.13936293319264,1764000000000000,173.04878904990613
700,600,100,gaussian-filter,0.41996612548828127,42000000,420000,70000,60000,927.3618495495704,1100000,9.451211111832329,9.228818690495881,6.643856189774724,25.323885992102934,1.1666666666666667,7.0,6.0,0.5,0.42857142857142855,0.07142857142857142,650.0,229.13936293319264,1764000000000000,173.04878904990613
700,600,100,gst3d,9.419090270996094,42000000,420000,70000,60000,927.3618495495704,1100000,9.451211111832329,9.228818690495881,6.643856189774724,25.323885992102934,1.1666666666666667,7.0,6.0,0.5,0.42857142857142855,0.07142857142857142,650.0,229.13936293319264,1764000000000000,173.04878904990613
700,600,200,envelope,2.294207000732422,84000000,420000,140000,120000,943.3981132056604,1360000,9.451211111832329,9.228818690495881,7.643856189774724,26.323885992102934,1.1666666666666667,3.5,3.0,0.4666666666666667,0.4,0.13333333333333333,650.0,229.13936293319264,7056000000000000,180.33303946368733
700,600,200,gaussian-filter,0.7329757690429688,84000000,420000,140000,120000,943.3981132056604,1360000,9.451211111832329,9.228818690495881,7.643856189774724,26.323885992102934,1.1666666666666667,3.5,3.0,0.4666666666666667,0.4,0.13333333333333333,650.0,229.13936293319264,7056000000000000,180.33303946368733
700,600,200,gst3d,18.90805587768555,84000000,420000,140000,120000,943.3981132056604,1360000,9.451211111832329,9.228818690495881,7.643856189774724,26.323885992102934,1.1666666666666667,3.5,3.0,0.4666666666666667,0.4,0.13333333333333333,650.0,229.13936293319264,7056000000000000,180.33303946368733
700,600,300,envelope,3.3890586853027345,126000000,420000,210000,180000,969.5359714832658,1620000,9.451211111832329,9.228818690495881,8.228818690495881,26.90884849282409,1.1666666666666667,2.3333333333333335,2.0,0.4375,0.375,0.1875,650.0,229.13936293319264,15876000000000000,185.07498235025992
700,600,300,gaussian-filter,1.0459091186523437,126000000,420000,210000,180000,969.5359714832658,1620000,9.451211111832329,9.228818690495881,8.228818690495881,26.90884849282409,1.1666666666666667,2.3333333333333335,2.0,0.4375,0.375,0.1875,650.0,229.13936293319264,15876000000000000,185.07498235025992
700,600,300,gst3d,28.39680404663086,126000000,420000,210000,180000,969.5359714832658,1620000,9.451211111832329,9.228818690495881,8.228818690495881,26.90884849282409,1.1666666666666667,2.3333333333333335,2.0,0.4375,0.375,0.1875,650.0,229.13936293319264,15876000000000000,185.07498235025992
700,600,400,envelope,4.482432556152344,168000000,420000,280000,240000,1004.987562112089,1880000,9.451211111832329,9.228818690495881,8.643856189774725,27.323885992102934,1.1666666666666667,1.75,1.5,0.4117647058823529,0.35294117647058826,0.23529411764705882,650.0,229.13936293319264,28224000000000000,188.90983332219625
700,600,400,gaussian-filter,1.3589393615722656,168000000,420000,280000,240000,1004.987562112089,1880000,9.451211111832329,9.228818690495881,8.643856189774725,27.323885992102934,1.1666666666666667,1.75,1.5,0.4117647058823529,0.35294117647058826,0.23529411764705882,650.0,229.13936293319264,28224000000000000,188.90983332219625
700,600,500,envelope,5.579252624511719,210000000,420000,350000,300000,1048.8088481701516,2140000,9.451211111832329,9.228818690495881,8.965784284662087,27.645814086990296,1.1666666666666667,1.4,1.2,0.3888888888888889,0.3333333333333333,0.2777777777777778,650.0,229.13936293319264,44100000000000000,192.31432864808394
700,600,500,gaussian-filter,1.6719146728515626,210000000,420000,350000,300000,1048.8088481701516,2140000,9.451211111832329,9.228818690495881,8.965784284662087,27.645814086990296,1.1666666666666667,1.4,1.2,0.3888888888888889,0.3333333333333333,0.2777777777777778,650.0,229.13936293319264,44100000000000000,192.31432864808394
700,600,500,gst3d,47.37554931640625,210000000,420000,350000,300000,1048.8088481701516,2140000,9.451211111832329,9.228818690495881,8.965784284662087,27.645814086990296,1.1666666666666667,1.4,1.2,0.3888888888888889,0.3333333333333333,0.2777777777777778,650.0,229.13936293319264,44100000000000000,192.31432864808394
700,600,600,envelope,6.668643188476563,252000000,420000,420000,360000,1100.0,2400000,9.451211111832329,9.228818690495881,9.228818690495881,27.90884849282409,1.1666666666666667,1.1666666666666667,1.0,0.3684210526315789,0.3157894736842105,0.3157894736842105,650.0,229.13936293319264,63504000000000000,195.47285302945167
700,600,600,gaussian-filter,1.9846778869628907,252000000,420000,420000,360000,1100.0,2400000,9.451211111832329,9.228818690495881,9.228818690495881,27.90884849282409,1.1666666666666667,1.1666666666666667,1.0,0.3684210526315789,0.3157894736842105,0.3157894736842105,650.0,229.13936293319264,63504000000000000,195.47285302945167
700,600,700,envelope,7.764708709716797,294000000,420000,490000,420000,1157.5836902790224,2660000,9.451211111832329,9.228818690495881,9.451211111832329,28.13124091416054,1.1666666666666667,1.0,0.8571428571428571,0.35,0.3,0.35,650.0,229.13936293319264,86436000000000000,198.46459883853973
700,600,700,gaussian-filter,2.297534942626953,294000000,420000,490000,420000,1157.5836902790224,2660000,9.451211111832329,9.228818690495881,9.451211111832329,28.13124091416054,1.1666666666666667,1.0,0.8571428571428571,0.35,0.3,0.35,650.0,229.13936293319264,86436000000000000,198.46459883853973
700,600,800,envelope,8.863255310058594,336000000,420000,560000,480000,1220.6555615733703,2920000,9.451211111832329,9.228818690495881,9.643856189774725,28.323885992102934,1.1666666666666667,0.875,0.75,0.3333333333333333,0.2857142857142857,0.38095238095238093,650.0,229.13936293319264,112896000000000000,201.32511199430604
700,600,800,gaussian-filter,2.6105064392089843,336000000,420000,560000,480000,1220.6555615733703,2920000,9.451211111832329,9.228818690495881,9.643856189774725,28.323885992102934,1.1666666666666667,0.875,0.75,0.3333333333333333,0.2857142857142857,0.38095238095238093,650.0,229.13936293319264,112896000000000000,201.32511199430604
700,600,800,gst3d,75.84163436889648,336000000,420000,560000,480000,1220.6555615733703,2920000,9.451211111832329,9.228818690495881,9.643856189774725,28.323885992102934,1.1666666666666667,0.875,0.75,0.3333333333333333,0.2857142857142857,0.38095238095238093,650.0,229.13936293319264,112896000000000000,201.32511199430604
700,700,100,envelope,1.383661651611328,49000000,490000,70000,70000,994.98743710662,1260000,9.451211111832329,9.451211111832329,6.643856189774724,25.54627841343938,1.0,7.0,7.0,0.4666666666666667,0.4666666666666667,0.06666666666666667,700.0,229.13936293319264,2401000000000000,176.36472731217432
700,700,100,gaussian-filter,0.47218170166015627,49000000,490000,70000,70000,994.98743710662,1260000,9.451211111832329,9.451211111832329,6.643856189774724,25.54627841343938,1.0,7.0,7.0,0.4666666666666667,0.4666666666666667,0.06666666666666667,700.0,229.13936293319264,2401000000000000,176.36472731217432
700,700,200,envelope,2.6603233337402346,98000000,490000,140000,140000,1009.9504938362078,1540000,9.451211111832329,9.451211111832329,7.643856189774724,26.54627841343938,1.0,3.5,3.5,0.4375,0.4375,0.125,700.0,229.13936293319264,9604000000000000,183.6643096045745
700,700,200,gaussian-filter,0.8373649597167969,98000000,490000,140000,140000,1009.9504938362078,1540000,9.451211111832329,9.451211111832329,7.643856189774724,26.54627841343938,1.0,3.5,3.5,0.4375,0.4375,0.125,700.0,229.13936293319264,9604000000000000,183.6643096045745
700,700,200,gst3d,22.051052856445313,98000000,490000,140000,140000,1009.9504938362078,1540000,9.451211111832329,9.451211111832329,7.643856189774724,26.54627841343938,1.0,3.5,3.5,0.4375,0.4375,0.125,700.0,229.13936293319264,9604000000000000,183.6643096045745
700,700,300,envelope,3.9368019104003906,147000000,490000,210000,210000,1034.40804327886,1820000,9.451211111832329,9.451211111832329,8.228818690495881,27.13124091416054,1.0,2.3333333333333335,2.3333333333333335,0.4117647058823529,0.4117647058823529,0.17647058823529413,700.0,229.13936293319264,21609000000000000,188.36002028656327
700,700,300,gaussian-filter,1.2024391174316407,147000000,490000,210000,210000,1034.40804327886,1820000,9.451211111832329,9.451211111832329,8.228818690495881,27.13124091416054,1.0,2.3333333333333335,2.3333333333333335,0.4117647058823529,0.4117647058823529,0.17647058823529413,700.0,229.13936293319264,21609000000000000,188.36002028656327
700,700,300,gst3d,33.12702865600586,147000000,490000,210000,210000,1034.40804327886,1820000,9.451211111832329,9.451211111832329,8.228818690495881,27.13124091416054,1.0,2.3333333333333335,2.3333333333333335,0.4117647058823529,0.4117647058823529,0.17647058823529413,700.0,229.13936293319264,21609000000000000,188.36002028656327
700,700,400,envelope,5.2162940979003904,196000000,490000,280000,280000,1067.707825203131,2100000,9.451211111832329,9.451211111832329,8.643856189774725,27.54627841343938,1.0,1.75,1.75,0.3888888888888889,0.3888888888888889,0.2222222222222222,700.0,229.13936293319264,38416000000000000,192.11340800424682
700,700,400,gaussian-filter,1.5675392150878906,196000000,490000,280000,280000,1067.707825203131,2100000,9.451211111832329,9.451211111832329,8.643856189774725,27.54627841343938,1.0,1.75,1.75,0.3888888888888889,0.3888888888888889,0.2222222222222222,700.0,229.13936293319264,38416000000000000,192.11340800424682
700,700,500,envelope,6.489900207519531,245000000,490000,350000,350000,1109.0536506409417,2380000,9.451211111832329,9.451211111832329,8.965784284662087,27.868206508326743,1.0,1.4,1.4,0.3684210526315789,0.3684210526315789,0.2631578947368421,700.0,229.13936293319264,60025000000000000,195.41642402878156
700,700,500,gaussian-filter,1.9324325561523437,245000000,490000,350000,350000,1109.0536506409417,2380000,9.451211111832329,9.451211111832329,8.965784284662087,27.868206508326743,1.0,1.4,1.4,0.3684210526315789,0.3684210526315789,0.2631578947368421,700.0,229.13936293319264,60025000000000000,195.41642402878156
700,700,500,gst3d,55.27844161987305,245000000,490000,350000,350000,1109.0536506409417,2380000,9.451211111832329,9.451211111832329,8.965784284662087,27.868206508326743,1.0,1.4,1.4,0.3684210526315789,0.3684210526315789,0.2631578947368421,700.0,229.13936293319264,60025000000000000,195.41642402878156
700,700,600,envelope,7.7647247314453125,294000000,490000,420000,420000,1157.5836902790224,2660000,9.451211111832329,9.451211111832329,9.228818690495881,28.13124091416054,1.0,1.1666666666666667,1.1666666666666667,0.35,0.35,0.3,700.0,229.13936293319264,86436000000000000,198.46459883853973
700,700,600,gaussian-filter,2.29761962890625,294000000,490000,420000,420000,1157.5836902790224,2660000,9.451211111832329,9.451211111832329,9.228818690495881,28.13124091416054,1.0,1.1666666666666667,1.1666666666666667,0.35,0.35,0.3,700.0,229.13936293319264,86436000000000000,198.46459883853973
700,700,600,gst3d,66.35281677246094,294000000,490000,420000,420000,1157.5836902790224,2660000,9.451211111832329,9.451211111832329,9.228818690495881,28.13124091416054,1.0,1.1666666666666667,1.1666666666666667,0.35,0.35,0.3,700.0,229.13936293319264,86436000000000000,198.46459883853973
700,700,700,envelope,9.047745513916016,343000000,490000,490000,490000,1212.4355652982142,2940000,9.451211111832329,9.451211111832329,9.451211111832329,28.353633335496987,1.0,1.0,1.0,0.3333333333333333,0.3333333333333333,0.3333333333333333,700.0,229.13936293319264,117649000000000000,201.34513082042224
700,700,700,gaussian-filter,2.6627433776855467,343000000,490000,490000,490000,1212.4355652982142,2940000,9.451211111832329,9.451211111832329,9.451211111832329,28.353633335496987,1.0,1.0,1.0,0.3333333333333333,0.3333333333333333,0.3333333333333333,700.0,229.13936293319264,117649000000000000,201.34513082042224
700,700,800,envelope,10.322585296630859,392000000,490000,560000,560000,1272.7922061357856,3220000,9.451211111832329,9.451211111832329,9.643856189774725,28.54627841343938,1.0,0.875,0.875,0.3181818181818182,0.3181818181818182,0.36363636363636365,700.0,229.13936293319264,153664000000000000,204.09886025938067
700,700,800,gaussian-filter,3.0278556823730467,392000000,490000,560000,560000,1272.7922061357856,3220000,9.451211111832329,9.451211111832329,9.643856189774725,28.54627841343938,1.0,0.875,0.875,0.3181818181818182,0.3181818181818182,0.36363636363636365,700.0,229.13936293319264,153664000000000000,204.09886025938067
700,700,800,gst3d,88.50490188598633,392000000,490000,560000,560000,1272.7922061357856,3220000,9.451211111832329,9.451211111832329,9.643856189774725,28.54627841343938,1.0,0.875,0.875,0.3181818181818182,0.3181818181818182,0.36363636363636365,700.0,229.13936293319264,153664000000000000,204.09886025938067
700,800,100,envelope,1.5663780212402343,56000000,560000,70000,80000,1067.707825203131,1420000,9.451211111832329,9.643856189774725,6.643856189774724,25.73892349138178,0.875,7.0,8.0,0.4375,0.5,0.0625,750.0,229.13936293319264,3136000000000000,179.5085432621431
700,800,100,gaussian-filter,0.5245452880859375,56000000,560000,70000,80000,1067.707825203131,1420000,9.451211111832329,9.643856189774725,6.643856189774724,25.73892349138178,0.875,7.0,8.0,0.4375,0.5,0.0625,750.0,229.13936293319264,3136000000000000,179.5085432621431
700,800,100,gst3d,12.532777404785156,56000000,560000,70000,80000,1067.707825203131,1420000,9.451211111832329,9.643856189774725,6.643856189774724,25.73892349138178,0.875,7.0,8.0,0.4375,0.5,0.0625,750.0,229.13936293319264,3136000000000000,179.5085432621431
700,800,200,envelope,3.026660919189453,112000000,560000,140000,160000,1081.6653826391969,1720000,9.451211111832329,9.643856189774725,7.643856189774724,26.73892349138178,0.875,3.5,4.0,0.4117647058823529,0.47058823529411764,0.11764705882352941,750.0,229.13936293319264,12544000000000000,186.8297042391929
700,800,200,gaussian-filter,0.9416297912597656,112000000,560000,140000,160000,1081.6653826391969,1720000,9.451211111832329,9.643856189774725,7.643856189774724,26.73892349138178,0.875,3.5,4.0,0.4117647058823529,0.47058823529411764,0.11764705882352941,750.0,229.13936293319264,12544000000000000,186.8297042391929
700,800,200,gst3d,25.194474029541016,112000000,560000,140000,160000,1081.6653826391969,1720000,9.451211111832329,9.643856189774725,7.643856189774724,26.73892349138178,0.875,3.5,4.0,0.4117647058823529,0.47058823529411764,0.11764705882352941,750.0,229.13936293319264,12544000000000000,186.8297042391929
700,800,300,envelope,4.484506225585937,168000000,560000,210000,240000,1104.536101718726,2020000,9.451211111832329,9.643856189774725,8.228818690495881,27.323885992102934,0.875,2.3333333333333335,2.6666666666666665,0.3888888888888889,0.4444444444444444,0.16666666666666666,750.0,229.13936293319264,28224000000000000,191.48813349361868
700,800,300,gaussian-filter,1.3589248657226562,168000000,560000,210000,240000,1104.536101718726,2020000,9.451211111832329,9.643856189774725,8.228818690495881,27.323885992102934,0.875,2.3333333333333335,2.6666666666666665,0.3888888888888889,0.4444444444444444,0.16666666666666666,750.0,229.13936293319264,28224000000000000,191.48813349361868
700,800,300,gst3d,37.855889892578126,168000000,560000,210000,240000,1104.536101718726,2020000,9.451211111832329,9.643856189774725,8.228818690495881,27.323885992102934,0.875,2.3333333333333335,2.6666666666666665,0.3888888888888889,0.4444444444444444,0.16666666666666666,750.0,229.13936293319264,28224000000000000,191.48813349361868
700,800,400,envelope,5.946929931640625,224000000,560000,280000,320000,1135.7816691600547,2320000,9.451211111832329,9.643856189774725,8.643856189774725,27.73892349138178,0.875,1.75,2.0,0.3684210526315789,0.42105263157894735,0.21052631578947367,750.0,229.13936293319264,50176000000000000,195.16985770255872
700,800,400,gaussian-filter,1.7761489868164062,224000000,560000,280000,320000,1135.7816691600547,2320000,9.451211111832329,9.643856189774725,8.643856189774725,27.73892349138178,0.875,1.75,2.0,0.3684210526315789,0.42105263157894735,0.21052631578947367,750.0,229.13936293319264,50176000000000000,195.16985770255872
700,800,400,gst3d,50.51937026977539,224000000,560000,280000,320000,1135.7816691600547,2320000,9.451211111832329,9.643856189774725,8.643856189774725,27.73892349138178,0.875,1.75,2.0,0.3684210526315789,0.42105263157894735,0.21052631578947367,750.0,229.13936293319264,50176000000000000,195.16985770255872
700,800,500,envelope,7.403067016601563,280000000,560000,350000,400000,1174.7340124470732,2620000,9.451211111832329,9.643856189774725,8.965784284662087,28.06085158626914,0.875,1.4,1.6,0.35,0.4,0.25,750.0,229.13936293319264,78400000000000000,198.38034113403268
700,800,500,gaussian-filter,2.193395233154297,280000000,560000,350000,400000,1174.7340124470732,2620000,9.451211111832329,9.643856189774725,8.965784284662087,28.06085158626914,0.875,1.4,1.6,0.35,0.4,0.25,750.0,229.13936293319264,78400000000000000,198.38034113403268
700,800,500,gst3d,63.180606079101565,280000000,560000,350000,400000,1174.7340124470732,2620000,9.451211111832329,9.643856189774725,8.965784284662087,28.06085158626914,0.875,1.4,1.6,0.35,0.4,0.25,750.0,229.13936293319264,78400000000000000,198.38034113403268
700,800,600,envelope,8.862429809570312,336000000,560000,420000,480000,1220.6555615733703,2920000,9.451211111832329,9.643856189774725,9.228818690495881,28.323885992102934,0.875,1.1666666666666667,1.3333333333333333,0.3333333333333333,0.38095238095238093,0.2857142857142857,750.0,229.13936293319264,112896000000000000,201.32511199430604
700,800,600,gaussian-filter,2.610503387451172,336000000,560000,420000,480000,1220.6555615733703,2920000,9.451211111832329,9.643856189774725,9.228818690495881,28.323885992102934,0.875,1.1666666666666667,1.3333333333333333,0.3333333333333333,0.38095238095238093,0.2857142857142857,750.0,229.13936293319264,112896000000000000,201.32511199430604
700,800,600,gst3d,75.84208145141602,336000000,560000,420000,480000,1220.6555615733703,2920000,9.451211111832329,9.643856189774725,9.228818690495881,28.323885992102934,0.875,1.1666666666666667,1.3333333333333333,0.3333333333333333,0.38095238095238093,0.2857142857142857,750.0,229.13936293319264,112896000000000000,201.32511199430604
700,800,700,envelope,10.323532104492188,392000000,560000,490000,560000,1272.7922061357856,3220000,9.451211111832329,9.643856189774725,9.451211111832329,28.54627841343938,0.875,1.0,1.1428571428571428,0.3181818181818182,0.36363636363636365,0.3181818181818182,750.0,229.13936293319264,153664000000000000,204.09886025938067
700,800,700,gaussian-filter,3.027863311767578,392000000,560000,490000,560000,1272.7922061357856,3220000,9.451211111832329,9.643856189774725,9.451211111832329,28.54627841343938,0.875,1.0,1.1428571428571428,0.3181818181818182,0.36363636363636365,0.3181818181818182,750.0,229.13936293319264,153664000000000000,204.09886025938067
700,800,700,gst3d,88.5047592163086,392000000,560000,490000,560000,1272.7922061357856,3220000,9.451211111832329,9.643856189774725,9.451211111832329,28.54627841343938,0.875,1.0,1.1428571428571428,0.3181818181818182,0.36363636363636365,0.3181818181818182,750.0,229.13936293319264,153664000000000000,204.09886025938067
700,800,800,envelope,11.782147216796876,448000000,560000,560000,640000,1330.413469565007,3520000,9.451211111832329,9.643856189774725,9.643856189774725,28.73892349138178,0.875,0.875,1.0,0.30434782608695654,0.34782608695652173,0.34782608695652173,750.0,229.13936293319264,200704000000000000,206.7477125955091
700,800,800,gaussian-filter,3.4448822021484373,448000000,560000,560000,640000,1330.413469565007,3520000,9.451211111832329,9.643856189774725,9.643856189774725,28.73892349138178,0.875,0.875,1.0,0.30434782608695654,0.34782608695652173,0.34782608695652173,750.0,229.13936293319264,200704000000000000,206.7477125955091
700,800,800,gst3d,101.16633987426758,448000000,560000,560000,640000,1330.413469565007,3520000,9.451211111832329,9.643856189774725,9.643856189774725,28.73892349138178,0.875,0.875,1.0,0.30434782608695654,0.34782608695652173,0.34782608695652173,750.0,229.13936293319264,200704000000000000,206.7477125955091
800,100,100,envelope,0.3121498107910156,8000000,80000,80000,10000,812.403840463596,340000,9.643856189774725,6.643856189774724,6.643856189774724,22.931568569324174,8.0,8.0,1.0,0.8,0.1,0.1,450.0,229.13936293319264,64000000000000,153.6696628441792
800,100,100,gaussian-filter,0.166668701171875,8000000,80000,80000,10000,812.403840463596,340000,9.643856189774725,6.643856189774724,6.643856189774724,22.931568569324174,8.0,8.0,1.0,0.8,0.1,0.1,450.0,229.13936293319264,64000000000000,153.6696628441792
800,100,100,gst3d,1.8850669860839844,8000000,80000,80000,10000,812.403840463596,340000,9.643856189774725,6.643856189774724,6.643856189774724,22.931568569324174,8.0,8.0,1.0,0.8,0.1,0.1,450.0,229.13936293319264,64000000000000,153.6696628441792
800,100,200,envelope,0.5205718994140625,16000000,80000,160000,20000,830.6623862918075,520000,9.643856189774725,6.643856189774724,7.643856189774724,23.931568569324174,8.0,4.0,0.5,0.7272727272727273,0.09090909090909091,0.18181818181818182,450.0,229.13936293319264,256000000000000,160.90214404684482
800,100,200,gaussian-filter,0.22636947631835938,16000000,80000,160000,20000,830.6623862918075,520000,9.643856189774725,6.643856189774724,7.643856189774724,23.931568569324174,8.0,4.0,0.5,0.7272727272727273,0.09090909090909091,0.18181818181818182,450.0,229.13936293319264,256000000000000,160.90214404684482
800,100,200,gst3d,3.6337013244628906,16000000,80000,160000,20000,830.6623862918075,520000,9.643856189774725,6.643856189774724,7.643856189774724,23.931568569324174,8.0,4.0,0.5,0.7272727272727273,0.09090909090909091,0.18181818181818182,450.0,229.13936293319264,256000000000000,160.90214404684482
800,100,300,envelope,0.7270370483398437,24000000,80000,240000,30000,860.2325267042627,700000,9.643856189774725,6.643856189774724,8.228818690495881,24.516531070045332,8.0,2.6666666666666665,0.3333333333333333,0.6666666666666666,0.08333333333333333,0.25,450.0,229.13936293319264,576000000000000,165.691654076216
800,100,300,gaussian-filter,0.2860504150390625,24000000,80000,240000,30000,860.2325267042627,700000,9.643856189774725,6.643856189774724,8.228818690495881,24.516531070045332,8.0,2.6666666666666665,0.3333333333333333,0.6666666666666666,0.08333333333333333,0.25,450.0,229.13936293319264,576000000000000,165.691654076216
800,100,300,gst3d,5.413618469238282,24000000,80000,240000,30000,860.2325267042627,700000,9.643856189774725,6.643856189774724,8.228818690495881,24.516531070045332,8.0,2.6666666666666665,0.3333333333333333,0.6666666666666666,0.08333333333333333,0.25,450.0,229.13936293319264,576000000000000,165.691654076216
800,100,400,envelope,0.938128662109375,32000000,80000,320000,40000,900.0,880000,9.643856189774725,6.643856189774724,8.643856189774725,24.931568569324174,8.0,2.0,0.25,0.6153846153846154,0.07692307692307693,0.3076923076923077,450.0,229.13936293319264,1024000000000000,169.6220578418198
800,100,400,gaussian-filter,0.3455390930175781,32000000,80000,320000,40000,900.0,880000,9.643856189774725,6.643856189774724,8.643856189774725,24.931568569324174,8.0,2.0,0.25,0.6153846153846154,0.07692307692307693,0.3076923076923077,450.0,229.13936293319264,1024000000000000,169.6220578418198
800,100,400,gst3d,7.1934349060058596,32000000,80000,320000,40000,900.0,880000,9.643856189774725,6.643856189774724,8.643856189774725,24.931568569324174,8.0,2.0,0.25,0.6153846153846154,0.07692307692307693,0.3076923076923077,450.0,229.13936293319264,1024000000000000,169.6220578418198
800,100,500,envelope,1.1456596374511718,40000000,80000,400000,50000,948.6832980505138,1060000,9.643856189774725,6.643856189774724,8.965784284662087,25.253496664211536,8.0,1.6,0.2,0.5714285714285714,0.07142857142857142,0.35714285714285715,450.0,229.13936293319264,1600000000000000,173.14121968252448
800,100,500,gaussian-filter,0.4052116394042969,40000000,80000,400000,50000,948.6832980505138,1060000,9.643856189774725,6.643856189774724,8.965784284662087,25.253496664211536,8.0,1.6,0.2,0.5714285714285714,0.07142857142857142,0.35714285714285715,450.0,229.13936293319264,1600000000000000,173.14121968252448
800,100,500,gst3d,8.973261260986328,40000000,80000,400000,50000,948.6832980505138,1060000,9.643856189774725,6.643856189774724,8.965784284662087,25.253496664211536,8.0,1.6,0.2,0.5714285714285714,0.07142857142857142,0.35714285714285715,450.0,229.13936293319264,1600000000000000,173.14121968252448
800,100,600,envelope,1.357213592529297,48000000,80000,480000,60000,1004.987562112089,1240000,9.643856189774725,6.643856189774724,9.228818690495881,25.516531070045332,8.0,1.3333333333333333,0.16666666666666666,0.5333333333333333,0.06666666666666667,0.4,450.0,229.13936293319264,2304000000000000,176.41427843741042
800,100,600,gaussian-filter,0.46488113403320314,48000000,80000,480000,60000,1004.987562112089,1240000,9.643856189774725,6.643856189774724,9.228818690495881,25.516531070045332,8.0,1.3333333333333333,0.16666666666666666,0.5333333333333333,0.06666666666666667,0.4,450.0,229.13936293319264,2304000000000000,176.41427843741042
800,100,600,gst3d,10.753083801269531,48000000,80000,480000,60000,1004.987562112089,1240000,9.643856189774725,6.643856189774724,9.228818690495881,25.516531070045332,8.0,1.3333333333333333,0.16666666666666666,0.5333333333333333,0.06666666666666667,0.4,450.0,229.13936293319264,2304000000000000,176.41427843741042
800,100,700,envelope,1.5631126403808593,56000000,80000,560000,70000,1067.707825203131,1420000,9.643856189774725,6.643856189774724,9.451211111832329,25.73892349138178,8.0,1.1428571428571428,0.14285714285714285,0.5,0.0625,0.4375,450.0,229.13936293319264,3136000000000000,179.5085432621431
800,100,700,gaussian-filter,0.5246101379394531,56000000,80000,560000,70000,1067.707825203131,1420000,9.643856189774725,6.643856189774724,9.451211111832329,25.73892349138178,8.0,1.1428571428571428,0.14285714285714285,0.5,0.0625,0.4375,450.0,229.13936293319264,3136000000000000,179.5085432621431
800,100,700,gst3d,12.532933807373047,56000000,80000,560000,70000,1067.707825203131,1420000,9.643856189774725,6.643856189774724,9.451211111832329,25.73892349138178,8.0,1.1428571428571428,0.14285714285714285,0.5,0.0625,0.4375,450.0,229.13936293319264,3136000000000000,179.5085432621431
800,100,800,envelope,1.7740432739257812,64000000,80000,640000,80000,1135.7816691600547,1600000,9.643856189774725,6.643856189774724,9.643856189774725,25.931568569324174,8.0,1.0,0.125,0.47058823529411764,0.058823529411764705,0.47058823529411764,450.0,229.13936293319264,4096000000000000,182.45338717818544
800,100,800,gaussian-filter,0.5840286254882813,64000000,80000,640000,80000,1135.7816691600547,1600000,9.643856189774725,6.643856189774724,9.643856189774725,25.931568569324174,8.0,1.0,0.125,0.47058823529411764,0.058823529411764705,0.47058823529411764,450.0,229.13936293319264,4096000000000000,182.45338717818544
800,100,800,gst3d,14.31244125366211,64000000,80000,640000,80000,1135.7816691600547,1600000,9.643856189774725,6.643856189774724,9.643856189774725,25.931568569324174,8.0,1.0,0.125,0.47058823529411764,0.058823529411764705,0.47058823529411764,450.0,229.13936293319264,4096000000000000,182.45338717818544
800,200,100,envelope,0.5156990051269531,16000000,160000,80000,20000,830.6623862918075,520000,9.643856189774725,7.643856189774724,6.643856189774724,23.931568569324174,4.0,8.0,2.0,0.7272727272727273,0.18181818181818182,0.09090909090909091,500.0,229.13936293319264,256000000000000,160.90214404684482
800,200,100,gaussian-filter,0.22636871337890624,16000000,160000,80000,20000,830.6623862918075,520000,9.643856189774725,7.643856189774724,6.643856189774724,23.931568569324174,4.0,8.0,2.0,0.7272727272727273,0.18181818181818182,0.09090909090909091,500.0,229.13936293319264,256000000000000,160.90214404684482
800,200,100,gst3d,3.633644866943359,16000000,160000,80000,20000,830.6623862918075,520000,9.643856189774725,7.643856189774724,6.643856189774724,23.931568569324174,4.0,8.0,2.0,0.7272727272727273,0.18181818181818182,0.09090909090909091,500.0,229.13936293319264,256000000000000,160.90214404684482
800,200,200,envelope,0.934912109375,32000000,160000,160000,40000,848.5281374238571,720000,9.643856189774725,7.643856189774724,7.643856189774724,24.931568569324174,4.0,4.0,1.0,0.6666666666666666,0.16666666666666666,0.16666666666666666,500.0,229.13936293319264,1024000000000000,168.15547839788312
800,200,200,gaussian-filter,0.34548110961914064,32000000,160000,160000,40000,848.5281374238571,720000,9.643856189774725,7.643856189774724,7.643856189774724,24.931568569324174,4.0,4.0,1.0,0.6666666666666666,0.16666666666666666,0.16666666666666666,500.0,229.13936293319264,1024000000000000,168.15547839788312
800,200,200,gst3d,7.227894592285156,32000000,160000,160000,40000,848.5281374238571,720000,9.643856189774725,7.643856189774724,7.643856189774724,24.931568569324174,4.0,4.0,1.0,0.6666666666666666,0.16666666666666666,0.16666666666666666,500.0,229.13936293319264,1024000000000000,168.15547839788312
800,200,300,envelope,1.3563674926757812,48000000,160000,240000,60000,877.4964387392122,920000,9.643856189774725,7.643856189774724,8.228818690495881,25.516531070045332,4.0,2.6666666666666665,0.6666666666666666,0.6153846153846154,0.15384615384615385,0.23076923076923078,500.0,229.13936293319264,2304000000000000,172.9564533673934
800,200,300,gaussian-filter,0.46489410400390624,48000000,160000,240000,60000,877.4964387392122,920000,9.643856189774725,7.643856189774724,8.228818690495881,25.516531070045332,4.0,2.6666666666666665,0.6666666666666666,0.6153846153846154,0.15384615384615385,0.23076923076923078,500.0,229.13936293319264,2304000000000000,172.9564533673934
800,200,300,gst3d,10.820893859863281,48000000,160000,240000,60000,877.4964387392122,920000,9.643856189774725,7.643856189774724,8.228818690495881,25.516531070045332,4.0,2.6666666666666665,0.6666666666666666,0.6153846153846154,0.15384615384615385,0.23076923076923078,500.0,229.13936293319264,2304000000000000,172.9564533673934
800,200,400,envelope,1.7739845275878907,64000000,160000,320000,80000,916.515138991168,1120000,9.643856189774725,7.643856189774724,8.643856189774725,25.931568569324174,4.0,2.0,0.5,0.5714285714285714,0.14285714285714285,0.2857142857142857,500.0,229.13936293319264,4096000000000000,176.8965795066965
800,200,400,gaussian-filter,0.5840347290039063,64000000,160000,320000,80000,916.515138991168,1120000,9.643856189774725,7.643856189774724,8.643856189774725,25.931568569324174,4.0,2.0,0.5,0.5714285714285714,0.14285714285714285,0.2857142857142857,500.0,229.13936293319264,4096000000000000,176.8965795066965
800,200,400,gst3d,14.414565277099609,64000000,160000,320000,80000,916.515138991168,1120000,9.643856189774725,7.643856189774724,8.643856189774725,25.931568569324174,4.0,2.0,0.5,0.5714285714285714,0.14285714285714285,0.2857142857142857,500.0,229.13936293319264,4096000000000000,176.8965795066965
800,200,500,envelope,2.190604400634766,80000000,160000,400000,100000,964.3650760992955,1320000,9.643856189774725,7.643856189774724,8.965784284662087,26.253496664211536,4.0,1.6,0.4,0.5333333333333333,0.13333333333333333,0.3333333333333333,500.0,229.13936293319264,6400000000000000,180.42732245564312
800,200,500,gaussian-filter,0.7031417846679687,80000000,160000,400000,100000,964.3650760992955,1320000,9.643856189774725,7.643856189774724,8.965784284662087,26.253496664211536,4.0,1.6,0.4,0.5333333333333333,0.13333333333333333,0.3333333333333333,500.0,229.13936293319264,6400000000000000,180.42732245564312
800,200,500,gst3d,18.00712356567383,80000000,160000,400000,100000,964.3650760992955,1320000,9.643856189774725,7.643856189774724,8.965784284662087,26.253496664211536,4.0,1.6,0.4,0.5333333333333333,0.13333333333333333,0.3333333333333333,500.0,229.13936293319264,6400000000000000,180.42732245564312
800,200,600,envelope,2.607061004638672,96000000,160000,480000,120000,1019.803902718557,1520000,9.643856189774725,7.643856189774724,9.228818690495881,26.516531070045332,4.0,1.3333333333333333,0.3333333333333333,0.5,0.125,0.375,500.0,229.13936293319264,9216000000000000,183.71569496680777
800,200,600,gaussian-filter,0.8225547790527343,96000000,160000,480000,120000,1019.803902718557,1520000,9.643856189774725,7.643856189774724,9.228818690495881,26.516531070045332,4.0,1.3333333333333333,0.3333333333333333,0.5,0.125,0.375,500.0,229.13936293319264,9216000000000000,183.71569496680777
800,200,600,gst3d,21.60095672607422,96000000,160000,480000,120000,1019.803902718557,1520000,9.643856189774725,7.643856189774724,9.228818690495881,26.516531070045332,4.0,1.3333333333333333,0.3333333333333333,0.5,0.125,0.375,500.0,229.13936293319264,9216000000000000,183.71569496680777
800,200,700,envelope,3.0242950439453127,112000000,160000,560000,140000,1081.6653826391969,1720000,9.643856189774725,7.643856189774724,9.451211111832329,26.73892349138178,4.0,1.1428571428571428,0.2857142857142857,0.47058823529411764,0.11764705882352941,0.4117647058823529,500.0,229.13936293319264,12544000000000000,186.8297042391929
800,200,700,gaussian-filter,0.9415557861328125,112000000,160000,560000,140000,1081.6653826391969,1720000,9.643856189774725,7.643856189774724,9.451211111832329,26.73892349138178,4.0,1.1428571428571428,0.2857142857142857,0.47058823529411764,0.11764705882352941,0.4117647058823529,500.0,229.13936293319264,12544000000000000,186.8297042391929
800,200,700,gst3d,25.19461441040039,112000000,160000,560000,140000,1081.6653826391969,1720000,9.643856189774725,7.643856189774724,9.451211111832329,26.73892349138178,4.0,1.1428571428571428,0.2857142857142857,0.47058823529411764,0.11764705882352941,0.4117647058823529,500.0,229.13936293319264,12544000000000000,186.8297042391929
800,200,800,envelope,3.4428810119628905,128000000,160000,640000,160000,1148.9125293076058,1920000,9.643856189774725,7.643856189774724,9.643856189774725,26.931568569324174,4.0,1.0,0.25,0.4444444444444444,0.1111111111111111,0.4444444444444444,500.0,229.13936293319264,16384000000000000,189.79864475782966
800,200,800,gaussian-filter,1.0608650207519532,128000000,160000,640000,160000,1148.9125293076058,1920000,9.643856189774725,7.643856189774724,9.643856189774725,26.931568569324174,4.0,1.0,0.25,0.4444444444444444,0.1111111111111111,0.4444444444444444,500.0,229.13936293319264,16384000000000000,189.79864475782966
800,200,800,gst3d,28.787820434570314,128000000,160000,640000,160000,1148.9125293076058,1920000,9.643856189774725,7.643856189774724,9.643856189774725,26.931568569324174,4.0,1.0,0.25,0.4444444444444444,0.1111111111111111,0.4444444444444444,500.0,229.13936293319264,16384000000000000,189.79864475782966
800,300,100,envelope,0.7285514831542969,24000000,240000,80000,30000,860.2325267042627,700000,9.643856189774725,8.228818690495881,6.643856189774724,24.516531070045332,2.6666666666666665,8.0,3.0,0.6666666666666666,0.25,0.08333333333333333,550.0,229.13936293319264,576000000000000,165.691654076216
800,300,100,gaussian-filter,0.28606719970703126,24000000,240000,80000,30000,860.2325267042627,700000,9.643856189774725,8.228818690495881,6.643856189774724,24.516531070045332,2.6666666666666665,8.0,3.0,0.6666666666666666,0.25,0.08333333333333333,550.0,229.13936293319264,576000000000000,165.691654076216
800,300,100,gst3d,5.413754272460937,24000000,240000,80000,30000,860.2325267042627,700000,9.643856189774725,8.228818690495881,6.643856189774724,24.516531070045332,2.6666666666666665,8.0,3.0,0.6666666666666666,0.25,0.08333333333333333,550.0,229.13936293319264,576000000000000,165.691654076216
800,300,200,envelope,1.356389617919922,48000000,240000,160000,60000,877.4964387392122,920000,9.643856189774725,8.228818690495881,7.643856189774724,25.516531070045332,2.6666666666666665,4.0,1.5,0.6153846153846154,0.23076923076923078,0.15384615384615385,550.0,229.13936293319264,2304000000000000,172.9564533673934
800,300,200,gaussian-filter,0.4648651123046875,48000000,240000,160000,60000,877.4964387392122,920000,9.643856189774725,8.228818690495881,7.643856189774724,25.516531070045332,2.6666666666666665,4.0,1.5,0.6153846153846154,0.23076923076923078,0.15384615384615385,550.0,229.13936293319264,2304000000000000,172.9564533673934
800,300,200,gst3d,10.820258331298827,48000000,240000,160000,60000,877.4964387392122,920000,9.643856189774725,8.228818690495881,7.643856189774724,25.516531070045332,2.6666666666666665,4.0,1.5,0.6153846153846154,0.23076923076923078,0.15384615384615385,550.0,229.13936293319264,2304000000000000,172.9564533673934
800,300,300,envelope,1.9824676513671875,72000000,240000,240000,90000,905.5385138137417,1140000,9.643856189774725,8.228818690495881,8.228818690495881,26.101493570766486,2.6666666666666665,2.6666666666666665,1.0,0.5714285714285714,0.21428571428571427,0.21428571428571427,550.0,229.13936293319264,5184000000000000,177.74160542601524
800,300,300,gaussian-filter,0.6437454223632812,72000000,240000,240000,90000,905.5385138137417,1140000,9.643856189774725,8.228818690495881,8.228818690495881,26.101493570766486,2.6666666666666665,2.6666666666666665,1.0,0.5714285714285714,0.21428571428571427,0.21428571428571427,550.0,229.13936293319264,5184000000000000,177.74160542601524
800,300,300,gst3d,16.227174377441408,72000000,240000,240000,90000,905.5385138137417,1140000,9.643856189774725,8.228818690495881,8.228818690495881,26.101493570766486,2.6666666666666665,2.6666666666666665,1.0,0.5714285714285714,0.21428571428571427,0.21428571428571427,550.0,229.13936293319264,5184000000000000,177.74160542601524
800,300,400,envelope,2.607550048828125,96000000,240000,320000,120000,943.3981132056604,1360000,9.643856189774725,8.228818690495881,8.643856189774725,26.516531070045332,2.6666666666666665,2.0,0.75,0.5333333333333333,0.2,0.26666666666666666,550.0,229.13936293319264,9216000000000000,181.65276377997913
800,300,400,gaussian-filter,0.8225570678710937,96000000,240000,320000,120000,943.3981132056604,1360000,9.643856189774725,8.228818690495881,8.643856189774725,26.516531070045332,2.6666666666666665,2.0,0.75,0.5333333333333333,0.2,0.26666666666666666,550.0,229.13936293319264,9216000000000000,181.65276377997913
800,300,400,gst3d,21.63497848510742,96000000,240000,320000,120000,943.3981132056604,1360000,9.643856189774725,8.228818690495881,8.643856189774725,26.516531070045332,2.6666666666666665,2.0,0.75,0.5333333333333333,0.2,0.26666666666666666,550.0,229.13936293319264,9216000000000000,181.65276377997913
800,300,500,envelope,3.2333885192871095,120000000,240000,400000,150000,989.9494936611666,1580000,9.643856189774725,8.228818690495881,8.965784284662087,26.838459164932694,2.6666666666666665,1.6,0.6,0.5,0.1875,0.3125,550.0,229.13936293319264,14400000000000000,185.1495004625695
800,300,500,gaussian-filter,1.0012611389160155,120000000,240000,400000,150000,989.9494936611666,1580000,9.643856189774725,8.228818690495881,8.965784284662087,26.838459164932694,2.6666666666666665,1.6,0.6,0.5,0.1875,0.3125,550.0,229.13936293319264,14400000000000000,185.1495004625695
800,300,500,gst3d,27.041815948486327,120000000,240000,400000,150000,989.9494936611666,1580000,9.643856189774725,8.228818690495881,8.965784284662087,26.838459164932694,2.6666666666666665,1.6,0.6,0.5,0.1875,0.3125,550.0,229.13936293319264,14400000000000000,185.1495004625695
800,300,600,envelope,3.859467315673828,144000000,240000,480000,180000,1044.030650891055,1800000,9.643856189774725,8.228818690495881,9.228818690495881,27.101493570766486,2.6666666666666665,1.3333333333333333,0.5,0.47058823529411764,0.17647058823529413,0.35294117647058826,550.0,229.13936293319264,20736000000000000,188.40420352103857
800,300,600,gaussian-filter,1.1801025390625,144000000,240000,480000,180000,1044.030650891055,1800000,9.643856189774725,8.228818690495881,9.228818690495881,27.101493570766486,2.6666666666666665,1.3333333333333333,0.5,0.47058823529411764,0.17647058823529413,0.35294117647058826,550.0,229.13936293319264,20736000000000000,188.40420352103857
800,300,600,gst3d,32.449345397949216,144000000,240000,480000,180000,1044.030650891055,1800000,9.643856189774725,8.228818690495881,9.228818690495881,27.101493570766486,2.6666666666666665,1.3333333333333333,0.5,0.47058823529411764,0.17647058823529413,0.35294117647058826,550.0,229.13936293319264,20736000000000000,188.40420352103857
800,300,700,envelope,4.485224914550781,168000000,240000,560000,210000,1104.536101718726,2020000,9.643856189774725,8.228818690495881,9.451211111832329,27.323885992102934,2.6666666666666665,1.1428571428571428,0.42857142857142855,0.4444444444444444,0.16666666666666666,0.3888888888888889,550.0,229.13936293319264,28224000000000000,191.48813349361868
800,300,700,gaussian-filter,1.3590431213378906,168000000,240000,560000,210000,1104.536101718726,2020000,9.643856189774725,8.228818690495881,9.451211111832329,27.323885992102934,2.6666666666666665,1.1428571428571428,0.42857142857142855,0.4444444444444444,0.16666666666666666,0.3888888888888889,550.0,229.13936293319264,28224000000000000,191.48813349361868
800,300,700,gst3d,37.85623321533203,168000000,240000,560000,210000,1104.536101718726,2020000,9.643856189774725,8.228818690495881,9.451211111832329,27.323885992102934,2.6666666666666665,1.1428571428571428,0.42857142857142855,0.4444444444444444,0.16666666666666666,0.3888888888888889,550.0,229.13936293319264,28224000000000000,191.48813349361868
800,300,800,envelope,5.109368133544922,192000000,240000,640000,240000,1170.4699910719626,2240000,9.643856189774725,8.228818690495881,9.643856189774725,27.516531070045332,2.6666666666666665,1.0,0.375,0.42105263157894735,0.15789473684210525,0.42105263157894735,550.0,229.13936293319264,36864000000000000,194.43221143259794
800,300,800,gaussian-filter,1.5377494812011718,192000000,240000,640000,240000,1170.4699910719626,2240000,9.643856189774725,8.228818690495881,9.643856189774725,27.516531070045332,2.6666666666666665,1.0,0.375,0.42105263157894735,0.15789473684210525,0.42105263157894735,550.0,229.13936293319264,36864000000000000,194.43221143259794
800,300,800,gst3d,43.26390609741211,192000000,240000,640000,240000,1170.4699910719626,2240000,9.643856189774725,8.228818690495881,9.643856189774725,27.516531070045332,2.6666666666666665,1.0,0.375,0.42105263157894735,0.15789473684210525,0.42105263157894735,550.0,229.13936293319264,36864000000000000,194.43221143259794
800,400,100,envelope,0.9336936950683594,32000000,320000,80000,40000,900.0,880000,9.643856189774725,8.643856189774725,6.643856189774724,24.931568569324174,2.0,8.0,4.0,0.6153846153846154,0.3076923076923077,0.07692307692307693,600.0,229.13936293319264,1024000000000000,169.6220578418198
800,400,100,gaussian-filter,0.3454704284667969,32000000,320000,80000,40000,900.0,880000,9.643856189774725,8.643856189774725,6.643856189774724,24.931568569324174,2.0,8.0,4.0,0.6153846153846154,0.3076923076923077,0.07692307692307693,600.0,229.13936293319264,1024000000000000,169.6220578418198
800,400,100,gst3d,7.192854309082032,32000000,320000,80000,40000,900.0,880000,9.643856189774725,8.643856189774725,6.643856189774724,24.931568569324174,2.0,8.0,4.0,0.6153846153846154,0.3076923076923077,0.07692307692307693,600.0,229.13936293319264,1024000000000000,169.6220578418198
800,400,200,envelope,1.7712295532226563,64000000,320000,160000,80000,916.515138991168,1120000,9.643856189774725,8.643856189774725,7.643856189774724,25.931568569324174,2.0,4.0,2.0,0.5714285714285714,0.2857142857142857,0.14285714285714285,600.0,229.13936293319264,4096000000000000,176.8965795066965
800,400,200,gaussian-filter,0.5840545654296875,64000000,320000,160000,80000,916.515138991168,1120000,9.643856189774725,8.643856189774725,7.643856189774724,25.931568569324174,2.0,4.0,2.0,0.5714285714285714,0.2857142857142857,0.14285714285714285,600.0,229.13936293319264,4096000000000000,176.8965795066965
800,400,200,gst3d,14.414463806152344,64000000,320000,160000,80000,916.515138991168,1120000,9.643856189774725,8.643856189774725,7.643856189774724,25.931568569324174,2.0,4.0,2.0,0.5714285714285714,0.2857142857142857,0.14285714285714285,600.0,229.13936293319264,4096000000000000,176.8965795066965
800,400,300,envelope,2.605462646484375,96000000,320000,240000,120000,943.3981132056604,1360000,9.643856189774725,8.643856189774725,8.228818690495881,26.516531070045332,2.0,2.6666666666666665,1.3333333333333333,0.5333333333333333,0.26666666666666666,0.2,600.0,229.13936293319264,9216000000000000,181.65276377997913
800,400,300,gaussian-filter,0.8225914001464844,96000000,320000,240000,120000,943.3981132056604,1360000,9.643856189774725,8.643856189774725,8.228818690495881,26.516531070045332,2.0,2.6666666666666665,1.3333333333333333,0.5333333333333333,0.26666666666666666,0.2,600.0,229.13936293319264,9216000000000000,181.65276377997913
800,400,300,gst3d,21.63554458618164,96000000,320000,240000,120000,943.3981132056604,1360000,9.643856189774725,8.643856189774725,8.228818690495881,26.516531070045332,2.0,2.6666666666666665,1.3333333333333333,0.5333333333333333,0.26666666666666666,0.2,600.0,229.13936293319264,9216000000000000,181.65276377997913
800,400,400,envelope,3.439319610595703,128000000,320000,320000,160000,979.7958971132713,1600000,9.643856189774725,8.643856189774725,8.643856189774725,26.931568569324174,2.0,2.0,1.0,0.5,0.25,0.25,600.0,229.13936293319264,16384000000000000,185.51445768348705
800,400,400,gaussian-filter,1.0607276916503907,128000000,320000,320000,160000,979.7958971132713,1600000,9.643856189774725,8.643856189774725,8.643856189774725,26.931568569324174,2.0,2.0,1.0,0.5,0.25,0.25,600.0,229.13936293319264,16384000000000000,185.51445768348705
800,400,400,gst3d,28.855208587646484,128000000,320000,320000,160000,979.7958971132713,1600000,9.643856189774725,8.643856189774725,8.643856189774725,26.931568569324174,2.0,2.0,1.0,0.5,0.25,0.25,600.0,229.13936293319264,16384000000000000,185.51445768348705
800,400,500,envelope,4.274658203125,160000000,320000,400000,200000,1024.6950765959598,1840000,9.643856189774725,8.643856189774725,8.965784284662087,27.253496664211536,2.0,1.6,0.8,0.47058823529411764,0.23529411764705882,0.29411764705882354,600.0,229.13936293319264,25600000000000000,188.95192046111265
800,400,500,gaussian-filter,1.2993141174316407,160000000,320000,400000,200000,1024.6950765959598,1840000,9.643856189774725,8.643856189774725,8.965784284662087,27.253496664211536,2.0,1.6,0.8,0.47058823529411764,0.23529411764705882,0.29411764705882354,600.0,229.13936293319264,25600000000000000,188.95192046111265
800,400,500,gst3d,36.077134704589845,160000000,320000,400000,200000,1024.6950765959598,1840000,9.643856189774725,8.643856189774725,8.965784284662087,27.253496664211536,2.0,1.6,0.8,0.47058823529411764,0.23529411764705882,0.29411764705882354,600.0,229.13936293319264,25600000000000000,188.95192046111265
800,400,600,envelope,5.110372161865234,192000000,320000,480000,240000,1077.0329614269008,2080000,9.643856189774725,8.643856189774725,9.228818690495881,27.516531070045332,2.0,1.3333333333333333,0.6666666666666666,0.4444444444444444,0.2222222222222222,0.3333333333333333,600.0,229.13936293319264,36864000000000000,192.1450012039835
800,400,600,gaussian-filter,1.5377578735351562,192000000,320000,480000,240000,1077.0329614269008,2080000,9.643856189774725,8.643856189774725,9.228818690495881,27.516531070045332,2.0,1.3333333333333333,0.6666666666666666,0.4444444444444444,0.2222222222222222,0.3333333333333333,600.0,229.13936293319264,36864000000000000,192.1450012039835
800,400,600,gst3d,43.29764938354492,192000000,320000,480000,240000,1077.0329614269008,2080000,9.643856189774725,8.643856189774725,9.228818690495881,27.516531070045332,2.0,1.3333333333333333,0.6666666666666666,0.4444444444444444,0.2222222222222222,0.3333333333333333,600.0,229.13936293319264,36864000000000000,192.1450012039835
800,400,700,envelope,5.942725372314453,224000000,320000,560000,280000,1135.7816691600547,2320000,9.643856189774725,8.643856189774725,9.451211111832329,27.73892349138178,2.0,1.1428571428571428,0.5714285714285714,0.42105263157894735,0.21052631578947367,0.3684210526315789,600.0,229.13936293319264,50176000000000000,195.16985770255872
800,400,700,gaussian-filter,1.77607421875,224000000,320000,560000,280000,1135.7816691600547,2320000,9.643856189774725,8.643856189774725,9.451211111832329,27.73892349138178,2.0,1.1428571428571428,0.5714285714285714,0.42105263157894735,0.21052631578947367,0.3684210526315789,600.0,229.13936293319264,50176000000000000,195.16985770255872
800,400,700,gst3d,50.519412231445315,224000000,320000,560000,280000,1135.7816691600547,2320000,9.643856189774725,8.643856189774725,9.451211111832329,27.73892349138178,2.0,1.1428571428571428,0.5714285714285714,0.42105263157894735,0.21052631578947367,0.3684210526315789,600.0,229.13936293319264,50176000000000000,195.16985770255872
800,400,800,envelope,6.775165557861328,256000000,320000,640000,320000,1200.0,2560000,9.643856189774725,8.643856189774725,9.643856189774725,27.931568569324174,2.0,1.0,0.5,0.4,0.2,0.4,600.0,229.13936293319264,65536000000000000,198.06023391432134
800,400,800,gaussian-filter,2.0144699096679686,256000000,320000,640000,320000,1200.0,2560000,9.643856189774725,8.643856189774725,9.643856189774725,27.931568569324174,2.0,1.0,0.5,0.4,0.2,0.4,600.0,229.13936293319264,65536000000000000,198.06023391432134
800,400,800,gst3d,57.739175415039064,256000000,320000,640000,320000,1200.0,2560000,9.643856189774725,8.643856189774725,9.643856189774725,27.931568569324174,2.0,1.0,0.5,0.4,0.2,0.4,600.0,229.13936293319264,65536000000000000,198.06023391432134
800,500,100,envelope,1.1461822509765625,40000000,400000,80000,50000,948.6832980505138,1060000,9.643856189774725,8.965784284662087,6.643856189774724,25.253496664211536,1.6,8.0,5.0,0.5714285714285714,0.35714285714285715,0.07142857142857142,650.0,229.13936293319264,1600000000000000,173.14121968252448
800,500,100,gaussian-filter,0.4051841735839844,40000000,400000,80000,50000,948.6832980505138,1060000,9.643856189774725,8.965784284662087,6.643856189774724,25.253496664211536,1.6,8.0,5.0,0.5714285714285714,0.35714285714285715,0.07142857142857142,650.0,229.13936293319264,1600000000000000,173.14121968252448
800,500,100,gst3d,8.973133850097657,40000000,400000,80000,50000,948.6832980505138,1060000,9.643856189774725,8.965784284662087,6.643856189774724,25.253496664211536,1.6,8.0,5.0,0.5714285714285714,0.35714285714285715,0.07142857142857142,650.0,229.13936293319264,1600000000000000,173.14121968252448
800,500,200,envelope,2.1869125366210938,80000000,400000,160000,100000,964.3650760992955,1320000,9.643856189774725,8.965784284662087,7.643856189774724,26.253496664211536,1.6,4.0,2.5,0.5333333333333333,0.3333333333333333,0.13333333333333333,650.0,229.13936293319264,6400000000000000,180.42732245564312
800,500,200,gaussian-filter,0.703033447265625,80000000,400000,160000,100000,964.3650760992955,1320000,9.643856189774725,8.965784284662087,7.643856189774724,26.253496664211536,1.6,4.0,2.5,0.5333333333333333,0.3333333333333333,0.13333333333333333,650.0,229.13936293319264,6400000000000000,180.42732245564312
800,500,200,gst3d,18.007657623291017,80000000,400000,160000,100000,964.3650760992955,1320000,9.643856189774725,8.965784284662087,7.643856189774724,26.253496664211536,1.6,4.0,2.5,0.5333333333333333,0.3333333333333333,0.13333333333333333,650.0,229.13936293319264,6400000000000000,180.42732245564312
800,500,300,envelope,3.2337371826171877,120000000,400000,240000,150000,989.9494936611666,1580000,9.643856189774725,8.965784284662087,8.228818690495881,26.838459164932694,1.6,2.6666666666666665,1.6666666666666667,0.5,0.3125,0.1875,650.0,229.13936293319264,14400000000000000,185.1495004625695
800,500,300,gaussian-filter,1.0012680053710938,120000000,400000,240000,150000,989.9494936611666,1580000,9.643856189774725,8.965784284662087,8.228818690495881,26.838459164932694,1.6,2.6666666666666665,1.6666666666666667,0.5,0.3125,0.1875,650.0,229.13936293319264,14400000000000000,185.1495004625695
800,500,300,gst3d,27.041624450683592,120000000,400000,240000,150000,989.9494936611666,1580000,9.643856189774725,8.965784284662087,8.228818690495881,26.838459164932694,1.6,2.6666666666666665,1.6666666666666667,0.5,0.3125,0.1875,650.0,229.13936293319264,14400000000000000,185.1495004625695
800,500,400,envelope,4.274250793457031,160000000,400000,320000,200000,1024.6950765959598,1840000,9.643856189774725,8.965784284662087,8.643856189774725,27.253496664211536,1.6,2.0,1.25,0.47058823529411764,0.29411764705882354,0.23529411764705882,650.0,229.13936293319264,25600000000000000,188.95192046111265
800,500,400,gaussian-filter,1.2993492126464843,160000000,400000,320000,200000,1024.6950765959598,1840000,9.643856189774725,8.965784284662087,8.643856189774725,27.253496664211536,1.6,2.0,1.25,0.47058823529411764,0.29411764705882354,0.23529411764705882,650.0,229.13936293319264,25600000000000000,188.95192046111265
800,500,400,gst3d,36.077084350585935,160000000,400000,320000,200000,1024.6950765959598,1840000,9.643856189774725,8.965784284662087,8.643856189774725,27.253496664211536,1.6,2.0,1.25,0.47058823529411764,0.29411764705882354,0.23529411764705882,650.0,229.13936293319264,25600000000000000,188.95192046111265
800,500,500,envelope,5.319968414306641,200000000,400000,400000,250000,1067.707825203131,2100000,9.643856189774725,8.965784284662087,8.965784284662087,27.575424759098897,1.6,1.6,1.0,0.4444444444444444,0.2777777777777778,0.2777777777777778,650.0,229.13936293319264,40000000000000000,192.31668061013133
800,500,500,gaussian-filter,1.5974601745605468,200000000,400000,400000,250000,1067.707825203131,2100000,9.643856189774725,8.965784284662087,8.965784284662087,27.575424759098897,1.6,1.6,1.0,0.4444444444444444,0.2777777777777778,0.2777777777777778,650.0,229.13936293319264,40000000000000000,192.31668061013133
800,500,500,gst3d,45.111315155029295,200000000,400000,400000,250000,1067.707825203131,2100000,9.643856189774725,8.965784284662087,8.965784284662087,27.575424759098897,1.6,1.6,1.0,0.4444444444444444,0.2777777777777778,0.2777777777777778,650.0,229.13936293319264,40000000000000000,192.31668061013133
800,500,600,envelope,6.355735778808594,240000000,400000,480000,300000,1118.033988749895,2360000,9.643856189774725,8.965784284662087,9.228818690495881,27.838459164932694,1.6,1.3333333333333333,0.8333333333333334,0.42105263157894735,0.2631578947368421,0.3157894736842105,650.0,229.13936293319264,57600000000000000,195.43213792196622
800,500,600,gaussian-filter,1.8953018188476562,240000000,400000,480000,300000,1118.033988749895,2360000,9.643856189774725,8.965784284662087,9.228818690495881,27.838459164932694,1.6,1.3333333333333333,0.8333333333333334,0.42105263157894735,0.2631578947368421,0.3157894736842105,650.0,229.13936293319264,57600000000000000,195.43213792196622
800,500,600,gst3d,54.14560546875,240000000,400000,480000,300000,1118.033988749895,2360000,9.643856189774725,8.965784284662087,9.228818690495881,27.838459164932694,1.6,1.3333333333333333,0.8333333333333334,0.42105263157894735,0.2631578947368421,0.3157894736842105,650.0,229.13936293319264,57600000000000000,195.43213792196622
800,500,700,envelope,7.40626220703125,280000000,400000,560000,350000,1174.7340124470732,2620000,9.643856189774725,8.965784284662087,9.451211111832329,28.06085158626914,1.6,1.1428571428571428,0.7142857142857143,0.4,0.25,0.35,650.0,229.13936293319264,78400000000000000,198.38034113403268
800,500,700,gaussian-filter,2.193276214599609,280000000,400000,560000,350000,1174.7340124470732,2620000,9.643856189774725,8.965784284662087,9.451211111832329,28.06085158626914,1.6,1.1428571428571428,0.7142857142857143,0.4,0.25,0.35,650.0,229.13936293319264,78400000000000000,198.38034113403268
800,500,700,gst3d,63.18069000244141,280000000,400000,560000,350000,1174.7340124470732,2620000,9.643856189774725,8.965784284662087,9.451211111832329,28.06085158626914,1.6,1.1428571428571428,0.7142857142857143,0.4,0.25,0.35,650.0,229.13936293319264,78400000000000000,198.38034113403268
800,500,800,envelope,8.447843933105469,320000000,400000,640000,400000,1236.9316876852981,2880000,9.643856189774725,8.965784284662087,9.643856189774725,28.253496664211536,1.6,1.0,0.625,0.38095238095238093,0.23809523809523808,0.38095238095238093,650.0,229.13936293319264,102400000000000000,201.19872337378072
800,500,800,gaussian-filter,2.491497039794922,320000000,400000,640000,400000,1236.9316876852981,2880000,9.643856189774725,8.965784284662087,9.643856189774725,28.253496664211536,1.6,1.0,0.625,0.38095238095238093,0.23809523809523808,0.38095238095238093,650.0,229.13936293319264,102400000000000000,201.19872337378072
800,500,800,gst3d,72.21487731933594,320000000,400000,640000,400000,1236.9316876852981,2880000,9.643856189774725,8.965784284662087,9.643856189774725,28.253496664211536,1.6,1.0,0.625,0.38095238095238093,0.23809523809523808,0.38095238095238093,650.0,229.13936293319264,102400000000000000,201.19872337378072
800,600,100,envelope,1.3524620056152343,48000000,480000,80000,60000,1004.987562112089,1240000,9.643856189774725,9.228818690495881,6.643856189774724,25.516531070045332,1.3333333333333333,8.0,6.0,0.5333333333333333,0.4,0.06666666666666667,700.0,229.13936293319264,2304000000000000,176.41427843741042
800,600,100,gaussian-filter,0.4648895263671875,48000000,480000,80000,60000,1004.987562112089,1240000,9.643856189774725,9.228818690495881,6.643856189774724,25.516531070045332,1.3333333333333333,8.0,6.0,0.5333333333333333,0.4,0.06666666666666667,700.0,229.13936293319264,2304000000000000,176.41427843741042
800,600,100,gst3d,10.752582550048828,48000000,480000,80000,60000,1004.987562112089,1240000,9.643856189774725,9.228818690495881,6.643856189774724,25.516531070045332,1.3333333333333333,8.0,6.0,0.5333333333333333,0.4,0.06666666666666667,700.0,229.13936293319264,2304000000000000,176.41427843741042
800,600,200,envelope,2.6046875,96000000,480000,160000,120000,1019.803902718557,1520000,9.643856189774725,9.228818690495881,7.643856189774724,26.516531070045332,1.3333333333333333,4.0,3.0,0.5,0.375,0.125,700.0,229.13936293319264,9216000000000000,183.71569496680777
800,600,200,gaussian-filter,0.8225563049316407,96000000,480000,160000,120000,1019.803902718557,1520000,9.643856189774725,9.228818690495881,7.643856189774724,26.516531070045332,1.3333333333333333,4.0,3.0,0.5,0.375,0.125,700.0,229.13936293319264,9216000000000000,183.71569496680777
800,600,200,gst3d,21.600738525390625,96000000,480000,160000,120000,1019.803902718557,1520000,9.643856189774725,9.228818690495881,7.643856189774724,26.516531070045332,1.3333333333333333,4.0,3.0,0.5,0.375,0.125,700.0,229.13936293319264,9216000000000000,183.71569496680777
800,600,300,envelope,3.8610130310058595,144000000,480000,240000,180000,1044.030650891055,1800000,9.643856189774725,9.228818690495881,8.228818690495881,27.101493570766486,1.3333333333333333,2.6666666666666665,2.0,0.47058823529411764,0.35294117647058826,0.17647058823529413,700.0,229.13936293319264,20736000000000000,188.40420352103857
800,600,300,gaussian-filter,1.1801025390625,144000000,480000,240000,180000,1044.030650891055,1800000,9.643856189774725,9.228818690495881,8.228818690495881,27.101493570766486,1.3333333333333333,2.6666666666666665,2.0,0.47058823529411764,0.35294117647058826,0.17647058823529413,700.0,229.13936293319264,20736000000000000,188.40420352103857
800,600,300,gst3d,32.449555206298825,144000000,480000,240000,180000,1044.030650891055,1800000,9.643856189774725,9.228818690495881,8.228818690495881,27.101493570766486,1.3333333333333333,2.6666666666666665,2.0,0.47058823529411764,0.35294117647058826,0.17647058823529413,700.0,229.13936293319264,20736000000000000,188.40420352103857
800,600,400,envelope,5.109691619873047,192000000,480000,320000,240000,1077.0329614269008,2080000,9.643856189774725,9.228818690495881,8.643856189774725,27.516531070045332,1.3333333333333333,2.0,1.5,0.4444444444444444,0.3333333333333333,0.2222222222222222,700.0,229.13936293319264,36864000000000000,192.1450012039835
800,600,400,gaussian-filter,1.537762451171875,192000000,480000,320000,240000,1077.0329614269008,2080000,9.643856189774725,9.228818690495881,8.643856189774725,27.516531070045332,1.3333333333333333,2.0,1.5,0.4444444444444444,0.3333333333333333,0.2222222222222222,700.0,229.13936293319264,36864000000000000,192.1450012039835
800,600,400,gst3d,43.29745101928711,192000000,480000,320000,240000,1077.0329614269008,2080000,9.643856189774725,9.228818690495881,8.643856189774725,27.516531070045332,1.3333333333333333,2.0,1.5,0.4444444444444444,0.3333333333333333,0.2222222222222222,700.0,229.13936293319264,36864000000000000,192.1450012039835
800,600,500,envelope,6.360399627685547,240000000,480000,400000,300000,1118.033988749895,2360000,9.643856189774725,9.228818690495881,8.965784284662087,27.838459164932694,1.3333333333333333,1.6,1.2,0.42105263157894735,0.3157894736842105,0.2631578947368421,700.0,229.13936293319264,57600000000000000,195.43213792196622
800,600,500,gaussian-filter,1.8953262329101563,240000000,480000,400000,300000,1118.033988749895,2360000,9.643856189774725,9.228818690495881,8.965784284662087,27.838459164932694,1.3333333333333333,1.6,1.2,0.42105263157894735,0.3157894736842105,0.2631578947368421,700.0,229.13936293319264,57600000000000000,195.43213792196622
800,600,500,gst3d,54.14555282592774,240000000,480000,400000,300000,1118.033988749895,2360000,9.643856189774725,9.228818690495881,8.965784284662087,27.838459164932694,1.3333333333333333,1.6,1.2,0.42105263157894735,0.3157894736842105,0.2631578947368421,700.0,229.13936293319264,57600000000000000,195.43213792196622
800,600,600,envelope,7.612684631347657,288000000,480000,480000,360000,1166.19037896906,2640000,9.643856189774725,9.228818690495881,9.228818690495881,28.101493570766486,1.3333333333333333,1.3333333333333333,1.0,0.4,0.3,0.3,700.0,229.13936293319264,82944000000000000,198.4627167236927
800,600,600,gaussian-filter,2.2531509399414062,288000000,480000,480000,360000,1166.19037896906,2640000,9.643856189774725,9.228818690495881,9.228818690495881,28.101493570766486,1.3333333333333333,1.3333333333333333,1.0,0.4,0.3,0.3,700.0,229.13936293319264,82944000000000000,198.4627167236927
800,600,600,gst3d,64.99418334960937,288000000,480000,480000,360000,1166.19037896906,2640000,9.643856189774725,9.228818690495881,9.228818690495881,28.101493570766486,1.3333333333333333,1.3333333333333333,1.0,0.4,0.3,0.3,700.0,229.13936293319264,82944000000000000,198.4627167236927
800,600,700,envelope,8.86376724243164,336000000,480000,560000,420000,1220.6555615733703,2920000,9.643856189774725,9.228818690495881,9.451211111832329,28.323885992102934,1.3333333333333333,1.1428571428571428,0.8571428571428571,0.38095238095238093,0.2857142857142857,0.3333333333333333,700.0,229.13936293319264,112896000000000000,201.32511199430604
800,600,700,gaussian-filter,2.610509490966797,336000000,480000,560000,420000,1220.6555615733703,2920000,9.643856189774725,9.228818690495881,9.451211111832329,28.323885992102934,1.3333333333333333,1.1428571428571428,0.8571428571428571,0.38095238095238093,0.2857142857142857,0.3333333333333333,700.0,229.13936293319264,112896000000000000,201.32511199430604
800,600,700,gst3d,75.84236450195313,336000000,480000,560000,420000,1220.6555615733703,2920000,9.643856189774725,9.228818690495881,9.451211111832329,28.323885992102934,1.3333333333333333,1.1428571428571428,0.8571428571428571,0.38095238095238093,0.2857142857142857,0.3333333333333333,700.0,229.13936293319264,112896000000000000,201.32511199430604
800,600,800,envelope,10.114892578125,384000000,480000,640000,480000,1280.6248474865697,3200000,9.643856189774725,9.228818690495881,9.643856189774725,28.516531070045332,1.3333333333333333,1.0,0.75,0.36363636363636365,0.2727272727272727,0.36363636363636365,700.0,229.13936293319264,147456000000000000,204.06098739276584
800,600,800,gaussian-filter,2.9681602478027345,384000000,480000,640000,480000,1280.6248474865697,3200000,9.643856189774725,9.228818690495881,9.643856189774725,28.516531070045332,1.3333333333333333,1.0,0.75,0.36363636363636365,0.2727272727272727,0.36363636363636365,700.0,229.13936293319264,147456000000000000,204.06098739276584
800,600,800,gst3d,86.69159927368165,384000000,480000,640000,480000,1280.6248474865697,3200000,9.643856189774725,9.228818690495881,9.643856189774725,28.516531070045332,1.3333333333333333,1.0,0.75,0.36363636363636365,0.2727272727272727,0.36363636363636365,700.0,229.13936293319264,147456000000000000,204.06098739276584
800,700,100,envelope,1.5621444702148437,56000000,560000,80000,70000,1067.707825203131,1420000,9.643856189774725,9.451211111832329,6.643856189774724,25.73892349138178,1.1428571428571428,8.0,7.0,0.5,0.4375,0.0625,750.0,229.13936293319264,3136000000000000,179.5085432621431
800,700,100,gaussian-filter,0.5245834350585937,56000000,560000,80000,70000,1067.707825203131,1420000,9.643856189774725,9.451211111832329,6.643856189774724,25.73892349138178,1.1428571428571428,8.0,7.0,0.5,0.4375,0.0625,750.0,229.13936293319264,3136000000000000,179.5085432621431
800,700,100,gst3d,12.532833862304688,56000000,560000,80000,70000,1067.707825203131,1420000,9.643856189774725,9.451211111832329,6.643856189774724,25.73892349138178,1.1428571428571428,8.0,7.0,0.5,0.4375,0.0625,750.0,229.13936293319264,3136000000000000,179.5085432621431
800,700,200,envelope,3.0235389709472655,112000000,560000,160000,140000,1081.6653826391969,1720000,9.643856189774725,9.451211111832329,7.643856189774724,26.73892349138178,1.1428571428571428,4.0,3.5,0.47058823529411764,0.4117647058823529,0.11764705882352941,750.0,229.13936293319264,12544000000000000,186.8297042391929
800,700,200,gaussian-filter,0.9416030883789063,112000000,560000,160000,140000,1081.6653826391969,1720000,9.643856189774725,9.451211111832329,7.643856189774724,26.73892349138178,1.1428571428571428,4.0,3.5,0.47058823529411764,0.4117647058823529,0.11764705882352941,750.0,229.13936293319264,12544000000000000,186.8297042391929
800,700,200,gst3d,25.194513702392577,112000000,560000,160000,140000,1081.6653826391969,1720000,9.643856189774725,9.451211111832329,7.643856189774724,26.73892349138178,1.1428571428571428,4.0,3.5,0.47058823529411764,0.4117647058823529,0.11764705882352941,750.0,229.13936293319264,12544000000000000,186.8297042391929
800,700,300,envelope,4.4875328063964846,168000000,560000,240000,210000,1104.536101718726,2020000,9.643856189774725,9.451211111832329,8.228818690495881,27.323885992102934,1.1428571428571428,2.6666666666666665,2.3333333333333335,0.4444444444444444,0.3888888888888889,0.16666666666666666,750.0,229.13936293319264,28224000000000000,191.48813349361868
800,700,300,gaussian-filter,1.3589347839355468,168000000,560000,240000,210000,1104.536101718726,2020000,9.643856189774725,9.451211111832329,8.228818690495881,27.323885992102934,1.1428571428571428,2.6666666666666665,2.3333333333333335,0.4444444444444444,0.3888888888888889,0.16666666666666666,750.0,229.13936293319264,28224000000000000,191.48813349361868
800,700,300,gst3d,37.85664443969726,168000000,560000,240000,210000,1104.536101718726,2020000,9.643856189774725,9.451211111832329,8.228818690495881,27.323885992102934,1.1428571428571428,2.6666666666666665,2.3333333333333335,0.4444444444444444,0.3888888888888889,0.16666666666666666,750.0,229.13936293319264,28224000000000000,191.48813349361868
800,700,400,envelope,5.944485473632812,224000000,560000,320000,280000,1135.7816691600547,2320000,9.643856189774725,9.451211111832329,8.643856189774725,27.73892349138178,1.1428571428571428,2.0,1.75,0.42105263157894735,0.3684210526315789,0.21052631578947367,750.0,229.13936293319264,50176000000000000,195.16985770255872
800,700,400,gaussian-filter,1.7760795593261718,224000000,560000,320000,280000,1135.7816691600547,2320000,9.643856189774725,9.451211111832329,8.643856189774725,27.73892349138178,1.1428571428571428,2.0,1.75,0.42105263157894735,0.3684210526315789,0.21052631578947367,750.0,229.13936293319264,50176000000000000,195.16985770255872
800,700,400,gst3d,50.519361114501955,224000000,560000,320000,280000,1135.7816691600547,2320000,9.643856189774725,9.451211111832329,8.643856189774725,27.73892349138178,1.1428571428571428,2.0,1.75,0.42105263157894735,0.3684210526315789,0.21052631578947367,750.0,229.13936293319264,50176000000000000,195.16985770255872
800,700,500,envelope,7.404244232177734,280000000,560000,400000,350000,1174.7340124470732,2620000,9.643856189774725,9.451211111832329,8.965784284662087,28.06085158626914,1.1428571428571428,1.6,1.4,0.4,0.35,0.25,750.0,229.13936293319264,78400000000000000,198.38034113403268
800,700,500,gaussian-filter,2.1933006286621093,280000000,560000,400000,350000,1174.7340124470732,2620000,9.643856189774725,9.451211111832329,8.965784284662087,28.06085158626914,1.1428571428571428,1.6,1.4,0.4,0.35,0.25,750.0,229.13936293319264,78400000000000000,198.38034113403268
800,700,500,gst3d,63.180345153808595,280000000,560000,400000,350000,1174.7340124470732,2620000,9.643856189774725,9.451211111832329,8.965784284662087,28.06085158626914,1.1428571428571428,1.6,1.4,0.4,0.35,0.25,750.0,229.13936293319264,78400000000000000,198.38034113403268
800,700,600,envelope,8.861106872558594,336000000,560000,480000,420000,1220.6555615733703,2920000,9.643856189774725,9.451211111832329,9.228818690495881,28.323885992102934,1.1428571428571428,1.3333333333333333,1.1666666666666667,0.38095238095238093,0.3333333333333333,0.2857142857142857,750.0,229.13936293319264,112896000000000000,201.32511199430604
800,700,600,gaussian-filter,2.610601043701172,336000000,560000,480000,420000,1220.6555615733703,2920000,9.643856189774725,9.451211111832329,9.228818690495881,28.323885992102934,1.1428571428571428,1.3333333333333333,1.1666666666666667,0.38095238095238093,0.3333333333333333,0.2857142857142857,750.0,229.13936293319264,112896000000000000,201.32511199430604
800,700,600,gst3d,75.84262466430664,336000000,560000,480000,420000,1220.6555615733703,2920000,9.643856189774725,9.451211111832329,9.228818690495881,28.323885992102934,1.1428571428571428,1.3333333333333333,1.1666666666666667,0.38095238095238093,0.3333333333333333,0.2857142857142857,750.0,229.13936293319264,112896000000000000,201.32511199430604
800,700,700,envelope,10.324401092529296,392000000,560000,560000,490000,1272.7922061357856,3220000,9.643856189774725,9.451211111832329,9.451211111832329,28.54627841343938,1.1428571428571428,1.1428571428571428,1.0,0.36363636363636365,0.3181818181818182,0.3181818181818182,750.0,229.13936293319264,153664000000000000,204.09886025938067
800,700,700,gaussian-filter,3.0278907775878907,392000000,560000,560000,490000,1272.7922061357856,3220000,9.643856189774725,9.451211111832329,9.451211111832329,28.54627841343938,1.1428571428571428,1.1428571428571428,1.0,0.36363636363636365,0.3181818181818182,0.3181818181818182,750.0,229.13936293319264,153664000000000000,204.09886025938067
800,700,700,gst3d,88.50500564575195,392000000,560000,560000,490000,1272.7922061357856,3220000,9.643856189774725,9.451211111832329,9.451211111832329,28.54627841343938,1.1428571428571428,1.1428571428571428,1.0,0.36363636363636365,0.3181818181818182,0.3181818181818182,750.0,229.13936293319264,153664000000000000,204.09886025938067
800,700,800,envelope,11.78598403930664,448000000,560000,640000,560000,1330.413469565007,3520000,9.643856189774725,9.451211111832329,9.643856189774725,28.73892349138178,1.1428571428571428,1.0,0.875,0.34782608695652173,0.30434782608695654,0.34782608695652173,750.0,229.13936293319264,200704000000000000,206.7477125955091
800,700,800,gaussian-filter,3.444866180419922,448000000,560000,640000,560000,1330.413469565007,3520000,9.643856189774725,9.451211111832329,9.643856189774725,28.73892349138178,1.1428571428571428,1.0,0.875,0.34782608695652173,0.30434782608695654,0.34782608695652173,750.0,229.13936293319264,200704000000000000,206.7477125955091
800,700,800,gst3d,101.16630630493164,448000000,560000,640000,560000,1330.413469565007,3520000,9.643856189774725,9.451211111832329,9.643856189774725,28.73892349138178,1.1428571428571428,1.0,0.875,0.34782608695652173,0.30434782608695654,0.34782608695652173,750.0,229.13936293319264,200704000000000000,206.7477125955091
800,800,100,envelope,1.7719825744628905,64000000,640000,80000,80000,1135.7816691600547,1600000,9.643856189774725,9.643856189774725,6.643856189774724,25.931568569324174,1.0,8.0,8.0,0.47058823529411764,0.47058823529411764,0.058823529411764705,800.0,229.13936293319264,4096000000000000,182.45338717818544
800,800,100,gaussian-filter,0.5840202331542969,64000000,640000,80000,80000,1135.7816691600547,1600000,9.643856189774725,9.643856189774725,6.643856189774724,25.931568569324174,1.0,8.0,8.0,0.47058823529411764,0.47058823529411764,0.058823529411764705,800.0,229.13936293319264,4096000000000000,182.45338717818544
800,800,100,gst3d,14.312241363525391,64000000,640000,80000,80000,1135.7816691600547,1600000,9.643856189774725,9.643856189774725,6.643856189774724,25.931568569324174,1.0,8.0,8.0,0.47058823529411764,0.47058823529411764,0.058823529411764705,800.0,229.13936293319264,4096000000000000,182.45338717818544
800,800,200,envelope,3.440221405029297,128000000,640000,160000,160000,1148.9125293076058,1920000,9.643856189774725,9.643856189774725,7.643856189774724,26.931568569324174,1.0,4.0,4.0,0.4444444444444444,0.4444444444444444,0.1111111111111111,800.0,229.13936293319264,16384000000000000,189.79864475782966
800,800,200,gaussian-filter,1.060704803466797,128000000,640000,160000,160000,1148.9125293076058,1920000,9.643856189774725,9.643856189774725,7.643856189774724,26.931568569324174,1.0,4.0,4.0,0.4444444444444444,0.4444444444444444,0.1111111111111111,800.0,229.13936293319264,16384000000000000,189.79864475782966
800,800,200,gst3d,28.78724822998047,128000000,640000,160000,160000,1148.9125293076058,1920000,9.643856189774725,9.643856189774725,7.643856189774724,26.931568569324174,1.0,4.0,4.0,0.4444444444444444,0.4444444444444444,0.1111111111111111,800.0,229.13936293319264,16384000000000000,189.79864475782966
800,800,300,envelope,5.1096435546875,192000000,640000,240000,240000,1170.4699910719626,2240000,9.643856189774725,9.643856189774725,8.228818690495881,27.516531070045332,1.0,2.6666666666666665,2.6666666666666665,0.42105263157894735,0.42105263157894735,0.15789473684210525,800.0,229.13936293319264,36864000000000000,194.43221143259794
800,800,300,gaussian-filter,1.5377471923828125,192000000,640000,240000,240000,1170.4699910719626,2240000,9.643856189774725,9.643856189774725,8.228818690495881,27.516531070045332,1.0,2.6666666666666665,2.6666666666666665,0.42105263157894735,0.42105263157894735,0.15789473684210525,800.0,229.13936293319264,36864000000000000,194.43221143259794
800,800,300,gst3d,43.26383819580078,192000000,640000,240000,240000,1170.4699910719626,2240000,9.643856189774725,9.643856189774725,8.228818690495881,27.516531070045332,1.0,2.6666666666666665,2.6666666666666665,0.42105263157894735,0.42105263157894735,0.15789473684210525,800.0,229.13936293319264,36864000000000000,194.43221143259794
800,800,400,envelope,6.779196929931641,256000000,640000,320000,320000,1200.0,2560000,9.643856189774725,9.643856189774725,8.643856189774725,27.931568569324174,1.0,2.0,2.0,0.4,0.4,0.2,800.0,229.13936293319264,65536000000000000,198.06023391432134
800,800,400,gaussian-filter,2.0145164489746095,256000000,640000,320000,320000,1200.0,2560000,9.643856189774725,9.643856189774725,8.643856189774725,27.931568569324174,1.0,2.0,2.0,0.4,0.4,0.2,800.0,229.13936293319264,65536000000000000,198.06023391432134
800,800,400,gst3d,57.73890380859375,256000000,640000,320000,320000,1200.0,2560000,9.643856189774725,9.643856189774725,8.643856189774725,27.931568569324174,1.0,2.0,2.0,0.4,0.4,0.2,800.0,229.13936293319264,65536000000000000,198.06023391432134
800,800,500,envelope,8.445815277099609,320000000,640000,400000,400000,1236.9316876852981,2880000,9.643856189774725,9.643856189774725,8.965784284662087,28.253496664211536,1.0,1.6,1.6,0.38095238095238093,0.38095238095238093,0.23809523809523808,800.0,229.13936293319264,102400000000000000,201.19872337378072
800,800,500,gaussian-filter,2.4915016174316404,320000000,640000,400000,400000,1236.9316876852981,2880000,9.643856189774725,9.643856189774725,8.965784284662087,28.253496664211536,1.0,1.6,1.6,0.38095238095238093,0.38095238095238093,0.23809523809523808,800.0,229.13936293319264,102400000000000000,201.19872337378072
800,800,500,gst3d,72.21527633666992,320000000,640000,400000,400000,1236.9316876852981,2880000,9.643856189774725,9.643856189774725,8.965784284662087,28.253496664211536,1.0,1.6,1.6,0.38095238095238093,0.38095238095238093,0.23809523809523808,800.0,229.13936293319264,102400000000000000,201.19872337378072
800,800,600,envelope,10.11401824951172,384000000,640000,480000,480000,1280.6248474865697,3200000,9.643856189774725,9.643856189774725,9.228818690495881,28.516531070045332,1.0,1.3333333333333333,1.3333333333333333,0.36363636363636365,0.36363636363636365,0.2727272727272727,800.0,229.13936293319264,147456000000000000,204.06098739276584
800,800,600,gaussian-filter,2.9682266235351564,384000000,640000,480000,480000,1280.6248474865697,3200000,9.643856189774725,9.643856189774725,9.228818690495881,28.516531070045332,1.0,1.3333333333333333,1.3333333333333333,0.36363636363636365,0.36363636363636365,0.2727272727272727,800.0,229.13936293319264,147456000000000000,204.06098739276584
800,800,600,gst3d,86.69168624877929,384000000,640000,480000,480000,1280.6248474865697,3200000,9.643856189774725,9.643856189774725,9.228818690495881,28.516531070045332,1.0,1.3333333333333333,1.3333333333333333,0.36363636363636365,0.36363636363636365,0.2727272727272727,800.0,229.13936293319264,147456000000000000,204.06098739276584
800,800,700,envelope,11.784249877929687,448000000,640000,560000,560000,1330.413469565007,3520000,9.643856189774725,9.643856189774725,9.451211111832329,28.73892349138178,1.0,1.1428571428571428,1.1428571428571428,0.34782608695652173,0.34782608695652173,0.30434782608695654,800.0,229.13936293319264,200704000000000000,206.7477125955091
800,800,700,gaussian-filter,3.4448226928710937,448000000,640000,560000,560000,1330.413469565007,3520000,9.643856189774725,9.643856189774725,9.451211111832329,28.73892349138178,1.0,1.1428571428571428,1.1428571428571428,0.34782608695652173,0.34782608695652173,0.30434782608695654,800.0,229.13936293319264,200704000000000000,206.7477125955091
800,800,700,gst3d,101.16634368896484,448000000,640000,560000,560000,1330.413469565007,3520000,9.643856189774725,9.643856189774725,9.451211111832329,28.73892349138178,1.0,1.1428571428571428,1.1428571428571428,0.34782608695652173,0.34782608695652173,0.30434782608695654,800.0,229.13936293319264,200704000000000000,206.7477125955091
800,800,800,envelope,13.451461791992188,512000000,640000,640000,640000,1385.6406460551018,3840000,9.643856189774725,9.643856189774725,9.643856189774725,28.931568569324174,1.0,1.0,1.0,0.3333333333333333,0.3333333333333333,0.3333333333333333,800.0,229.13936293319264,262144000000000000,209.30946296917224
800,800,800,gaussian-filter,3.921887969970703,512000000,640000,640000,640000,1385.6406460551018,3840000,9.643856189774725,9.643856189774725,9.643856189774725,28.931568569324174,1.0,1.0,1.0,0.3333333333333333,0.3333333333333333,0.3333333333333333,800.0,229.13936293319264,262144000000000000,209.30946296917224
800,800,800,gst3d,115.6418670654297,512000000,640000,640000,640000,1385.6406460551018,3840000,9.643856189774725,9.643856189774725,9.643856189774725,28.931568569324174,1.0,1.0,1.0,0.3333333333333333,0.3333333333333333,0.3333333333333333,800.0,229.13936293319264,262144000000000000,209.30946296917224
